-0.3,0.0,-0.0019620000008638886,-2.1269418776466e-16,0.012765501237593185,-1.3575923945003175e-18,0.0,0.0,-0.19620000008638883,-4.319441657173899e-09,-1.0634276123664519e-14,0.6382837296910315,0.0,0.0,0.0,0.218038,0.0,0.0,0.0,0.0,0.0,-4.803799999999999,-0.3,0.0,-0.12,0.0,0.0,5.0,0.0,-0.0,0.05499887466430664,41497.5,12.572570305979413,149.9031587452
-0.3000000000000096,-1.601854826299696e-28,-0.00784800000334479,-3.6955393630274722e-16,0.023291341659320428,-4.422401723068653e-18,-9.614550732596762e-13,-1.6018548262996956e-26,-0.3924000001617014,-3.765935894970854e-09,-7.840384560739995e-15,0.5263076009960371,0.0,0.0,0.0,0.312152,0.0,0.0,0.0,0.0,0.0,-4.607599999999998,-0.3,0.0,-0.2200000000008639,0.0,0.0,4.60759999991361,-2.1269418776466e-16,0.012765501237593185,0.26200056076049805,34455,10.698120343156374,112.89042684841495
-0.30000000000004323,-7.090928686578456e-28,-0.017658000007197236,-4.803775327682554e-16,0.03197054179835139,-8.112161227503325e-18,-2.402089809212358e-12,-3.887219033979064e-26,-0.5886000002235431,-3.0929197197895376e-09,-5.5362722905265275e-15,0.43397758117896373,0.0,0.0,0.0,0.4023419999999999,0.0,0.0,0.0,0.0,0.0,-4.411399999999997,-0.3000000000000096,-1.601854826299696e-28,-0.3200000000033448,-9.614550732596762e-13,-1.6018548262996956e-26,4.215199999838297,-3.6955393630274722e-16,0.023291341659320428,0.4179997444152832,28067.4,8.989843589665902,85.16217136444143
-0.30000000000010574,-1.703262264661687e-27,-0.03139200001211927,-5.53225819174823e-16,0.039127114359678646,-1.1813020205655879e-17,-3.844995709858762e-12,-6.05447492605935e-26,-0.78480000026866,-2.2570023082830135e-09,-3.63599625763989e-15,0.3578457696384802,0.0,0.0,0.0,0.4886079999999999,0.0,0.0,0.0,0.0,0.0,-4.215199999999996,-0.30000000000004323,-7.090928686578456e-28,-0.42000000000719717,-2.402089809212358e-12,-3.887219033979064e-26,3.822799999776454,-4.803775327682554e-16,0.03197054179835139,0.5779998302459717,22334.4,7.447013656662312,66.70929177229714
-0.300000000000192,-3.0458140430484165e-27,-0.049050000017730466,-5.94743964005643e-16,0.045028202957088335,-1.5203151710836544e-17,-4.7766842146387145e-12,-7.371042857807943e-26,-0.9810000002924598,-1.1908957351513598e-09,-2.0688803937877213e-15,0.29507005023038646,0.0,0.0,0.0,0.5709499999999998,0.0,0.0,0.0,0.0,0.0,-4.018999999999995,-0.30000000000010574,-1.703262264661687e-27,-0.5200000000121191,-3.844995709858762e-12,-6.05447492605935e-26,3.430399999731336,-5.53225819174823e-16,0.039127114359678646,0.732999324798584,17256.2,6.069140861350914,57.5246534806629
-0.3000000000002856,-4.494399198229207e-27,-0.07063200002353658,-6.104138958799399e-16,0.0498940711157199,-1.8138523876267306e-17,-4.582530884399513e-12,-7.114808693999961e-26,-1.1772000002881506,2.156636751163628e-10,-7.765756198509111e-16,0.24330712111655933,0.0,0.0,0.0,0.6493679999999997,0.0,0.0,0.0,0.0,0.0,-3.8227999999999955,-0.300000000000192,-3.0458140430484165e-27,-0.6200000000177304,-4.7766842146387145e-12,-7.371042857807943e-26,3.037999999707535,-5.94743964005643e-16,0.045028202957088335,0.8869993686676025,12832.8,4.855895686412616,57.6026244013967
-0.30000000000035576,-5.6544497836367185e-27,-0.09613800002886878,-6.047616332219805e-16,0.053906333447402824,-2.0579610697630426e-17,-2.4312484339030217e-12,-4.48569716007515e-26,-1.3734000002450697,2.156744514259863e-09,2.8896151854066475e-16,0.2006248911672015,0.0,0.0,0.0,0.7238619999999997,0.0,0.0,0.0,0.0,0.0,-3.6265999999999963,-0.3000000000002856,-4.494399198229207e-27,-0.7200000000235363,-4.582530884399513e-12,-7.114808693999961e-26,2.6455999997118447,-6.104138958799399e-16,0.0498940711157199,1.041999340057373,9064.11,3.8070569057687313,66.93873097524116
-0.30000000000035043,-5.9469082081460105e-27,-0.12556800003276994,-5.815229104149241e-16,0.057214739711987046,-2.254499817951659e-17,2.9659520016404355e-12,1.5611129149822298e-26,-1.569600000145045,5.008516554832316e-09,1.1674625391967094e-15,0.1654302840993131,0.0,0.0,0.0,0.7944319999999996,0.0,0.0,0.0,0.0,0.0,-3.430399999999997,-0.30000000000035576,-5.6544497836367185e-27,-0.8200000000288684,-2.4312484339030217e-12,-4.48569716007515e-26,2.2531999997549264,-6.047616332219805e-16,0.053906333447402824,1.1970000267028809,5950.16,2.922476424809309,85.52940031126079
-0.29999999999908966,6.5560853180949e-27,-0.1589220000146951,-5.437910684034169e-16,0.05994191248220634,-2.408209698647064e-17,1.2310914538795726e-10,1.2346882234742686e-24,-1.7657999980474723,1.0505052342038102e-07,1.8912064141234163e-15,0.1363670043713286,0.0,0.0,0.0,0.8610779999999996,0.0,0.0,0.0,0.0,0.0,-3.2341999999999977,-0.30000000000035043,-5.9469082081460105e-27,-0.9200000000327695,2.9659520016404355e-12,1.5611129149822298e-26,1.860799999854952,-5.815229104149241e-16,0.057214739711987046,1.3539526462554932,3490.95,2.2020548809745644,113.37176506662976
-0.2999999999952262,4.393648979025566e-26,-0.1961999999522945,-4.940886508379197e-16,0.06219107566382903,-2.5251456828365767e-17,2.632416035380615e-10,2.503352223741808e-24,-1.9619999957124683,1.1696024058011813e-07,2.488842554204466e-15,0.11246514086515953,0.0,0.0,0.0,0.9237999999999995,0.0,0.0,0.0,0.0,0.0,-3.0379999999999985,-0.29999999999908966,6.5560853180949e-27,-1.0200000000146947,1.2310914538795726e-10,1.2346882234742686e-24,1.4684000019525254,-5.437910684034169e-16,0.05994191248220634,1.5079691410064697,1686.48,1.6457282197133078,150.46352895437278
-0.29999999998812305,1.085715237341674e-25,-0.23740199983702254,-4.345291835918263e-16,0.06404594041196454,-2.611440534725082e-17,4.4707503258021503e-10,3.960151170649365e-24,-2.1581999927603346,1.4789259036067542e-07,2.9808806366393483e-15,0.0927490413633793,0.0,0.0,0.0,0.9825979999999995,0.0,0.0,0.0,0.0,0.0,-2.841799999999999,-0.2999999999952262,4.393648979025566e-26,-1.119999999952294,2.632416035380615e-10,2.503352223741808e-24,1.0760000042875302,-4.940886508379197e-16,0.06219107566382903,1.6619696617126465,536.753,1.2534519887383242,196.80279884724968
-0.29999999997293775,2.3000224186017403e-25,-0.2825279995948736,-3.668461616617854e-16,0.06557556002235385,-2.6728594488005162e-17,1.0714518682258683e-09,8.182920641951297e-24,-2.3543999830247775,4.877779055065007e-07,3.386352400158902e-15,0.076485792646839,0.0,0.0,0.0,1.0374719999999995,0.0,0.0,0.0,0.0,0.0,-2.6456,-0.29999999998812305,1.085715237341674e-25,-1.2199999998370221,4.4707503258021503e-10,3.960151170649365e-24,0.6836000072396646,-4.345291835918263e-16,0.06404594041196454,1.8229701519012451,41.7682,1.0251979298121177,252.3880625210236
-0.29996991291959313,1.676313170812733e-19,-0.3311198423864683,-3.0642154473267064e-16,0.06683689237491071,-2.7154133915157373e-17,0.0030087042630094272,1.6763100524982504e-17,-2.504784296134695,2.2957185477018403,3.0228289627417528e-15,0.06307060024389805,0.0,0.0,0.0,1.0884219999999996,0.0,0.0,0.0,0.0,0.0,-2.4494000000000007,-0.29999999997293775,2.3000224186017403e-25,-1.3199999995948732,1.0714518682258683e-09,8.182920641951297e-24,0.29120001697522246,-3.668461616617854e-16,0.06557556002235385,1.9839704036712646,24.6894,1.2244638789802902,317.2180889274569
-0.2998549312617213,7.528639742218646e-19,-0.38235872996640363,-2.580181788425266e-16,0.06770272736172699,-2.7399043665045817e-17,0.008489461524171805,4.176016518907662e-17,-2.619104461858836,4.103153044061909,2.421144469601183e-15,0.04329448876144906,0.0,0.0,0.0,1.1354479999999993,0.0,0.0,0.0,0.0,0.0,-2.2532000000000014,-0.29996991291959313,1.676313170812733e-19,-1.4195418423864679,0.0030087042630094272,1.6763100524982504e-17,-0.0553842961346942,-3.0642154473267064e-16,0.06683689237491071,2.1599490642547607,32.3467,1.8981992826300655,387.85741360605545
-0.2996091752752507,1.8757199196684296e-18,-0.43558247066100575,-2.2003393720417702e-16,0.06809673190927695,-2.749343853248057e-17,0.01608613712288219,7.052542935557989e-17,-2.70326960760138,5.614605517897352,1.8996525632089118e-15,0.019701474841180042,0.0,0.0,0.0,1.1785499999999995,0.0,0.0,0.0,0.0,0.0,-2.057000000000002,-0.2998549312617213,7.528639742218646e-19,-1.517806729966403,0.008489461524171805,4.176016518907662e-17,-0.36590446185883474,-2.580181788425266e-16,0.06770272736172699,2.3278963565826416,41.3436,2.8423051908810493,463.28505923150317
-0.299192207187928,3.591604312891195e-18,-0.4902133482685673,-1.9085909178213152e-16,0.06797448319918561,-2.7468264720754944e-17,0.02561067160938653,1.0106300996669662e-16,-2.7598181531547685,6.9987937328940495,1.45874907630472e-15,-0.006112822605187919,0.0,0.0,0.0,1.2177279999999997,0.0,0.0,0.0,0.0,0.0,-1.8608000000000022,-0.2996091752752507,1.8757199196684296e-18,-1.6141324706610054,0.01608613712288219,7.052542935557989e-17,-0.6462696076013779,-2.2003393720417702e-16,0.06809673190927695,2.498891830444336,51.3054,4.0080323666922695,542.4853778346286
-0.298568173625741,5.9240040384609625e-18,-0.5457292147814597,-1.6906966125553848e-16,0.06730844066459189,-2.734812605901568e-17,0.03679268460931489,1.321769625902802e-16,-2.7917684981344775,8.231492359987802,1.089134489554129e-15,-0.03330423700571719,0.0,0.0,0.0,1.2529819999999998,0.0,0.0,0.0,0.0,0.0,-1.664600000000002,-0.299192207187928,3.591604312891195e-18,-1.707941348268567,0.02561067160938653,1.0106300996669662e-16,-0.8990181531547663,-1.9085909178213152e-16,0.06797448319918561,2.6568918228149414,61.919,5.297973633504865,624.3047660117908
-0.29770645735649476,8.880489725533833e-18,-0.6016594719717241,-1.534070890642303e-16,0.06608991185847118,-2.715121462090079e-17,0.04937894231530667,1.6347160611700693e-16,-2.8012572208919484,9.356750896088107,7.825220025788708e-16,-0.06093030973408013,0.0,0.0,0.0,1.284312,0.0,0.0,0.0,0.0,0.0,-1.468400000000002,-0.298568173625741,5.9240040384609625e-18,-1.7987112147814597,0.03679268460931489,1.321769625902802e-16,-1.1271684981344754,-1.6906966125553848e-16,0.06730844066459189,2.8238918781280518,72.9323,6.678073961451991,707.7043354503701
-0.29658169038857984,1.2464868336719585e-17,-0.6575738594541322,-1.42808353060087e-16,0.06432498344732916,-2.6889258406942196e-17,0.06309775447618249,1.9496625500156826e-16,-2.7901815273488606,10.386459808432521,5.291169649255335e-16,-0.08825205344098824,0.0,0.0,0.0,1.311718,0.0,0.0,0.0,0.0,0.0,-1.2722000000000018,-0.29770645735649476,8.880489725533833e-18,-1.885971471971724,0.04937894231530667,1.6347160611700693e-16,-1.3328572208919465,-1.534070890642303e-16,0.06608991185847118,2.981891393661499,84.1283,8.108732816616229,791.6394650205148
-0.2951741175841007,1.6683787860513224e-17,-0.7130788315327664,-1.363978850805211e-16,0.062033212864641196,-2.656868055919571e-17,0.07765952597173076,2.2692569737779554e-16,-2.76031568051457,11.326717562250073,3.1953181722276233e-16,-0.11459590849965944,0.0,0.0,0.0,1.3352,0.0,0.0,0.0,0.0,0.0,-1.0760000000000016,-0.29658169038857984,1.2464868336719585e-17,-1.969291859454132,0.06309775447618249,1.9496625500156826e-16,-1.5179815273488588,-1.42808353060087e-16,0.06432498344732916,3.136892557144165,95.318,9.554612184998389,875.104851231813
-0.29346987250387163,2.155063855861994e-17,-0.7678152099677604,-1.334693011758281e-16,0.05924653335350339,-2.6191971597735587e-17,0.09276498205117639,2.597593724328761e-16,-2.713322162984831,12.183109390859068,1.452971029727848e-16,-0.13934306916700304,0.0,0.0,0.0,1.354758,0.0,0.0,0.0,0.0,0.0,-0.8798000000000015,-0.2951741175841007,1.6683787860513224e-17,-2.0482788315327665,0.07765952597173076,2.2692569737779554e-16,-1.6843156805145683,-1.363978850805211e-16,0.062033212864641196,3.294893741607666,106.338,10.987064728276419,957.147299759301
-0.29146108438052926,2.7087783724763706e-17,-0.821456010671598,-1.334648024352356e-16,0.05600788988442873,-2.5759000864628333e-17,0.10811383028306237,2.939551441815005e-16,-2.650757907398932,12.960953582874437,-1.021986054595371e-18,-0.1619429358799677,0.0,0.0,0.0,1.3703919999999998,0.0,0.0,0.0,0.0,0.0,-0.6836000000000013,-0.29346987250387163,2.155063855861994e-17,-2.1225732099677606,0.09276498205117639,2.597593724328761e-16,-1.8335221629848297,-1.334693011758281e-16,0.05924653335350339,3.4458932876586914,117.049,12.383307471348463,1036.8699075285617
-0.2891458137456311,3.332771562265836e-17,-0.8737043743361477,-1.359522448513716e-16,0.052369620904736236,-2.5268174832408116e-17,0.12341323320675673,3.300380456079654e-16,-2.574078459056049,13.665400200665347,-1.2570974422378572e-16,-0.18192581960455112,0.0,0.0,0.0,1.3821019999999997,0.0,0.0,0.0,0.0,0.0,-0.4874000000000012,-0.29146108438052926,2.7087783724763706e-17,-2.191848010671598,0.10811383028306237,2.939551441815005e-16,-1.9671579073989307,-1.334648024352356e-16,0.05600788988442873,3.6078338623046875,127.332,13.725654473540786,1113.4353607764638
-0.28652782975085245,4.031354452785409e-17,-0.9242916609864164,-1.4060852322140179e-16,0.048391634108467016,-2.4717398809105968e-17,0.13838516627110736,3.685448449116072e-16,-2.484650205970818,14.30101899692854,-2.34216811957573e-16,-0.19891323753654772,0.0,0.0,0.0,1.389888,0.0,0.0,0.0,0.0,0.0,-0.2912000000000013,-0.2891458137456311,3.332771562265836e-17,-2.2558063743361476,0.12341323320675673,3.300380456079654e-16,-2.0866784590560474,-1.359522448513716e-16,0.052369620904736236,3.7788350582122803,137.084,15.00016958878641,1186.0685125442774
-0.2836162435817119,4.809911954716615e-17,-0.9729756864177279,-1.4719925996679854e-16,0.04413946975883304,-2.4104840798811092e-17,0.15277345064294973,4.10012657019599e-16,-2.3837523371603457,14.872303653006279,-3.309766947080842e-16,-0.21262353364899284,0.0,0.0,0.0,1.3937499999999998,0.0,0.0,0.0,0.0,0.0,-0.09500000000000125,-0.28652782975085245,4.031354452785409e-17,-2.3141796609864165,0.13838516627110736,3.685448449116072e-16,-2.1934502059708167,-1.4060852322140179e-16,0.048391634108467016,3.949833631515503,146.223,16.19665209127123,1254.0596629635374
-0.280425015116459,5.674898698683363e-17,-1.0195390380011602,-1.5556555058157384e-16,0.03968228388084756,-2.3429508807577335e-17,0.16634939588234204,4.549740869471483e-16,-2.272582821182868,15.383459107217416,-4.197598610620776e-16,-0.2228758854363476,0.0,0.0,0.0,1.393688,0.0,0.0,0.0,0.0,0.0,0.10119999999999876,-0.2836162435817119,4.809911954716615e-17,-2.3667256864177277,0.15277345064294973,4.10012657019599e-16,-2.2887523371603447,-1.4719925996679854e-16,0.04413946975883304,4.121834993362427,154.677,17.30777635280785,1316.766189294097
-0.2769723591498646,6.633830728467989e-17,-1.0637875016167422,-1.6560899699668093e-16,0.035090839946499634,-2.2691666389658074e-17,0.1789162007770962,5.039579428374775e-16,-2.1522635403753285,15.83843266458081,-5.035891781465377e-16,-0.22958988140640882,0.0,0.0,0.0,1.3897019999999998,0.0,0.0,0.0,0.0,0.0,0.2973999999999988,-0.280425015116459,5.674898698683363e-17,-2.4132270380011605,0.16634939588234204,4.549740869471483e-16,-2.3737828211828664,-1.5556555058157384e-16,0.03968228388084756,4.281832456588745,162.39,18.328630345880345,1373.614278918149
-0.2732800768079561,7.695280973328269e-17,-1.1055485820264885,-1.7728304606562668e-16,0.03043557470669796,-2.1893111848846956e-17,0.19031203341375308,5.57492302022803e-16,-2.0238445005993033,16.24095024826064,-5.850559625156435e-16,-0.23278181736425643,0.0,0.0,0.0,1.381792,0.0,0.0,0.0,0.0,0.0,0.4935999999999987,-0.2769723591498646,6.633830728467989e-17,-2.453489501616742,0.1789162007770962,5.039579428374775e-16,-2.4496635403753273,-1.6560899699668093e-16,0.035090839946499634,4.45083475112915,169.318,19.256341745683365,1424.1002139798022
-0.2693728375792188,8.868883819219065e-17,-1.1446700589879475,-1.905837148660583e-16,0.025784797920605097,-2.1037341438568158e-17,0.2004118894599713,6.161105438679933e-16,-1.8883031955465657,16.594750718996032,-6.662897906758524e-16,-0.2325580059635031,0.0,0.0,0.0,1.369958,0.0,0.0,0.0,0.0,0.0,0.6897999999999989,-0.2732800768079561,7.695280973328269e-17,-2.4873405820264884,0.19031203341375308,5.57492302022803e-16,-2.517444500599302,-1.7728304606562668e-16,0.03043557470669796,4.626832723617554,175.425,20.090100222209607,1467.791185853963
-0.2652774424640686,1.0165349466269775e-16,-1.1810186894172499,-2.0554179876532666e-16,0.02120307062516638,-2.012962219011654e-17,0.20912762205505137,6.803551031827158e-16,-1.746559847383646,16.90278605454092,-7.490328022875366e-16,-0.22910585413140172,0.0,0.0,0.0,1.3542,0.0,0.0,0.0,0.0,0.0,0.885999999999999,-0.2693728375792188,8.868883819219065e-17,-2.5146280589879475,0.2004118894599713,6.161105438679933e-16,-2.5781031955465643,-1.905837148660583e-16,0.025784797920605097,4.79683256149292,180.689,20.829514229300564,1504.3249970076372
-0.2610220912187883,1.1596489316560804e-16,-1.2144789923399015,-2.222190111078156e-16,0.016749834917974517,-1.9176991602072342e-17,0.2164075024729814,7.507847471083128e-16,-1.5994704448815233,17.1683291651491,-8.348361897874427e-16,-0.22268129093138617,0.0,0.0,0.0,1.334518,0.0,0.0,0.0,0.0,0.0,1.0821999999999992,-0.2652774424640686,1.0165349466269775e-16,-2.53521868941725,0.20912762205505137,6.803551031827158e-16,-2.6325598473836447,-2.0554179876532666e-16,0.02120307062516638,4.969832897186279,185.093,21.476186267620868,1533.4119073087563
-0.25663567354475236,1.3175253978481273e-16,-1.244952028129358,-2.407036482543788e-16,0.012478278240308732,-1.8188186577332335e-17,0.222234264930617,8.279799148121551e-16,-1.447833134064115,17.394305530648836,-9.250361479089376e-16,-0.21359704495843113,0.0,0.0,0.0,1.310912,0.0,0.0,0.0,0.0,0.0,1.2783999999999993,-0.2610220912187883,1.1596489316560804e-16,-2.5489969923399016,0.2164075024729814,7.507847471083128e-16,-2.6816704448815223,-2.222190111078156e-16,0.016749834917974517,5.137833595275879,188.631,22.03236809861355,1554.8328887605578
-0.2521471073261376,1.491578166551937e-16,-1.2723542888194888,-2.6110757156021463e-16,0.008434479164234964,-1.7173519925891545e-17,0.22662235693085758,9.125477722259418e-16,-1.292392934948929,17.583378869344944,-1.0208192328954416e-15,-0.20220856983106975,0.0,0.0,0.0,1.283382,0.0,0.0,0.0,0.0,0.0,1.4745999999999995,-0.25663567354475236,1.3175253978481273e-16,-2.555864028129358,0.222234264930617,8.279799148121551e-16,-2.726233134064114,-2.407036482543788e-16,0.012478278240308732,5.292834281921387,191.303,22.500901876645738,1568.4395133337412
-0.2475847381371899,1.6833457109476073e-16,-1.296616644443453,-2.835636806123922e-16,0.004656832902243402,-1.6144710837826307e-17,0.22961456196391378,1.0051276717307593e-15,-1.1338426274475037,17.738146321086916,-1.1232463375569598e-15,-0.18890005721576386,0.0,0.0,0.0,1.251928,0.0,0.0,0.0,0.0,0.0,1.6707999999999996,-0.2521471073261376,1.491578166551937e-16,-2.5557362888194888,0.22662235693085758,9.125477722259418e-16,-2.766992934948928,-2.6110757156021463e-16,0.008434479164234964,5.468834400177002,193.116,22.885398345434623,1574.153409527352
-0.24297581119244138,1.8944984031621315e-16,-1.317683201064069,-3.0822518549239215e-16,0.0011757461884866675,-1.5114672798230684e-17,0.23127813251094104,1.10639925041448e-15,-0.972813034614108,17.86167331627126,-1.233342024367381e-15,-0.17407096610984826,0.0,0.0,0.0,1.2165500000000002,0.0,0.0,0.0,0.0,0.0,1.8669999999999998,-0.2475847381371899,1.6833457109476073e-16,-2.548544644443453,0.22961456196391378,1.0051276717307593e-15,-2.804642627447503,-2.835636806123922e-16,0.004656832902243402,5.643908977508545,194.085,23.19105512198899,1571.9648968480703
-0.2383460266135003,2.1268455231042707e-16,-1.3355106129675824,-3.352658211279382e-16,-0.001986414533157769,-1.4097262145609258e-17,0.23170032538316726,1.2170719490069134e-15,-0.809928155737226,17.954256353637042,-1.3521410259208357e-15,-0.1581233544768887,0.0,0.0,0.0,1.177248,0.0,0.0,0.0,0.0,0.0,2.0631999999999997,-0.24297581119244138,1.8944984031621315e-16,-2.5342332010640694,0.23127813251094104,1.10639925041448e-15,-2.8398130346141075,-3.0822518549239215e-16,0.0011757461884866675,5.814832448959351,194.227,23.418718305727907,1561.929616709062
-0.2337191781846521,2.3823422912691e-16,-1.3500676636830964,-3.6487816885445786e-16,-0.004815128213009493,-1.3107003308308031e-17,0.230984517501654,1.3378957326413782e-15,-0.6457769158141571,18.017597543444598,-1.480593055370482e-15,-0.1414495403278475,0.0,0.0,0.0,1.1340220000000003,0.0,0.0,0.0,0.0,0.0,2.259399999999999,-0.2383460266135003,2.1268455231042707e-16,-2.5127586129675823,0.23170032538316726,1.2170719490069134e-15,-2.8731281557372257,-3.352658211279382e-16,-0.001986414533157769,5.980833292007446,193.568,23.572350991180272,1544.175479980656
-0.22911687515385035,2.663099435940493e-16,-1.3613342524910224,-3.972716691021608e-16,-0.007303350595152756,-1.2158787003703897e-17,0.22924578557852254,1.469675714072554e-15,-0.4808819649784408,18.054956847618666,-1.619546930457017e-15,-0.12442341323765788,0.0,0.0,0.0,1.086872,0.0,0.0,0.0,0.0,0.0,2.4555999999999982,-0.2337191781846521,2.3823422912691e-16,-2.484089663683097,0.230984517501654,1.3378957326413782e-15,-2.905176915814156,-3.6487816885445786e-16,-0.004815128213009493,6.127831935882568,192.14,23.65922542597327,1518.8966312384136
-0.22455835133156488,2.971393997182508e-16,-1.3693002873632685,-4.3267416023379976e-16,-0.009450968120438281,-1.126755279911444e-17,0.2266065966500243,1.6132698983475976e-15,-0.3157215222461387,18.068504011807782,-1.7699266010825392e-15,-0.10739155647045587,0.0,0.0,0.0,1.0357980000000002,0.0,0.0,0.0,0.0,0.0,2.6517999999999975,-0.22911687515385035,2.663099435940493e-16,-2.4482062524910226,0.22924578557852254,1.469675714072554e-15,-2.936481964978439,-3.972716691021608e-16,-0.007303350595152756,6.284832239151001,189.977,23.684989357053485,1486.3461756295922
-0.22006035605097643,3.309680134633059e-16,-1.3739648512142117,-4.713331163553585e-16,-0.011264108009848124,-1.0447963122802683e-17,0.22319293140881985,1.7695914761579152e-15,-0.15073486284819068,18.06013953693522,-1.932715949003379e-15,-0.09066605356567223,0.0,0.0,0.0,0.9808000000000002,0.0,0.0,0.0,0.0,0.0,2.8479999999999968,-0.22455835133156488,2.971393997182508e-16,-2.405098287363269,0.2266065966500243,1.6132698983475976e-15,-2.967521522246136,-4.3267416023379976e-16,-0.009450968120438281,6.440833806991577,187.117,23.655117061576114,1446.8369223807729
-0.21563711840214966,3.6806003959420857e-16,-1.3753354696497364,-5.135150705989434e-16,-0.012754351240592883,-9.714078598384642e-18,0.21913083347385803,1.9396111369323485e-15,0.013673019295715308,18.031538017037427,-2.108868054221346e-15,-0.07451963132407485,0.0,0.0,0.0,0.9218780000000003,0.0,0.0,0.0,0.0,0.0,3.044199999999996,-0.22006035605097643,3.309680134633059e-16,-2.354764851214212,0.22319293140881985,1.7695914761579152e-15,-2.9987348628481874,-4.713331163553585e-16,-0.011264108009848124,6.5968337059021,183.603,23.57494422538615,1400.7397438169655
-0.2113003759524742,4.086997436465997e-16,-1.3734274537508704,-5.595077163459084e-16,-0.013937886754408914,-9.079041792516886e-18,0.21454341149368655,2.1243592683067675e-15,0.17712857059090648,17.98424032436956,-2.2994392426780797e-15,-0.05918272050182765,0.0,0.0,0.0,0.8590320000000004,0.0,0.0,0.0,0.0,0.0,3.2403999999999953,-0.21563711840214966,3.6806003959420857e-16,-2.2972134696497366,0.21913083347385803,1.9396111369323485e-15,-3.0305269807042805,-5.135150705989434e-16,-0.012754351240592883,6.759832143783569,179.482,23.449802066156348,1348.4817859517386
-0.20705945865080905,4.5319262443057e-16,-1.3682632907602417,-6.096197875715202e-16,-0.014834640489730523,-8.554777830879073e-18,0.20954831867283058,2.3249288100902606e-15,0.3392877284720043,17.91969844818395,-2.505478281835592e-15,-0.044842196715782746,0.0,0.0,0.0,0.7922620000000005,0.0,0.0,0.0,0.0,0.0,3.4365999999999945,-0.2113003759524742,4.086997436465997e-16,-2.2324594537508706,0.21454341149368655,2.1243592683067675e-15,-3.063271429409089,-5.595077163459084e-16,-0.013937886754408914,6.9099040031433105,174.801,23.285069190750544,1290.544368111065
-0.2029214181251799,5.018666860592457e-16,-1.3598720776194888,-6.641825237238971e-16,-0.015467408749201104,-8.15172074118122e-18,0.20425573389008528,2.5424773527772968e-15,0.49983358560327285,17.839255732373342,-2.7281059502487176e-15,-0.03164159740468465,0.0,0.0,0.0,0.7215680000000005,0.0,0.0,0.0,0.0,0.0,3.632799999999994,-0.20705945865080905,4.5319262443057e-16,-2.1605252907602424,0.20954831867283058,2.3249288100902606e-15,-3.0973122715279904,-6.096197875715202e-16,-0.014834640489730523,7.068833589553833,169.615,23.086110825388246,1227.4607094710648
-0.19889119257108118,5.550737560671017e-16,-1.348288993417326,-7.235495509184871e-16,-0.015861022031264597,-7.878572344477865e-18,0.19876682151978636,2.7782296480083095e-15,0.6584748346129895,17.74418497408268,-2.9684362305987924e-15,-0.019682645559990185,0.0,0.0,0.0,0.6469500000000007,0.0,0.0,0.0,0.0,0.0,3.828999999999993,-0.2029214181251799,5.018666860592457e-16,-2.0814400776194892,0.20425573389008528,2.5424773527772968e-15,-3.132966414396721,-6.641825237238971e-16,-0.015467408749201104,7.226833343505859,163.977,22.858328439026288,1159.8136810876354
-0.1949717977866539,6.131908478831311e-16,-1.3335548037627922,-7.880981930517082e-16,-0.016041559985917095,-7.742100086853553e-18,0.19317265692294266,3.033479533594641e-15,0.8149441308403925,17.635683087072955,-3.2276482148225803e-15,-0.009027806646952425,0.0,0.0,0.0,0.5684080000000008,0.0,0.0,0.0,0.0,0.0,4.025199999999993,-0.19889119257108118,5.550737560671017e-16,-1.9952389934173267,0.19876682151978636,2.7782296480083095e-15,-3.1705251653870037,-7.235495509184871e-16,-0.015861022031264597,7.382833480834961,157.948,22.607132968970483,1088.2334255791543
-0.19116453538527642,6.766215600641705e-16,-1.3157153991242472,-8.582304733430623e-16,-0.016035634179910226,-7.746978626459864e-18,0.18755358321480758,3.309591684509304e-15,0.9689963330141081,17.514863624709935,-3.506971011212595e-15,0.0002963201340858764,0.0,0.0,0.0,0.485942000000001,0.0,0.0,0.0,0.0,0.0,4.221399999999994,-0.1949717977866539,6.131908478831311e-16,-1.901962803762793,0.19317265692294266,3.033479533594641e-15,-3.2102558691596004,-7.880981930517082e-16,-0.016041559985917095,7.540832996368408,151.587,22.337918524665895,1013.3949785204474
-0.18746921010651627,7.457975116277764e-16,-1.294821363780572,-9.343738484559627e-16,-0.01586975083826386,-7.895679144741348e-18,0.1819789446612085,3.608003471851281e-15,1.1204072013533943,17.38277828646761,-3.807670718559879e-15,0.00829500224864451,0.0,0.0,0.0,0.39955200000000113,0.0,0.0,0.0,0.0,0.0,4.417599999999995,-0.19116453538527642,6.766215600641705e-16,-1.8016573991242482,0.18755358321480758,3.309591684509304e-15,-3.252403666985886,-8.582304733430623e-16,-0.016035634179910226,7.712831735610962,144.958,22.056090670463465,936.0159066624021
-0.1838843491110114,8.211798102975688e-16,-1.2709275724242761,-1.0169830857410507e-15,-0.015569760795115397,-8.188409136702892e-18,0.1765071548892782,3.930226395127959e-15,1.2689719342761936,17.240407590210644,-4.131107874357502e-15,0.015001012635177361,0.0,0.0,0.0,0.30923800000000123,0.0,0.0,0.0,0.0,0.0,4.613799999999996,-0.18746921010651627,7.457975116277764e-16,-1.6943733637805733,0.1819789446612085,3.608003471851281e-15,-3.2971927986466003,-9.343738484559627e-16,-0.01586975083826386,7.867831468582153,138.126,21.76704111403151,856.8538941471181
-0.18040741723121997,9.032605559678433e-16,-1.2440928096803516,-1.1065387816137134e-15,-0.015160400519487282,-8.623103193646054e-18,0.1711860330898654,4.277848171899491e-15,1.4145043401162514,17.08869154868494,-4.478569707638294e-15,0.020470075311063655,0.0,0.0,0.0,0.2150000000000013,0.0,0.0,0.0,0.0,0.0,4.809999999999997,-0.1838843491110114,8.211798102975688e-16,-1.5801655724242774,0.1765071548892782,3.930226395127959e-15,-3.344828065723802,-1.0169830857410507e-15,-0.015569760795115397,8.027832269668579,131.16,21.476194229781406,776.7043672234377
-0.17703502285952774,9.925643475955728e-16,-1.214379432513219,-1.2035504459372554e-15,-0.014664923817797205,-9.195464525151699e-18,0.16605340407935826,4.6525309908734786e-15,1.5568333765970157,16.928397179085966,-4.851498597470414e-15,0.02477633097452732,0.0,0.0,0.0,0.11683800000000134,0.0,0.0,0.0,0.0,0.0,5.006199999999998,-0.18040741723121997,9.032605559678433e-16,-1.459092809680353,0.1711860330898654,4.277848171899491e-15,-3.3954956598837454,-1.1065387816137134e-15,-0.015160400519487282,8.199831485748291,124.128,21.18877421367874,696.3980671253552
-0.17376310851480561,1.0896496116831043e-15,-1.181853215818273,-1.30855801706112e-15,-0.014104823871400426,-9.899053217337473e-18,0.16113803039285884,5.055995417879666e-15,1.6957882928975614,16.759547936840626,-5.251413655174059e-15,0.028007819758516718,0.0,0.0,0.0,0.014752000000001375,0.0,0.0,0.0,0.0,0.0,5.202399999999999,-0.17703502285952774,9.925643475955728e-16,-1.3312174325132202,0.16605340407935826,4.6525309908734786e-15,-3.449366623402982,-1.2035504459372554e-15,-0.014664923817797205,8.357831001281738,117.102,20.908861648056014,616.7989582614355
-0.17058710921034176,1.1951083502864219e-15,-1.1465843995359988,-1.4221400028574126e-15,-0.013499649512311387,-1.072540612634665e-17,0.15646190005352684,5.489878442452092e-15,1.8310933353298722,16.576901048823828,-5.680242038278531e-15,0.030261768849885504,0.0,0.0,0.0,-0.09125799999999862,0.0,0.0,0.0,0.0,0.0,5.3986,-0.17376310851480561,1.0896496116831043e-15,-1.1966052158182745,0.16113803039285884,5.055995417879666e-15,-3.5066117071024374,-1.30855801706112e-15,-0.014104823871400426,8.52683138847351,110.153,20.63200207570124,538.8033282569457
-0.16750211483378877,1.3095674435251085e-15,-1.108647341315363,-1.544883576217545e-15,-0.012866978473307318,-1.1664062623913815e-17,0.15203753760177435,5.956030881416591e-15,1.9626124867337233,16.38745077642988,-6.138416329584534e-15,0.031636743004057374,0.0,0.0,0.0,-0.2011919999999986,0.0,0.0,0.0,0.0,0.0,5.594800000000001,-0.17058710921034176,1.1951083502864219e-15,-1.0553263995360003,0.15646190005352684,5.489878442452092e-15,-3.5675066646701277,-1.4221400028574126e-15,-0.013499649512311387,8.675832748413086,103.356,20.374767261949735,463.3475306534227
-0.1645030330306993,1.4336916993452243e-15,-1.0681188294316764,-1.6774042182822576e-15,-0.01222223387717709,-1.2702920667251374e-17,0.1478706427071716,6.456394700594991e-15,2.0902387016349344,16.19265114722634,-6.627352270722371e-15,0.03224048341129799,0.0,0.0,0.0,-0.3150499999999986,0.0,0.0,0.0,0.0,0.0,5.791000000000002,-0.16750211483378877,1.3095674435251085e-15,-0.9074553413153644,0.15203753760177435,5.956030881416591e-15,-3.6321875132662775,-1.544883576217545e-15,-0.012866978473307318,8.831830501556396,96.7883,20.143949160456096,391.37999047567325
-0.16158471360509055,1.5681854851272018e-15,-1.0250776644765895,-1.820349893883653e-15,-0.011578677647030768,-1.3828501074915822e-17,0.14396129985370393,6.9929838776027586e-15,2.213877793873733,15.993149149376784,-7.148675055145273e-15,0.03218106078328022,0.0,0.0,0.0,-0.43283199999999866,0.0,0.0,0.0,0.0,0.0,5.987200000000003,-0.1645030330306993,1.4336916993452243e-15,-0.7530688294316777,0.1478706427071716,6.456394700594991e-15,-3.7007612983650677,-1.6774042182822576e-15,-0.01222223387717709,8.993751287460327,90.5239,19.945004370339312,323.8705798953392
-0.1587420511021932,1.7137941520188118e-15,-0.979604419845217,-1.974401604756671e-15,-0.010947469312015403,-1.5026216411039536e-17,0.14030495043603225,7.567882811558237e-15,2.333446669263525,15.789502173596048,-7.704038025918603e-15,0.031563605275630194,0.0,0.0,0.0,-0.5545379999999988,0.0,0.0,0.0,0.0,0.0,6.183400000000004,-0.16158471360509055,1.5681854851272018e-15,-0.5922456644765909,0.14396129985370393,6.9929838776027586e-15,-3.77332220612627,-1.820349893883653e-15,-0.011578677647030768,9.165751218795776,84.6395,19.783310727378318,261.80997097438177
-0.15597006179260361,1.871304207404768e-15,-0.9317818498229546,-2.1402832067551425e-15,-0.01033776602349101,-1.6280655863587282e-17,0.13689398052292462,8.183122727037383e-15,2.448810332962708,15.579116731493936,-8.295585763075052e-15,0.030488245769764243,0.0,0.0,0.0,-0.6801679999999989,0.0,0.0,0.0,0.0,0.0,6.379600000000005,-0.1587420511021932,1.7137941520188118e-15,-0.4250664198452182,0.14030495043603225,7.567882811558237e-15,-3.8499533307364793,-1.974401604756671e-15,-0.010947469312015403,9.337751150131226,79.2109,19.659403620891357,206.20761135171347
-0.1532639460043308,2.0415435308735355e-15,-0.881695152397464,-2.318740315625146e-15,-0.009756893000238919,-1.7575784452786928e-17,0.13371759830435553,8.840809619839428e-15,2.55985940958635,15.363274755897553,-8.924408159632261e-15,0.029046588069200293,0.0,0.0,0.0,-0.8097219999999989,0.0,0.0,0.0,0.0,0.0,6.575800000000006,-0.15597006179260361,1.871304207404768e-15,-0.25161384982295576,0.13689398052292462,8.183122727037383e-15,-3.9307896670372973,-2.1402832067551425e-15,-0.01033776602349101,9.503750562667847,74.3116,19.58034796017151,158.09360618386836
-0.1506191472625533,2.2253837223916e-15,-0.829431101789131,-2.510535869029334e-15,-0.009210474373183985,-1.8895247003572074e-17,0.13076227587339534,9.54320953196701e-15,2.666545651246942,15.14503295786682,-9.5913732497135e-15,0.027323695121153107,0.0,0.0,0.0,-0.943199999999999,0.0,0.0,0.0,0.0,0.0,6.772000000000007,-0.1532639460043308,2.0415435308735355e-15,-0.07197315239746505,0.13371759830435553,8.840809619839428e-15,-4.015940590413656,-2.318740315625146e-15,-0.009756893000238919,9.660749912261963,70.0199,19.55585068925943,118.51017004129343
-0.14803139277637015,2.423741878871401e-15,-0.7750775157945063,-2.716474829648317e-15,-0.008702563988235209,-2.022272674170126e-17,0.12801317274491925,1.0292606116013123e-14,2.768812948215544,14.923997866503012,-1.0298584324015772e-14,0.025398089104323538,0.0,0.0,0.0,-1.080601999999999,0.0,0.0,0.0,0.0,0.0,6.968200000000008,-0.1506191472625533,2.2253837223916e-15,0.113768898210868,0.13076227587339534,9.54320953196701e-15,-4.1054543487530655,-2.510535869029334e-15,-0.009210474373183985,9.838750839233398,66.4126,19.59010212163955,88.50806524104685
-0.14549671451446033,2.6375809476677595e-15,-0.7187233707087081,-2.937397972958273e-15,-0.008235833329705063,-2.154219193850086e-17,0.12545465344606072,1.1091300763622723e-14,2.8666015603642805,14.699987252897769,-1.1047833872076744e-14,0.02333889510227264,0.0,0.0,0.0,-1.2219279999999992,0.0,0.0,0.0,0.0,0.0,7.164400000000009,-0.14803139277637015,2.423741878871401e-15,0.3055244842054926,0.12801317274491925,1.0292606116013123e-14,-4.1993870517844645,-2.716474829648317e-15,-0.008702563988235209,10.00475001335144,63.5607,19.68779510767285,69.14906162463838
-0.1430114638393536,2.8679112172469593e-15,-0.6604584466849465,-3.174163538519028e-15,-0.0078117553513773015,-2.2838122970519422e-17,0.12307041406461283,1.1941726194297273e-14,2.959890842011882,14.474954990108948,-1.183999664362415e-14,0.02120604573248539,0.0,0.0,0.0,-1.3671779999999996,0.0,0.0,0.0,0.0,0.0,7.3606000000000105,-0.14549671451446033,2.6375809476677595e-15,0.5032046292912912,0.12545465344606072,1.1091300763622723e-14,-4.297798439635729,-2.937397972958273e-15,-0.008235833329705063,10.162750959396362,61.5403,19.856869742918725,61.50330737146689
-0.14057231786900037,3.1157922233785576e-15,-0.6003728403807128,-3.4276756960312014e-15,-0.007430762708025423,-2.4095785577993156e-17,0.12084418297070781,1.284637441886257e-14,3.048669788411491,14.24938209150794,-1.2677370621391672e-14,0.01905156124538988,0.0,0.0,0.0,-1.516352,0.0,0.0,0.0,0.0,0.0,7.5568000000000115,-0.1430114638393536,2.8679112172469593e-15,0.7067195533150531,0.12307041406461283,1.1941726194297273e-14,-4.400709157988128,-3.174163538519028e-15,-0.0078117553513773015,10.329750299453735,60.4219,20.102939272272447,66.64605478674147
-0.13817627665790944,3.382334544804371e-15,-0.5385566094257187,-3.69886653632673e-15,-0.007092418237511259,-2.530143043845128e-17,0.11875993813838631,1.3807857723718751e-14,3.1329533070879148,14.024563123822123,-1.356135300122291e-14,0.016918936926993564,0.0,0.0,0.0,-1.6694499999999999,0.0,0.0,0.0,0.0,0.0,7.7530000000000125,-0.14057231786900037,3.1157922233785576e-15,0.9159791596192871,0.12084418297070781,1.284637441886257e-14,-4.5081302115885205,-3.4276756960312014e-15,-0.007430762708025423,10.489750385284424,60.2765,20.432770320643584,85.65763486593124
-0.13582065512980507,3.6687022785123135e-15,-0.4750992849706399,-3.988708655791861e-15,-0.006795568152067806,-2.6442486620785638e-17,0.11680221467205198,1.4828915647075493e-14,3.212779138419961,13.801638692897853,-1.4493970035466494e-14,0.014844007722648576,0.0,0.0,0.0,-1.8264720000000003,0.0,0.0,0.0,0.0,0.0,7.949200000000014,-0.13817627665790944,3.382334544804371e-15,1.1308933905742813,0.11875993813838631,1.3807857723718751e-14,-4.620046692912098,-3.69886653632673e-15,-0.007092418237511259,10.642754077911377,61.1723,20.85277165482639,119.62203661903742
-0.13350307013296037,3.9761159827183535e-15,-0.4100893712003469,-4.298216584246753e-15,-0.006538486361721815,-2.7507719080744094e-17,0.11495628501241556,1.591245477352854e-14,3.2882122386093364,13.581968614195766,-1.5477319167996336e-14,0.01285539167211814,0.0,0.0,0.0,-1.9874180000000004,0.0,0.0,0.0,0.0,0.0,8.145400000000013,-0.13582065512980507,3.6687022785123135e-15,1.3513727150293604,0.11680221467205198,1.4828915647075493e-14,-4.7364208615800525,-3.988708655791861e-15,-0.006795568152067806,10.801750183105469,63.175,21.36951532510232,169.62650696337892
-0.13122142500617914,4.305856877058188e-15,-0.34361367520556174,-4.6284604417430215e-15,-0.0063190044208632935,-2.8487361521956046e-17,0.11320822766570743,1.7061634660454918e-14,3.359357360869179,13.36754185523815,-1.6514180574419796e-14,0.010975208823589482,0.0,0.0,0.0,-2.1522880000000004,0.0,0.0,0.0,0.0,0.0,8.34160000000001,-0.13350307013296037,3.9761159827183535e-15,1.5773286287996535,0.11495628501241556,1.591245477352854e-14,-4.857187761390676,-4.298216584246753e-15,-0.006538486361721815,10.954751253128052,66.3488,21.990224446156148,236.76142708314762
-0.12897389285860092,4.659272808831321e-15,-0.2757564386191441,-4.9805802328357776e-15,-0.006134623256294222,-2.937324174984124e-17,0.11154498709211463,1.827995851685842e-14,3.426366297772585,13.160709596657991,-1.7608049081311394e-14,0.009219992251578402,0.0,0.0,0.0,-2.3210820000000005,0.0,0.0,0.0,0.0,0.0,8.537800000000008,-0.13122142500617914,4.305856877058188e-15,1.8086743247944388,0.11320822766570743,1.7061634660454918e-14,-4.982242639130831,-4.6284604417430215e-15,-0.0063190044208632935,11.114749908447266,70.7535,22.722277916467498,322.12104757339677
-0.12675889963200546,5.0377867149674105e-15,-0.2065982369414217,-5.35581379346975e-15,-0.005982609465517319,-3.015889338788332e-17,0.10995433556742995,1.957143209675061e-14,3.489453869999654,12.964622563314395,-1.8763816906716808e-14,0.007601459623362716,0.0,0.0,0.0,-2.4938000000000007,0.0,0.0,0.0,0.0,0.0,8.734000000000005,-0.12897389285860092,4.659272808831321e-15,2.0453255613808565,0.11154498709211463,1.827995851685842e-14,-5.111433702227423,-4.9805802328357776e-15,-0.006134623256294222,11.268750429153442,76.4436,23.57368746311507,426.80532107512903
-0.12457509183685986,5.4428940493734934e-15,-0.13621730172989216,-5.7553890359506184e-15,-0.0058600732503368246,-3.0839667692583365e-17,0.10842644394712808,2.0939301343857624e-14,3.5486396511533,12.76951757783562,-1.9980987919960313e-14,0.006127431527074933,0.0,0.0,0.0,-2.670442000000001,0.0,0.0,0.0,0.0,0.0,8.930200000000003,-0.12675889963200546,5.0377867149674105e-15,2.287201763058579,0.10995433556742995,1.957143209675061e-14,-5.2445461300003515,-5.35581379346975e-15,-0.005982609465517319,11.426750659942627,83.4786,24.535405626204472,551.9232811191779
-0.12242129990762513,5.876154302748095e-15,-0.06469173109455065,-6.180554283064192e-15,-0.005764124331239191,-3.141229779413493e-17,0.10695274897634499,2.23867239936025e-14,3.6039174123808504,12.574103961007285,-2.1260582679738387e-14,0.004797932038462845,0.0,0.0,0.0,-2.851008000000001,0.0,0.0,0.0,0.0,0.0,9.1264,-0.12457509183685986,5.4428940493734934e-15,2.534224698270109,0.10842644394712808,2.0939301343857624e-14,-5.381560348846703,-5.7553890359506184e-15,-0.0058600732503368246,11.580749273300171,91.9309,25.610803770775025,698.581928815908
-0.12029651538777553,6.339190746611707e-15,0.007900327392979065,-6.632588179476437e-15,-0.005691936978156899,-3.187477880061078e-17,0.10552570300861652,2.391692039275878e-14,3.655288436372121,12.378756841892507,-2.2604117330916374e-14,0.003609733362980272,0.0,0.0,0.0,-3.035498000000001,0.0,0.0,0.0,0.0,0.0,9.322599999999998,-0.12242129990762513,5.876154302748095e-15,2.7863162689054506,0.10695274897634499,2.23867239936025e-14,-5.52248258761915,-6.180554283064192e-15,-0.005764124331239191,11.732749462127686,101.874,26.80559738466271,867.8854448557825
-0.11819987093167894,6.833691382804661e-15,0.08148078056465888,-7.11279990312636e-15,-0.005640790207191411,-3.222630055187698e-17,0.10413874260104322,2.5533143226536576e-14,3.70275688079586,12.183619584000585,-2.4013118593817088e-14,0.00255759766440925,0.0,0.0,0.0,-3.223912000000001,0.0,0.0,0.0,0.0,0.0,9.518799999999995,-0.12029651538777553,6.339190746611707e-15,3.04339832739298,0.10552570300861652,2.391692039275878e-14,-5.667311563627877,-6.632588179476437e-15,-0.005691936978156899,11.888750553131104,113.38,28.125196166529975,1060.9349525796554
-0.11613062141162073,7.361409650066848e-15,0.1559716653070507,-7.622525991816363e-15,-0.005608099975340334,-3.246715497145007e-17,0.10278620940477995,2.7238683499682158e-14,3.7463315934433226,11.988926366779026,-2.5488954515480297e-14,0.0016346772058062693,0.0,0.0,0.0,-3.416250000000001,0.0,0.0,0.0,0.0,0.0,9.714999999999993,-0.11819987093167894,6.833691382804661e-15,3.30539278056466,0.10413874260104322,2.5533143226536576e-14,-5.816043119204135,-7.11279990312636e-15,-0.005640790207191411,12.04474925994873,126.522,29.575131356992788,1278.8273082077246
-0.11408812649990387,7.92416506804194e-15,0.23129523117249984,-8.163134407071577e-15,-0.005591441984040824,-3.259863572968368e-17,0.10146328176690667,2.9036858297827126e-14,3.7860249931015932,11.79485546116097,-2.703319637788304e-14,0.0008329839567281328,0.0,0.0,0.0,-3.612512000000001,0.0,0.0,0.0,0.0,0.0,9.91119999999999,-0.11613062141162073,7.361409650066848e-15,3.572221665307052,0.10278620940477995,2.7238683499682158e-14,-5.96866840655667,-7.622525991816363e-15,-0.005608099975340334,12.201748132705688,141.371,31.160857277364755,1522.6542751558134
-0.11207183471067558,8.523843710367878e-15,0.3073740110161293,-8.736019862092777e-15,-0.005588567291938837,-3.262292604185027e-17,0.10016589715592089,3.093100593476657e-14,3.8218529912613555,11.601581264730195,-2.864718186036838e-14,0.00014374916869998056,0.0,0.0,0.0,-3.812698000000001,0.0,0.0,0.0,0.0,0.0,10.107399999999988,-0.11408812649990387,7.92416506804194e-15,3.8438072311725007,0.10146328176690667,2.9036858297827126e-14,-6.125175006898397,-8.163134407071577e-15,-0.005591441984040824,12.358804941177368,157.999,32.887816922102836,1793.5015859082237
-0.11008126898636786,9.162398552189726e-15,0.38413088751901214,-9.342605654614419e-15,-0.0055974114085497306,-3.254298005532016e-17,0.09889067527485274,3.2924478247418254e-14,3.853834659026928,11.409261555324717,-3.0332340317340804e-14,-0.000442250636105412,0.0,0.0,0.0,-4.016808,0.0,0.0,0.0,0.0,0.0,10.303599999999985,-0.11207183471067558,8.523843710367878e-15,4.120072011016131,0.10016589715592089,3.093100593476657e-14,-6.285547008738632,-8.736019862092777e-15,-0.005588567291938837,12.511748790740967,176.477,34.76142202676707,2092.4481198216886
-0.10811601381940754,9.841849682460349e-15,0.46148915482063657,-9.984339015956228e-15,-0.005616097987347012,-3.2362399979751176e-17,0.09763484142117979,3.502063477964405e-14,3.8819920711355174,11.21804634135683,-3.2089868551994555e-14,-0.0009344236087775467,0.0,0.0,0.0,-4.224842,0.0,0.0,0.0,0.0,0.0,10.499799999999983,-0.11008126898636786,9.162398552189726e-15,4.400938887519012,0.09889067527485274,3.2924478247418254e-14,-6.449765340973057,-9.342605654614419e-15,-0.0055974114085497306,12.668748140335083,196.874,36.78706054337225,2420.5651126387193
-0.10617570387130515,1.0564284378774604e-14,0.5393725756543786,-1.0662695347846734e-14,-0.005642938013013199,-3.208531212298236e-17,0.09639615338905955,3.7222834851781416e-14,3.906350012238679,11.028070970449319,-3.392117524535635e-14,-0.0013421372588650646,0.0,0.0,0.0,-4.4368,0.0,0.0,0.0,0.0,0.0,10.69599999999998,-0.10811601381940754,9.841849682460349e-15,4.686331154820636,0.09763484142117979,3.502063477964405e-14,-6.617807928864465,-9.984339015956228e-15,-0.005616097987347012,12.826719999313354,219.26,38.970084882151994,2778.9154351343586
-0.10426001401855117,1.1331857039836036e-14,0.617705433343682,-1.1379171278154287e-14,-0.005676425413945963,-3.171624379951194e-17,0.0951728318863389,3.9534431254361806e-14,3.9269357566916554,10.83945980129201,-3.582732183942458e-14,-0.0016745396989909362,0.0,0.0,0.0,-4.652681999999999,0.0,0.0,0.0,0.0,0.0,10.892199999999978,-0.10617570387130515,1.0564284378774604e-14,4.976172575654378,0.09639615338905955,3.7222834851781416e-14,-6.789649987761301,-1.0662695347846734e-14,-0.005642938013013199,12.979737281799316,243.703,41.31581347951141,3168.552905025638
-0.10236865074343778,1.2146788978403399e-14,0.6964125794866864,-1.2135286365886907e-14,-0.0057152298682575185,-3.12600035501297e-17,0.09396349562499984,4.195876260237451e-14,3.9437788576087964,10.65232666399509,-3.780945503862795e-14,-0.0019404193052793167,0.0,0.0,0.0,-4.872487999999999,0.0,0.0,0.0,0.0,0.0,11.088399999999975,-0.10426001401855117,1.1331857039836036e-14,5.27038743334368,0.0951728318863389,3.9534431254361806e-14,-6.965264243308322,-1.1379171278154287e-14,-0.005676425413945963,13.133738279342651,270.272,43.82952831454156,3590.5216517613308
-0.10050134477134041,1.3011368067924303e-14,0.7754194775402663,-1.2932579013195318e-14,-0.00575818750698566,-3.072156653794093e-17,0.09276710158473689,4.4499146349715906e-14,3.956910947749183,10.46677544915846,-3.986851712504193e-14,-0.00214809956728417,0.0,0.0,0.0,-5.096217999999999,0.0,0.0,0.0,0.0,0.0,11.284599999999973,-0.10236865074343778,1.2146788978403399e-14,5.5689005794866855,0.09396349562499984,4.195876260237451e-14,-7.144621142391179,-1.2135286365886907e-14,-0.0057152298682575185,13.29173731803894,299.034,46.51647268363576,4045.8555268309747
-0.09865784484827503,1.3927948243887128e-14,0.8546522425408358,-1.3772607010122032e-14,-0.005804290127702991,-3.0105966719303845e-17,0.09158289072180059,4.715887124656655e-14,3.966365552307778,10.282900701105737,-4.2005477614138094e-14,-0.0023053646003557355,0.0,0.0,0.0,-5.323871999999998,0.0,0.0,0.0,0.0,0.0,11.48079999999997,-0.10050134477134041,1.3011368067924303e-14,5.871637477540265,0.09276710158473689,4.4499146349715906e-14,-7.32768905225079,-1.2932579013195318e-14,-0.00575818750698566,13.445739030838013,330.056,49.3818490703214,4535.577558209809
-0.09683791254903255,1.4898948859067158e-14,0.9340376771953183,-1.4656943186216737e-14,-0.005852673444307603,-2.941819707318583e-17,0.09041033920244679,4.9941190271436177e-14,3.9721779131404595,10.100788187841996,-4.42210885691079e-14,-0.002419410949837379,0.0,0.0,0.0,-5.555449999999998,0.0,0.0,0.0,0.0,0.0,11.676999999999968,-0.09865784484827503,1.3927948243887128e-14,6.178524242540834,0.09158289072180059,4.715887124656655e-14,-7.514434447692192,-1.3772607010122032e-14,-0.005804290127702991,13.60273790359497,363.402,52.430817078627285,5060.6994473880295
-0.09504131800614583,1.5926853892349605e-14,1.0135033045651196,-1.5587175095633636e-14,-0.005902604815774902,-2.866311887827787e-17,0.0892491150862258,5.284931305680848e-14,3.974384823839678,9.920515442084644,-4.6516086292144335e-14,-0.0024968215364910996,0.0,0.0,0.0,-5.790951999999996,0.0,0.0,0.0,0.0,0.0,11.873199999999965,-0.09683791254903255,1.4898948859067158e-14,6.489487677195316,0.09041033920244679,4.9941190271436177e-14,-7.704822086859508,-1.4656943186216737e-14,-0.005852673444307603,13.759736776351929,399.139,55.66849142711587,5622.221107393383
-0.09326783645262315,1.7014211009790667e-14,1.0929773975542332,-1.6564902460437028e-14,-0.005953470819350904,-2.78453806641088e-17,0.08809904026604165,5.588639868729794e-14,3.9730244750716643,9.742152273021333,-4.889107922123158e-14,-0.002543557877787136,0.0,0.0,0.0,-6.030377999999996,0.0,0.0,0.0,0.0,0.0,12.069399999999963,-0.09504131800614583,1.5926853892349605e-14,6.804455304565116,0.0892491150862258,5.284931305680848e-14,-7.898815176160287,-1.5587175095633636e-14,-0.005902604815774902,13.915738821029663,437.329,59.09994000721109,6221.130240212501
-0.09151724547611201,1.8163630481103286e-14,1.1723890054010189,-1.7591732941878083e-14,-0.006004764963013223,-2.6969347323546993e-17,0.08696005738507506,5.905554844396391e-14,3.968136309606905,9.56576124979634,-5.1346464318969605e-14,-0.002564967051999148,0.0,0.0,0.0,-6.273727999999996,0.0,0.0,0.0,0.0,0.0,12.26559999999996,-0.09326783645262315,1.7014211009790667e-14,7.12335539755423,0.08809904026604165,5.588639868729794e-14,-8.096375524928298,-1.6564902460437028e-14,-0.005953470819350904,14.07373833656311,478.037,62.730182010633115,6858.401952025726
-0.08978932288835398,1.937778394782744e-14,1.2516679773621158,-1.8669282891046985e-14,-0.006056075768573424,-2.60390394415168e-17,0.08583220139072806,6.235979822845158e-14,3.9597608865027887,9.391398158056871,-5.388267606616391e-14,-0.00256580023215082,0.0,0.0,0.0,-6.521001999999995,0.0,0.0,0.0,0.0,0.0,12.461799999999958,-0.09151724547611201,1.8163630481103286e-14,7.446117005401015,0.08696005738507506,5.905554844396391e-14,-8.297463690393055,-1.7591732941878083e-14,-0.006004764963013223,14.227737665176392,521.323,66.564186130582,7534.998404686015
-0.08808384512096354,2.065940304675068e-14,1.3307449837663967,-1.9799172445515626e-14,-0.006107075400763471,-2.505808276452029e-17,0.0847155753483147,6.58021116638727e-14,3.9479397539252865,9.219112430939552,-5.649990373309197e-14,-0.002550239987988699,0.0,0.0,0.0,-6.7721999999999944,0.0,0.0,0.0,0.0,0.0,12.657999999999955,-0.08978932288835398,1.937778394782744e-14,7.772669977362111,0.08583220139072806,6.235979822845158e-14,-8.502039113497169,-1.8669282891046985e-14,-0.006056075768573424,14.384737491607666,567.251,70.60686884078946,8251.86850189326
-0.08640058606629844,2.2011277891603124e-14,1.409551534606887,-2.09830255485806e-14,-0.006157508968990218,-2.4029667545422917e-17,0.08361033011819496,6.938537282137158e-14,3.932715330123738,9.04894755584601,-5.919833753548059e-14,-0.0025219339227923704,0.0,0.0,0.0,-7.027321999999993,0.0,0.0,0.0,0.0,0.0,12.854199999999953,-0.08808384512096354,2.065940304675068e-14,8.102944983766392,0.0847155753483147,6.58021116638727e-14,-8.710060246074669,-1.9799172445515626e-14,-0.006107075400763471,14.54173755645752,615.879,74.86309275595166,9009.94760853937
-0.08473931629015927,2.343625541514185e-14,1.4880199958291125,-2.2222464103234403e-14,-0.006207184586895808,-2.295651733925688e-17,0.0825166474957219,7.311237953250065e-14,3.914130792098824,8.880941458300185,-6.197787534273659e-14,-0.0024840325675070346,0.0,0.0,0.0,-7.286367999999992,0.0,0.0,0.0,0.0,0.0,13.05039999999995,-0.08640058606629844,2.2011277891603124e-14,8.43687353460688,0.08361033011819496,6.938537282137158e-14,-8.921484669876214,-2.09830255485806e-14,-0.006157508968990218,14.697695255279541,667.269,79.33766507644768,9810.157301726882
-0.08309980255099744,2.4937237572941867e-14,1.5660836034653856,-2.3519109031162505e-14,-0.006255964240015823,-2.1840866642343967e-17,0.08143472642045868,7.698583624750069e-14,3.892229971528499,8.71512686411842,-6.483846796609975e-14,-0.002439229789724487,0.0,0.0,0.0,-7.549337999999992,0.0,0.0,0.0,0.0,0.0,13.246599999999948,-0.08473931629015927,2.343625541514185e-14,8.774387995829105,0.0825166474957219,7.311237953250065e-14,-9.136269207901126,-2.2222464103234403e-14,-0.006207184586895808,14.852697134017944,721.477,84.03533611966199,10653.405151993535
-0.08148180756802521,2.6517179412589138e-14,1.6436764757560718,-2.4874574287744373e-14,-0.006303755483163067,-2.0684446696728145e-17,0.08036477187676466,8.100834771722634e-14,3.867057257540127,8.551531641061276,-6.777976692526805e-14,-0.0023898042841687295,0.0,0.0,0.0,-7.8162319999999905,0.0,0.0,0.0,0.0,0.0,13.442799999999945,-0.08309980255099744,2.4937237572941867e-14,9.115421603465377,0.08143472642045868,7.698583624750069e-14,-9.354370028471449,-2.3519109031162505e-14,-0.006255964240015823,15.01069712638855,778.563,88.96079793967581,11540.584533307394
-0.07988508998796146,2.817908701249773e-14,1.7207336233908654,-2.6290467677717777e-14,-0.006350503966100121,-1.9488478712432518e-17,0.07930698612961057,8.518241227363273e-14,3.838657505939244,8.39017912107548,-7.080146451822945e-14,-0.0023376609913270553,0.0,0.0,0.0,-8.08704999999999,0.0,0.0,0.0,0.0,0.0,13.638999999999943,-0.08148180756802521,2.6517179412589138e-14,9.459908475756063,0.08036477187676466,8.100834771722634e-14,-9.575742742459818,-2.4874574287744373e-14,-0.006303755483163067,15.164695739746094,838.582,94.11868303657438,12472.57446043097
-0.0783094045070121,2.992601529443614e-14,1.7971909579955228,-2.776838567073744e-14,-0.006396186767983234,-1.8253673690251356e-17,0.07826156196532391,8.951041592020833e-14,3.8070759545264767,8.231088404176951,-7.390299378779847e-14,-0.002284371540115261,0.0,0.0,0.0,-8.36179199999999,0.0,0.0,0.0,0.0,0.0,13.83519999999994,-0.07988508998796146,2.817908701249773e-14,9.807783623390856,0.07930698612961057,8.518241227363273e-14,-9.800342494060699,-2.6290467677717777e-14,-0.006350503966100121,15.319697618484497,901.59,99.51356315613533,13450.23945228806
-0.07675450211100676,3.1761065715850244e-14,1.8729852989823284,-2.930991180686328e-14,-0.006440806507344792,-1.6980238081194586e-17,0.07722867763521024,9.399462622120158e-14,3.772358144154074,8.074274644970128,-7.7083708038465e-14,-0.0022312130287340196,0.0,0.0,0.0,-8.64045799999999,0.0,0.0,0.0,0.0,0.0,14.031399999999937,-0.0783094045070121,2.992601529443614e-14,10.158982957995514,0.07826156196532391,8.951041592020833e-14,-10.028124045473463,-2.776838567073744e-14,-0.006396186767983234,15.480695724487305,967.643,105.14994818021945,14474.429420003957
-0.07522013040236158,3.3687383844340455e-14,1.9480543788757938,-3.091661430883718e-14,-0.006484386184426455,-1.5667884396132354e-17,0.07620849322930767,9.863718662781918e-14,3.7345498451924737,7.919749322746836,-8.034284117379467e-14,-0.0021792046459116823,0.0,0.0,0.0,-8.923047999999989,0.0,0.0,0.0,0.0,0.0,14.227599999999935,-0.07675450211100676,3.1761065715850244e-14,10.513443298982319,0.07722867763521024,9.399462622120158e-14,-10.259041855845863,-2.930991180686328e-14,-0.006440806507344792,15.636695861816406,1036.79,111.0322851077769,15545.979578326962
-0.07370603398769995,3.570815682178901e-14,2.0223368472186705,-3.259004399095192e-14,-0.006526964705906589,-1.4315845977350137e-17,0.07520114823685481,1.0344011111703587e-13,3.693696989095198,7.7675204960572275,-8.367952252938673e-14,-0.0021291417940767494,0.0,0.0,0.0,-9.209561999999988,0.0,0.0,0.0,0.0,0.0,14.423799999999932,-0.07522013040236158,3.3687383844340455e-14,10.871102378875783,0.07620849322930767,9.863718662781918e-14,-10.493050154807461,-3.091661430883718e-14,-0.006484386184426455,15.790696859359741,1109.09,117.1649571260086,16665.710379177915
-0.07221195490454543,3.78266107249575e-14,2.095772273157297,-3.4331730799958305e-14,-0.006568593037950388,-1.2922895186305325e-17,0.074206760078596,1.0840527919981279e-13,3.649845604767444,7.617593042598706,-8.709270846947521e-14,-0.002081627508672179,0.0,0.0,0.0,-9.499999999999986,0.0,0.0,0.0,0.0,0.0,14.61999999999993,-0.07370603398769995,3.570815682178901e-14,11.231898847218659,0.07520114823685481,1.0344011111703587e-13,-10.730103010904735,-3.259004399095192e-14,-0.006526964705906589,15.946698188781738,1184.6,123.55228277088572,17834.427466113033
-0.07073763306952718,4.004600782794117e-14,2.168301146799569,-3.614318150355707e-14,-0.00660933093156316,-1.1487364285251429e-17,0.07322542342322758,1.135344310985543e-13,3.603041759459753,7.469968885222965,-9.05812397733948e-14,-0.0020371010762176163,0.0,0.0,0.0,-9.794361999999985,0.0,0.0,0.0,0.0,0.0,14.816199999999927,-0.07221195490454543,3.78266107249575e-14,11.595772273157284,0.074206760078596,1.0840527919981279e-13,-10.970154395232486,-3.4331730799958305e-14,-0.006568593037950388,16.10469698905945,1263.36,130.19851517592343,19052.92164852479
-0.06928280673403782,4.2369643771809104e-14,2.2398648794334006,-3.8025876564519587e-14,-0.006649244164012641,-1.0007168332432445e-17,0.07225721012570968,1.18829163288239e-13,3.5533315039234363,7.324647204818918,-9.414380091405539e-14,-0.0019958638403698883,0.0,0.0,0.0,-10.092647999999983,0.0,0.0,0.0,0.0,0.0,15.012399999999925,-0.07073763306952718,4.004600782794117e-14,11.962663146799555,0.07322542342322758,1.135344310985543e-13,-11.213158240540174,-3.614318150355707e-14,-0.00660933093156316,16.25869607925415,1345.42,137.10784140783338,20321.968894445006
-0.06784721293629496,4.480084464757106e-14,2.3104058026884235,-3.998127068224457e-14,-0.00668840224122078,-8.47982942249155e-18,0.07130216964857433,1.242909242879568e-13,3.5007608215788544,7.1816246407887805,-9.777910344925561e-14,-0.0019581022527362735,0.0,0.0,0.0,-10.394857999999982,0.0,0.0,0.0,0.0,0.0,15.208599999999922,-0.06928280673403782,4.2369643771809104e-14,12.332512879433384,0.07225721012570968,1.18829163288239e-13,-11.459068496076489,-3.8025876564519587e-14,-0.006649244164012641,16.414684534072876,1430.83,144.28438188743496,21642.330340853667
-0.06643058794132299,4.7342964002801226e-14,2.3798671667188245,-4.201078622473097e-14,-0.006726876508179008,-6.902501795877206e-18,0.07036032984862295,1.2992101123505987e-13,3.445375581461315,7.0408954797958305,-1.0148553050719406e-13,-0.0019239082761123524,0.0,0.0,0.0,-10.70099199999998,0.0,0.0,0.0,0.0,0.0,15.40479999999992,-0.06784721293629496,4.480084464757106e-14,12.705263802688405,0.07130216964857433,1.242909242879568e-13,-11.707839178421068,-3.998127068224457e-14,-0.00668840224122078,16.56868267059326,1519.65,151.73218989399157,23014.752320436266
-0.06503266766253192,4.999937977728137e-14,2.4481931374806605,-4.411581557763104e-14,-0.006764738617329227,-5.271997298222654e-18,0.06943169803048355,1.3572056621295431e-13,3.3872214947222865,6.902451833426514,-1.0526158268617358e-13,-0.0018932972845841342,0.0,0.0,0.0,-11.011049999999978,0.0,0.0,0.0,0.0,0.0,15.600999999999917,-0.06643058794132299,4.7342964002801226e-14,13.080859166718804,0.07036032984862295,1.2992101123505987e-13,-11.959424418538605,-4.201078622473097e-14,-0.006726876508179008,16.724683046340942,1611.91,159.4552511509509,24439.96640377169
-0.06365318806037286,5.277349117550297e-14,2.515328793172642,-4.629771311839683e-14,-0.006802059308239437,-3.584810801663779e-18,0.068516262185422,1.4169057360920584e-13,3.326344074475861,6.76628380537442,-1.0910535925706163e-13,-0.001866223629834816,0.0,0.0,0.0,-11.325031999999977,0.0,0.0,0.0,0.0,0.0,15.797199999999915,-0.06503266766253192,4.999937977728137e-14,13.459243137480637,0.06943169803048355,1.3572056621295431e-13,-12.21377850527763,-4.411581557763104e-14,-0.006764738617329227,16.87968420982361,1707.67,167.45748349090553,25918.68945597096
-0.062291885515032064,5.5668715482085517e-14,2.581220119905321,-4.855779952338836e-14,-0.006838907455591281,-1.8371451986181188e-18,0.06761399234865734,1.4783185704904882e-13,3.2627885987919942,6.6323796487217646,-1.1301517487402102e-13,-0.0018425940581022632,0.0,0.0,0.0,-11.642937999999976,0.0,0.0,0.0,0.0,0.0,15.993399999999912,-0.06365318806037286,5.277349117550297e-14,13.84036079317262,0.068516262185422,1.4169057360920584e-13,-12.470855925524054,-4.629771311839683e-14,-0.006802059308239437,17.039684057235718,1806.97,175.74273659745316,27451.6237068258
-0.06094849717133211,5.868848482853784e-14,2.6458140066597307,-5.089735646547203e-14,-0.006875349346329265,-2.493562971024067e-20,0.06672484202133772,1.5414507759618346e-13,3.1966000766489877,6.500725913862229,-1.1698907905035953e-13,-0.0018222791694219355,0.0,0.0,0.0,-11.964767999999975,0.0,0.0,0.0,0.0,0.0,16.189599999999917,-0.062291885515032064,5.5668715482085517e-14,14.224158119905297,0.06761399234865734,1.4783185704904882e-13,-12.730611401207918,-4.855779952338836e-14,-0.006838907455591281,17.19368290901184,1909.85,184.31479182151824,29039.456833563097
-0.05962276125497438,6.183624292336723e-14,2.709058239592901,-5.3317623138416026e-14,-0.006911448150671929,1.8561271422186312e-18,0.06584874961443565,1.6063073188675468e-13,3.1278232166680606,6.371307587580785,-1.210249475075954e-13,-0.0018051231117071952,0.0,0.0,0.0,-12.290521999999973,0.0,0.0,0.0,0.0,0.0,16.38579999999992,-0.06094849717133211,5.868848482853784e-14,14.610582006659705,0.06672484202133772,1.5414507759618346e-13,-12.99299992335093,-5.089735646547203e-14,-0.006875349346329265,17.34876275062561,2016.35,193.1773620696039,30682.862055338872
-0.05831441736001724,6.511544174690408e-14,2.7709014957442077,-5.581979852000847e-14,-0.006947263555457453,3.81057453124517e-18,0.06498563988127842,1.672891504669301e-13,3.056502398462648,6.244108223777253,-1.251207691404666e-13,-0.001790951698295623,0.0,0.0,0.0,-12.62019999999997,0.0,0.0,0.0,0.0,0.0,16.581999999999926,-0.05962276125497438,6.183624292336723e-14,14.999580239592873,0.06584874961443565,1.6063073188675468e-13,-13.257976783331861,-5.3317623138416026e-14,-0.006911448150671929,17.509683847427368,2126.53,202.33409176136385,32382.498238641227
-0.057023206708070436,6.852953822204909e-14,2.8312933361932777,-5.840503495394551e-14,-0.006982851531918151,5.843139175302702e-18,0.0641354253134015,1.741204970475714e-13,2.9826816464443358,6.119110066295406,-1.2927421191121078e-13,-0.0017795791300695913,0.0,0.0,0.0,-12.95380199999997,0.0,0.0,0.0,0.0,0.0,16.77819999999993,-0.05831441736001724,6.511544174690408e-14,15.391101495744177,0.06498563988127842,1.672891504669301e-13,-13.525497601537278,-5.581979852000847e-14,-0.006947263555457453,17.661683797836304,2240.42,211.78855685382848,34139.01001280729
-0.055748872380125755,7.208199086812097e-14,2.890184198717083,-6.107444106102836e-14,-0.0070182642133976595,7.9587353290767e-18,0.06329800748106651,1.8112476755961646e-13,2.906404605936128,5.996294164293497,-1.3348308936197805e-13,-0.001770813493153968,0.0,0.0,0.0,-13.291327999999968,0.0,0.0,0.0,0.0,0.0,16.974399999999935,-0.057023206708070436,6.852953822204909e-14,15.785095336193248,0.0641354253134015,1.741204970475714e-13,-13.795518353555595,-5.840503495394551e-14,-0.006982851531918151,17.81968379020691,2358.06,221.54426492957504,35953.0278948945
-0.05449115952226233,7.577625644532056e-14,2.947525389990964,-6.382907722445607e-14,-0.00705354986170871,1.0162440684356097e-17,0.062473278305275166,1.883017901603419e-13,2.827714521452009,5.875640480569486,-1.3774498928163398e-13,-0.0017644611913898015,0.0,0.0,0.0,-13.632777999999966,0.0,0.0,0.0,0.0,0.0,17.17059999999994,-0.055748872380125755,7.208199086812097e-14,16.18151219871705,0.06329800748106651,1.8112476755961646e-13,-14.067995394063807,-6.107444106102836e-14,-0.0070182642133976595,17.976683855056763,2479.49,231.60465534610375,37825.16842317941
-0.0532498155266837,7.961578659944662e-14,3.0032690773755806,-6.666995450735582e-14,-0.007088752903756166,1.245947956193122e-17,0.061661121252587194,1.956512252522648e-13,2.7466542170096258,5.757127993231283,-1.4205744533466895e-13,-0.0017603304599558365,0.0,0.0,0.0,-13.978151999999966,0.0,0.0,0.0,0.0,0.0,17.366799999999945,-0.05449115952226233,7.577625644532056e-14,16.58030338999093,0.062473278305275166,1.883017901603419e-13,-14.342885478547931,-6.382907722445607e-14,-0.00705354986170871,18.12968373298645,2604.75,241.9730994436704,39756.03429859146
-0.052024590189681315,8.360402451123426e-14,3.05736828032918,-6.959803541660149e-14,-0.007123914022711913,1.4855207555444124e-17,0.06086141244765134,2.0317256592649933e-13,2.6632660783503415,5.640734791082065,-1.464180293845828e-13,-0.001758234093237606,0.0,0.0,0.0,-14.327449999999965,0.0,0.0,0.0,0.0,0.0,17.56299999999995,-0.0532498155266837,7.961578659944662e-14,16.981421077375547,0.061661121252587194,1.956512252522648e-13,-14.620145782990319,-6.666995450735582e-14,-0.007088752903756166,18.287683248519897,2733.88,252.6529008088203,41746.214533420156
-0.050815235848192676,8.774440156059592e-14,3.1097768614821626,-7.261422941419034e-14,-0.007159070290424133,1.7355097530552584e-17,0.060074021701213044,2.108651390096669e-13,2.5775920369478964,5.526438163070342,-1.5082408884476292e-13,-0.0017579915067534046,0.0,0.0,0.0,-14.680671999999964,0.0,0.0,0.0,0.0,0.0,17.759199999999954,-0.052024590189681315,8.360402451123426e-14,17.384818280329146,0.06086141244765134,2.0317256592649933e-13,-14.899733921649608,-6.959803541660149e-14,-0.007123914022711913,18.44267177581787,2866.91,263.6472955908802,43796.28460666605
-0.049621507496644734,9.204033401165637e-14,3.1604495174085776,-7.571939444706764e-14,-0.007194255329879893,1.9964726938031248e-17,0.05929881345358152,2.1872810609637757e-13,2.4896735556935887,5.41421468213558,-1.5527304763103727e-13,-0.0017594302399763129,0.0,0.0,0.0,-15.037817999999964,0.0,0.0,0.0,0.0,0.0,17.95539999999996,-0.050815235848192676,8.774440156059592e-14,17.790448861482126,0.060074021701213044,2.108651390096669e-13,-15.181607963052057,-7.261422941419034e-14,-0.007159070290424133,18.597670078277588,3003.89,274.95945286868306,45906.80662543599
-0.048443162885756626,9.649521972490183e-14,3.2093417691270347,-7.891433627013402e-14,-0.007229499498428719,2.2689766438202916e-17,0.05853564763522904,2.2676046522816788e-13,2.3995516161521273,5.304040283762844,-1.597622958092082e-13,-0.001762386994484169,0.0,0.0,0.0,-15.398887999999962,0.0,0.0,0.0,0.0,0.0,18.151599999999963,-0.049621507496644734,9.204033401165637e-14,18.198267517408542,0.05929881345358152,2.1872810609637757e-13,-15.46572644430637,-7.571939444706764e-14,-0.007194255329879893,18.752761602401733,3144.84,286.59247506482797,48078.329491812336
-0.047279962604929913,1.0111243490650002e-13,3.2564099523614405,-8.219980412848765e-14,-0.007264830084100038,2.553596965112031e-17,0.05778438044744181,2.349610529316513e-13,2.307266707288429,5.1958903395503695,-1.6428900753802508e-13,-0.0017667082887227173,0.0,0.0,0.0,-15.763881999999962,0.0,0.0,0.0,0.0,0.0,18.347799999999967,-0.048443162885756626,9.649521972490183e-14,18.608229769126996,0.05853564763522904,2.2676046522816788e-13,-15.752048383847836,-7.891433627013402e-14,-0.007229499498428719,18.909761905670166,3289.8,298.54939840481694,50311.38907465421
-0.04613167014978717,1.0589533089800013e-13,3.301611207590036,-8.557649376061616e-14,-0.007300271508820901,2.850916400890044e-17,0.05704486506683249,2.4332854621835956e-13,2.2128588155711224,5.089739726065005,-1.6885050715343135e-13,-0.0017722508030522874,0.0,0.0,0.0,-16.13279999999996,0.0,0.0,0.0,0.0,0.0,18.543999999999972,-0.047279962604929913,1.0111243490650002e-13,19.0202919523614,0.05778438044744181,2.349610529316513e-13,-16.040533292711537,-8.219980412848765e-14,-0.007264830084100038,19.065760374069214,3438.81,310.83319341844526,52606.508385816924
-0.044998051976337564,1.1084723101314109e-13,3.3449034699093687,-8.904504569488327e-14,-0.0073358455338586375,3.161524268816278e-17,0.05631695227812775,2.518614652957359e-13,2.116367416362193,4.985562889168306,-1.7344403380910239e-13,-0.0017788814910070963,0.0,0.0,0.0,-16.50564199999996,0.0,0.0,0.0,0.0,0.0,18.740199999999977,-0.04613167014978717,1.0589533089800013e-13,19.434411207589996,0.05704486506683249,2.4332854621835956e-13,-16.33114118442885,-8.557649376061616e-14,-0.007300271508820901,19.2237606048584,3591.89,323.44676548083015,54964.19776030147
-0.04387887754315688,1.1597142743067513e-13,3.3862454587381086,-9.260604453357956e-14,-0.007371571462996737,3.4860157413948646e-17,0.05560049103994095,2.605581764576655e-13,2.01783146651181,4.8833339042944495,-1.78066790859419e-13,-0.0017864774659460602,0.0,0.0,0.0,-16.88240799999996,0.0,0.0,0.0,0.0,0.0,18.93639999999998,-0.044998051976337564,1.1084723101314109e-13,19.850545469909328,0.05631695227812775,2.518614652957359e-13,-16.623832583637785,-8.904504569488327e-14,-0.0073358455338586375,19.395761489868164,3749.09,336.39295539070685,57384.95503987072
-0.042773919342872384,1.2127117814762559e-13,3.4255966673839966,-9.626001776284049e-14,-0.007407466340901249,3.824991208532257e-17,0.05489532898850855,2.694168952373815e-13,1.9172893980770125,4.783026532660004,-1.8271592215015248e-13,-0.0017949257605505847,0.0,0.0,0.0,-17.263097999999957,0.0,0.0,0.0,0.0,0.0,19.132599999999986,-0.04387887754315688,1.1597142743067513e-13,20.26865345873807,0.05560049103994095,2.605581764576655e-13,-16.91856853348817,-9.260604453357956e-14,-0.007371571462996737,19.55376100540161,3910.42,349.67453998335185,59869.26575969702
-0.04168295292414399,1.2674970399755362e-13,3.4629173524956673,-1.0000743674782135e-13,-0.007443545144305645,4.1790557149951313e-17,0.05420131288433059,2.7843568975541973e-13,1.8147791130900899,4.684614273764853,-1.873886212921567e-13,-0.0018041229677162516,0.0,0.0,0.0,-17.647711999999956,0.0,0.0,0.0,0.0,0.0,19.32879999999999,-0.042773919342872384,1.2127117814762559e-13,20.688694667383952,0.05489532898850855,2.694168952373815e-13,-17.215310601922972,-9.626001776284049e-14,-0.007407466340901249,19.704760313034058,4075.93,363.2942327758415,62417.603337625726
-0.04060575690523477,1.3241018573957444e-13,3.49816852341963,-1.0384871586696998e-13,-0.0074798209643965425,4.548818464348379e-17,0.05351828900659073,2.8761248444666375e-13,1.7103379793062103,4.588070414369608,-1.920820386066154e-13,-0.0018139748005467618,0.0,0.0,0.0,-18.036249999999956,0.0,0.0,0.0,0.0,0.0,19.524999999999995,-0.04168295292414399,1.2674970399755362e-13,21.11062935249562,0.05420131288433059,2.7843568975541973e-13,-17.5140208869099,-1.0000743674782135e-13,-0.007443545144305645,19.863760471343994,4245.64,377.25468464229243,65030.429265664425
-0.03954211298016816,1.3825576122362635e-13,3.531311931481331,-1.0778421368362049e-13,-0.007516305179299852,4.9348923811142914e-17,0.052846103500070664,2.9694506395852827e-13,1.6040028268638737,4.493368074150296,-1.9679338300124955e-13,-0.00182439559732818,0.0,0.0,0.0,-18.42871199999996,0.0,0.0,0.0,0.0,0.0,19.7212,-0.04060575690523477,1.3241018573957444e-13,21.534418523419586,0.05351828900659073,2.8761248444666375e-13,-17.814662020693785,-1.0384871586696998e-13,-0.0074798209643965425,20.01676034927368,4419.58,391.5584845168205,67708.19330332824
-0.03849180591837692,1.4428952263703033e-13,3.5623100592079253,-1.118142318101299e-13,-0.007553007615988762,5.3378937225774747e-17,0.05218460267905382,3.0643107738186976e-13,1.4958099457955578,4.400480248220565,-2.0151980658561126e-13,-0.0018353077925659376,0.0,0.0,0.0,-18.825097999999958,0.0,0.0,0.0,0.0,0.0,19.917400000000004,-0.03954211298016816,1.3825576122362635e-13,21.960023931481288,0.052846103500070664,2.9694506395852827e-13,-18.117197173136127,-1.0778421368362049e-13,-0.007516305179299852,20.176759958267212,4597.78,406.2081601220268,70451.33367249412
-0.03745462355866181,1.505145138366146e-13,3.591126109509176,-1.1593901489238846e-13,-0.007589936701273751,5.758441730484454e-17,0.051533633292457255,3.160680425765546e-13,1.3857950843295255,4.309379846701114,-2.0625846069532477e-13,-0.0018466413710311032,0.0,0.0,0.0,-19.22540799999996,0.0,0.0,0.0,0.0,0.0,20.11360000000001,-0.03849180591837692,1.4428952263703033e-13,22.387408059207882,0.05218460267905382,3.0643107738186976e-13,-18.421590054204447,-1.118142318101299e-13,-0.007553007615988762,20.33176016807556,4780.26,421.20617872088883,73260.27725343581
-0.036430356798195736,1.5693372776912086e-13,3.617723994831743,-1.2015875171871902e-13,-0.007627099601803344,6.197158319741975e-17,0.05089304275415008,3.2585335067407363e-13,1.2739934479271646,4.220039731506411,-2.11006552117122e-13,-0.0018583333182407734,0.0,0.0,0.0,-19.629641999999958,0.0,0.0,0.0,0.0,0.0,20.309800000000013,-0.03745462355866181,1.505145138366146e-13,22.816534109509135,0.051533633292457255,3.160680425765546e-13,-18.727804915670482,-1.1593901489238846e-13,-0.007589936701273751,20.48475956916809,4967.06,436.5549478900101,76135.43978173194
-0.035418799577232984,1.635501039841287e-13,3.642068326301049,-1.244735755626824e-13,-0.007664502353212939,6.654667798459919e-17,0.0502626793421252,3.357842708267115e-13,1.1604396990034447,4.1324327505099,-2.1576130478018457e-13,-0.0018703270778093525,0.0,0.0,0.0,-20.037799999999958,0.0,0.0,0.0,0.0,0.0,20.506000000000018,-0.036430356798195736,1.5693372776912086e-13,23.2473659948317,0.05089304275415008,3.2585335067407363e-13,-19.03580655207285,-1.2015875171871902e-13,-0.007627099601803344,20.639758825302124,5158.2,452.25681631225166,79077.22604575676
-0.03441974886011276,1.703665262434716e-13,3.664124402863894,-1.2888356487120068e-13,-0.007702149978717847,7.131596612853791e-17,0.049642392369897766,3.458579551075777e-13,1.0451679572811114,4.046531769239136,-2.2051997702371604e-13,-0.0018825720236029112,0.0,0.0,0.0,-20.44988199999996,0.0,0.0,0.0,0.0,0.0,20.702200000000023,-0.035418799577232984,1.635501039841287e-13,23.67986832630101,0.0502626793421252,3.357842708267115e-13,-19.345560300996574,-1.244735755626824e-13,-0.007664502353212939,20.796758890151978,5353.7,468.3140745868484,82086.03008448302
-0.03343300461308164,1.7738582023019727e-13,3.683858200444026,-1.3338874296028935e-13,-0.007740046597563365,7.628573110647806e-17,0.04903203233321416,3.5607144356498997e-13,0.9282118007321323,3.9623097002456382,-2.2527981197229274e-13,-0.0018950229525409562,0.0,0.0,0.0,-20.86588799999996,0.0,0.0,0.0,0.0,0.0,20.898400000000027,-0.03441974886011276,1.703665262434716e-13,24.114006402863854,0.049642392369897766,3.458579551075777e-13,-19.65703204271891,-1.2888356487120068e-13,-0.007702149978717847,20.952709913253784,5553.59,484.72895605518016,85162.23538534078
-0.03245836977940074,1.8461075135913084e-13,3.7012363611219734,-1.3798907876474251e-13,-0.007778195523827364,8.146227318488413e-17,0.0484314510348761,3.664216693283662e-13,0.8096042670625994,3.8797395302844095,-2.3003809023886004e-13,-0.0019076396021727926,0.0,0.0,0.0,-21.28581799999996,0.0,0.0,0.0,0.0,0.0,21.09460000000003,-0.03343300461308164,1.7738582023019727e-13,24.549746200443984,0.04903203233321416,3.5607144356498997e-13,-19.970188199267895,-1.3338874296028935e-13,-0.007740046597563365,21.108708381652832,5757.89,501.50363764045,88306.2150818951
-0.0314956502521498,1.9204402269072598e-13,3.7162261823495983,-1.4268448820034053e-13,-0.007816599356125272,8.685190732509375e-17,0.047840501690217765,3.7690546383114814e-13,0.6893778556998886,3.7987943454325173,-2.347921605539093e-13,-0.0019203861957519503,0.0,0.0,0.0,-21.70967199999996,0.0,0.0,0.0,0.0,0.0,21.290800000000036,-0.03245836977940074,1.8461075135913084e-13,24.987054361121935,0.0484314510348761,3.664216693283662e-13,-20.284995732937432,-1.3798907876474251e-13,-0.007778195523827364,21.264708757400513,5966.63,518.6402406995868,91518.33215111897
-0.0305446548450924,1.996882729507639e-13,3.7287956062090304,-1.4747483461402787e-13,-0.007855260058799286,9.246096118055875e-17,0.04725903901552288,3.8751956217264297e-13,0.5675645302432955,3.7194473542680946,-2.3953939415935773e-13,-0.0019332310164030953,0.0,0.0,0.0,-22.13744999999996,0.0,0.0,0.0,0.0,0.0,21.48700000000004,-0.0314956502521498,1.9204402269072598e-13,25.425898182349556,0.047840501690217765,3.7690546383114814e-13,-20.601422144300148,-1.4268448820034053e-13,-0.007816599356125272,21.41970992088318,6179.83,536.1408318857673,94798.93961005344
-0.029605195261922825,2.0754607465773563e-13,3.73891320872488,-1.523599315521923e-13,-0.007894179035187457,9.829577318351394e-17,0.04668691930143466,3.982606085245319e-13,0.4441957213416545,3.641671909224163,-2.442773007253378e-13,-0.0019461460110766849,0.0,0.0,0.0,-22.56915199999996,0.0,0.0,0.0,0.0,0.0,21.683200000000046,-0.0305446548450924,1.996882729507639e-13,25.866245606208988,0.04725903901552288,3.8751956217264297e-13,-20.919435469756746,-1.4747483461402787e-13,-0.007855260058799286,21.57577133178711,6397.51,554.0074240200264,98148.3807116622
-0.028677086064176523,2.1561993236027871e-13,3.746548189237933,-1.5733953858205428e-13,-0.00793335719356823,1.0436269060643623e-16,0.04612400047319508,4.0912516172977623e-13,0.3193023299636495,3.56544152622699,-2.490031809705855e-13,-0.0019591064242846646,0.0,0.0,0.0,-23.004777999999963,0.0,0.0,0.0,0.0,0.0,21.87940000000005,-0.029605195261922825,2.0754607465773563e-13,26.30806520872484,0.04668691930143466,3.982606085245319e-13,-21.239004278658392,-1.523599315521923e-13,-0.007894179035187457,21.73570942878723,6619.7,572.2419769704876,101566.98913969872
-0.027760144638051067,2.239122809832945e-13,3.751670359847855,-1.6241336993771977e-13,-0.007972795006365132,1.1066806769073623e-16,0.04557014213935047,4.2010970057180227e-13,0.19291473102853568,3.490729902720378,-2.537147679605332e-13,-0.001972090461071828,0.0,0.0,0.0,-23.444327999999963,0.0,0.0,0.0,0.0,0.0,22.075600000000055,-0.028677086064176523,2.1561993236027871e-13,26.751326189237897,0.04612400047319508,4.0912516172977623e-13,-21.560097670036402,-1.5733953858205428e-13,-0.00793335719356823,21.891709566116333,6846.41,590.8463985378221,105055.08920242009
-0.026854191160353764,2.3242548428518347e-13,3.754250134931809,-1.6758108901150457e-13,-0.008012492563177178,1.1721826380106664e-16,0.04502520563037969,4.312106296170951e-13,0.06506277736696503,3.417510934173767,-2.5840951929921953e-13,-0.001985078978274394,0.0,0.0,0.0,-23.887801999999965,0.0,0.0,0.0,0.0,0.0,22.27180000000006,-0.027760144638051067,2.239122809832945e-13,27.195998359847817,0.04557014213935047,4.2010970057180227e-13,-21.882685268971517,-1.6241336993771977e-13,-0.007972795006365132,22.045709371566772,7077.66,609.8225453456134,108612.99602499175
-0.025959048563764613,2.4116183342733844e-13,3.754258520745313,-1.7284231244659775e-13,-0.008052449618176137,1.240196415013886e-16,0.04448905402853563,4.4242428459840157e-13,-0.06422419601657642,3.3457587291655746,-2.630850972449336e-13,-0.001998055202829927,0.0,0.0,0.0,-24.335199999999965,0.0,0.0,0.0,0.0,0.0,22.468000000000064,-0.026854191160353764,2.3242548428518347e-13,27.642052134931774,0.04502520563037969,4.312106296170951e-13,-22.206737222633095,-1.6758108901150457e-13,-0.008012492563177178,22.203710317611694,7313.48,629.1722237343639,112241.01574043985
-0.025074542501578836,2.5012354565339643e-13,3.751667105111083,-1.7819661153335234e-13,-0.008092665632382732,1.310785646781386e-16,0.04396155219004198,4.5374693800739656e-13,-0.19491736740647686,3.2754476231282417,-2.677392338779199e-13,-0.002011004475701019,0.0,0.0,0.0,-24.786521999999966,0.0,0.0,0.0,0.0,0.0,22.66420000000007,-0.025959048563764613,2.4116183342733844e-13,28.08945852074528,0.04448905402853563,4.4242428459840157e-13,-22.53222419601664,-1.7284231244659775e-13,-0.008052449618176137,22.357768058776855,7553.88,648.8971906579511,115939.44567901871
-0.02420050131207188,2.593127630802881e-13,3.7464480472011283,-1.8364351268157773e-13,-0.008133139811302882,1.3840139663173486e-16,0.04344256676065365,4.651748046817717e-13,-0.3269884235889709,3.2065521908370487,-2.723696848958174e-13,-0.002023914019853335,0.0,0.0,0.0,-25.241767999999965,0.0,0.0,0.0,0.0,0.0,22.860400000000073,-0.025074542501578836,2.5012354565339643e-13,28.538189105111048,0.04396155219004198,4.5374693800739656e-13,-22.859117367406544,-1.7819661153335234e-13,-0.008092665632382732,22.51270818710327,7798.88,668.9991545814077,119708.57455587215
-0.023336755982610653,2.687315516002214e-13,3.738574067416849,-1.8918249818613356e-13,-0.008173871138372537,1.4599449811754643e-16,0.04293196618546867,4.767040473115617e-13,-0.4604095548389538,3.1390472577197945,-2.7697424428026877e-13,-0.002036772730662799,0.0,0.0,0.0,-25.70093799999997,0.0,0.0,0.0,0.0,0.0,23.056600000000078,-0.02420050131207188,2.593127630802881e-13,28.988216047201092,0.04344256676065365,4.651748046817717e-13,-23.187388423589045,-1.8364351268157773e-13,-0.008133139811302882,22.67370891571045,8048.51,689.4797763789479,123548.68265687658
-0.022483140113618245,2.783818998920801e-13,3.728018437371431,-1.9481301067166019e-13,-0.00821485840462665,1.5386422541319124e-16,0.042429620713772334,4.883307818743098e-13,-0.5951534497027527,3.0729079100604073,-2.815509282724373e-13,-0.0020495709871051547,0.0,0.0,0.0,-26.16403199999997,0.0,0.0,0.0,0.0,0.0,23.252800000000082,-0.023336755982610653,2.687315516002214e-13,29.439512067416818,0.04293196618546867,4.767040473115617e-13,-23.51700955483903,-1.8918249818613356e-13,-0.008173871138372537,22.82571244239807,8302.77,710.3406702312428,127460.0420225636
-0.021639489882484535,2.882657185429284e-13,3.7147549699784275,-2.005344490005199e-13,-0.008256100234975403,1.6201692831222773e-16,0.04193540239959921,5.000510832105228e-13,-0.7311932895975907,3.008109504165699,-2.8609754849027837e-13,-0.0020623004820998782,0.0,0.0,0.0,-26.631049999999973,0.0,0.0,0.0,0.0,0.0,23.449000000000087,-0.022483140113618245,2.783818998920801e-13,29.892050437371402,0.042429620713772334,4.883307818743098e-13,-23.847953449702835,-1.9481301067166019e-13,-0.00821485840462665,22.982713222503662,8561.69,731.5834045209824,131442.91663002907
-0.02080564400750241,2.9838483927703044e-13,3.6987580096499797,-2.0634617485194529e-13,-0.008297595111438925,1.7045894808643008e-16,0.04144918509861335,5.118609901996788e-13,-0.8685027432471873,2.944627674559535,-2.906122455430602e-13,-0.002074954070420665,0.0,0.0,0.0,-27.101991999999974,0.0,0.0,0.0,0.0,0.0,23.64520000000009,-0.021639489882484535,2.882657185429284e-13,30.345804969978403,0.04193540239959921,5.000510832105228e-13,-24.18019328959768,-2.005344490005199e-13,-0.008256100234975403,23.138713359832764,8825.27,753.20950272584,135497.56257274412
-0.01998144371189795,3.08741014290843e-13,3.6800024226077905,-2.122475126811869e-13,-0.008339341393661378,1.7919661550201027e-16,0.04097084446183254,5.237565111815785e-13,-1.0070559609716936,2.8824383412672385,-2.9509315799779524e-13,-0.0020875256326487127,0.0,0.0,0.0,-27.576857999999977,0.0,0.0,0.0,0.0,0.0,23.841400000000096,-0.02080564400750241,2.9838483927703044e-13,30.800750009649953,0.04144918509861335,5.118609901996788e-13,-24.51370274324728,-2.0634617485194529e-13,-0.008297595111438925,23.294713735580444,9093.55,775.2204443079951,139624.2282381911
-0.019166732688013065,3.1933591569465124e-13,3.6584635873095834,-2.1823774864946932e-13,-0.00838133733699618,1.8823624873398286e-16,0.04050025792665578,5.357336291992497e-13,-1.146827568849015,2.8215177162468055,-2.9953837091449293e-13,-0.002100009953719238,0.0,0.0,0.0,-28.055647999999977,0.0,0.0,0.0,0.0,0.0,24.0376000000001,-0.01998144371189795,3.08741014290843e-13,31.256860422607765,0.04097084446183254,5.237565111815785e-13,-24.84845596097179,-2.122475126811869e-13,-0.008339341393661378,23.45371651649475,9366.53,797.6176655994277,143823.15448325622
-0.018361357061690557,3.3017113505671965e-13,3.6341173849934587,-2.2431613525134312e-13,-0.008423581108427029,1.9758415127715093e-16,0.04003730470559495,5.477883070075913e-13,-1.2877926627634766,2.7618423090227027,-3.0394620074482683e-13,-0.0021124026146977387,0.0,0.0,0.0,-28.538361999999978,0.0,0.0,0.0,0.0,0.0,24.233800000000105,-0.019166732688013065,3.1933591569465124e-13,31.71411158730956,0.04050025792665578,5.357336291992497e-13,-25.184427568849117,-2.1823774864946932e-13,-0.00838133733699618,23.608717441558838,9644.23,820.4025606822474,148094.57480731615
-0.017565165356904004,3.4124818304843873e-13,3.606940190342257,-2.3048189337081254e-13,-0.008466070800563682,2.0724660992416452e-16,0.039581865773060235,5.599164921643126e-13,-1.4299268023567437,2.7033889315734942,-3.083150667579612e-13,-0.002124699896510538,0.0,0.0,0.0,-29.02499999999998,0.0,0.0,0.0,0.0,0.0,24.43000000000011,-0.018361357061690557,3.3017113505671965e-13,32.17247938499344,0.04003730470559495,5.477883070075913e-13,-25.52159266276358,-2.2431613525134312e-13,-0.008423581108427029,23.760716676712036,9926.66,843.5764822633729,152438.7155229652
-0.016778008460668365,3.525684891904436e-13,3.57690886226974,-2.3673420901452924e-13,-0.008508804443927993,2.1722989264880431e-16,0.039133823850503305,5.721141220361739e-13,-1.5732060048949457,2.6461347025222777,-3.126432248669e-13,-0.0021368986944479418,0.0,0.0,0.0,-29.515561999999985,0.0,0.0,0.0,0.0,0.0,24.626200000000114,-0.017565165356904004,3.4124818304843873e-13,32.631940190342235,0.039581865773060235,5.599164921643126e-13,-25.859926802356853,-2.3048189337081254e-13,-0.008466070800563682,23.921717643737793,10213.8,867.1407425429185,156855.79592433316
