-0.3,0.0,-0.0005371673992242393,1.2466282080125877e-17,0.05998192352474076,3.739879246919848e-19,0.0,0.0,-0.053716739922423935,7.124163003878803,6.227531229258224e-16,2.999995686670748,0.0,0.0,0.0,-0.44196199999999997,0.0,0.0,0.0,0.0,0.0,-2.8038000000000007,-0.3,0.0,0.5,0.0,0.0,-3.0,0.0,-0.0,0.07699966430664062,1187.07,20.032683631293928,50.83297572999999
-0.29990588009154573,-1.9537850397521827e-20,-0.002006246597972334,2.061670019042285e-17,0.11993686812559136,1.369609491353676e-18,0.009411990845426148,-1.9537850397521828e-18,-0.09319117995238557,7.850395964471551,4.032279870051623e-16,2.9999946101067927,0.0,0.0,0.0,-0.38784799999999997,0.0,0.0,0.0,0.0,0.0,-2.6076000000000015,-0.3,0.0,0.44142483260077575,0.0,0.0,-2.8575167399224246,1.2466282080125877e-17,0.05998192352474076,0.3600001335144043,1071.43,17.81507336356463,45.90221228138975
-0.2995171366160658,-9.288754024772648e-20,-0.004168350497873287,2.595304161680788e-17,0.17986485871945274,2.7806396656075378e-18,0.029462356702556557,-5.3811839452682815e-18,-0.12301921003770977,8.378790119148254,2.5650671379919396e-16,2.9999929607575173,0.0,0.0,0.0,-0.33765799999999996,0.0,0.0,0.0,0.0,0.0,-2.411400000000002,-0.29990588009154573,-1.9537850397521827e-20,0.38584175340202764,0.009411990845426148,-1.9537850397521828e-18,-2.700791179952387,2.061670019042285e-17,0.11993686812559136,0.5659999847412109,968.461,15.937617592536418,41.3718311411439
-0.2986153080389926,-2.4498912356178327e-19,-0.006871647711005268,2.9542953704984497e-17,0.23976590655610114,4.47978869962643e-18,0.06072050100476669,-9.828974386137398e-18,-0.14731051127548833,8.736371142433509,1.6201105567122747e-16,2.999990056533918,0.0,0.0,0.0,-0.2913919999999999,0.0,0.0,0.0,0.0,0.0,-2.215200000000003,-0.2995171366160658,-9.288754024772648e-20,0.3334896495021267,0.029462356702556557,-5.3811839452682815e-18,-2.534419210037712,2.595304161680788e-17,0.17986485871945274,0.7779994010925293,875.324,14.344781627119648,37.16657185151223
-0.2969758556180247,-4.925416371081258e-19,-0.010041219955791719,3.213104811173073e-17,0.29963998910510076,6.395087962299139e-18,0.10322474109202513,-1.4926276968496853e-17,-0.16964671320315672,8.949194196341342,1.0406398356305054e-16,2.9999842051389645,0.0,0.0,0.0,-0.24904999999999983,0.0,0.0,0.0,0.0,0.0,-2.0190000000000037,-0.2986153080389926,-2.4498912356178327e-19,0.2845203522889946,0.06072050100476669,-9.828974386137398e-18,-2.362510511275491,2.9542953704984497e-17,0.23976590655610114,0.982999324798584,790.231,12.988758905764822,33.259227249325924
-0.29437758050962476,-8.457576008374192e-19,-0.013668384689933751,3.4231922602739534e-17,0.3594868811463051,8.493530782579045e-18,0.15660276974796944,-2.0395319404432503e-17,-0.1930697602110465,9.041721272583098,7.123229814445901e-17,2.9999652376886314,0.0,0.0,0.0,-0.21063199999999976,0.0,0.0,0.0,0.0,0.0,-1.8228000000000035,-0.2969758556180247,-4.925416371081258e-19,0.2390087800442081,0.10322474109202513,-1.4926276968496853e-17,-2.1886467132031604,3.213104811173073e-17,0.29963998910510076,1.1770000457763672,712.123,11.828071607362318,29.663311664354406
-0.2906097343658835,-1.310130604168298e-18,-0.017800024334897323,3.616567842215361e-17,0.41730498446087777,1.0692132049065038e-17,0.22018184462615614,-2.604198092865537e-17,-0.22009420428531068,9.036407954097113,5.518780491979255e-17,2.8995078172597255,0.0,0.0,0.0,-0.17613799999999968,0.0,0.0,0.0,0.0,0.0,-1.6266000000000034,-0.29437758050962476,-8.457576008374192e-19,0.196963615310066,0.15660276974796944,-2.0395319404432503e-17,-2.01586976021105,3.4231922602739534e-17,0.3594868811463051,1.3430001735687256,640.416,10.796919428573318,26.425994686358074
-0.2854803325120516,-1.88797190511983e-18,-0.022526883799205435,3.771067576057117e-17,0.44858317380091,1.1964874449270422e-17,0.2927583407570307,-3.174214916649782e-17,-0.25259174214550084,8.953469146268212,5.0705443539554957e-17,1.568909707959456,0.0,0.0,0.0,-0.1455679999999996,0.0,0.0,0.0,0.0,0.0,-1.4304000000000032,-0.2906097343658835,-1.310130604168298e-18,0.15833797566510235,0.22018184462615614,-2.604198092865537e-17,-1.846694204285314,3.616567842215361e-17,0.41730498446087777,1.5169997215270996,575.123,9.625715498436406,23.623415390300217
-0.27886103471143986,-2.58011579419615e-18,-0.02795310806664783,3.905250464913263e-17,0.4574642793224929,1.234398612103149e-17,0.3691714393041488,-3.747223974113423e-17,-0.2900306845987388,8.809658765091,5.898515153805163e-17,0.44549612856828374,0.0,0.0,0.0,-0.11892199999999953,0.0,0.0,0.0,0.0,0.0,-1.234200000000003,-0.2854803325120516,-1.88797190511983e-18,0.12304111620079415,0.2927583407570307,-3.174214916649782e-17,-1.682991742145504,3.771067576057117e-17,0.44858317380091,1.6879997253417969,517.495,8.737931521822295,21.27325191182347
-0.2707175556911454,-3.387381564319361e-18,-0.034171828544337486,4.0403346937728835e-17,0.4478960609376124,1.1921287041623657e-17,0.44517646272529393,-4.325433727118686e-17,-0.33184136317022617,8.604188828182096,7.703557556130669e-17,-0.4799684866868607,0.0,0.0,0.0,-0.09619999999999951,0.0,0.0,0.0,0.0,0.0,-1.038000000000003,-0.27886103471143986,-2.58011579419615e-18,0.0909688919333517,0.3691714393041488,-3.747223974113423e-17,-1.524230684598742,3.905250464913263e-17,0.4574642793224929,1.8599989414215088,465.186,8.028406757448769,19.23642981639682
-0.2610920422226241,-4.311218967924201e-18,-0.041267970928307356,4.196959960391351e-17,0.42354022040334255,1.0814798292684487e-17,0.5173748841268369,-4.912940308929706e-17,-0.37777287522676106,8.335650922646971,1.0199606269377796e-16,-1.2218218655562416,0.0,0.0,0.0,-0.07740199999999942,0.0,0.0,0.0,0.0,0.0,-0.8418000000000028,-0.2707175556911454,-3.387381564319361e-18,0.06202817145566202,0.44517646272529393,-4.325433727118686e-17,-1.369841363170229,4.0403346937728835e-17,0.4478960609376124,2.031999111175537,416.532,7.416946991068004,17.40560036156425
-0.2500865680627666,-5.353882515476989e-18,-0.049325935918814644,4.392694759411829e-17,0.3877509734561674,9.142046515925073e-18,0.5831725318589074,-5.513695166598175e-17,-0.4280236238239672,8.004766460070774,1.3131342037541223e-16,-1.7956199650560554,0.0,0.0,0.0,-0.06252799999999936,0.0,0.0,0.0,0.0,0.0,-0.6456000000000026,-0.2610920422226241,-4.311218967924201e-18,0.03613402907169206,0.5173748841268369,-4.912940308929706e-17,-1.2195728752267638,4.196959960391351e-17,0.42354022040334255,2.2010042667388916,370.539,6.8484350908408835,15.70683853429258
-0.23784721493204622,-6.518262597472019e-18,-0.05843836288862591,4.641024195312707e-17,0.34355251489720456,7.004516616858918e-18,0.640762781213128,-6.130105653352124e-17,-0.48321907315715973,7.6155958613606805,1.6295608318470968e-16,-2.218006807197945,0.0,0.0,0.0,-0.05157799999999935,0.0,0.0,0.0,0.0,0.0,-0.4494000000000026,-0.2500865680627666,-5.353882515476989e-18,0.013202064081184718,0.5831725318589074,-5.513695166598175e-17,-1.0736236238239698,4.392694759411829e-17,0.3877509734561674,2.3719992637634277,326.786,6.289937570613161,14.096745770232804
-0.22454855933005988,-7.80750236688408e-18,-0.06871347981029613,4.9513031018782815e-17,0.2936143732000708,4.482755640262894e-18,0.6891027789855042,-6.762292040768492e-17,-0.5442926190098623,7.175638298272675,1.9537318106281803e-16,-2.5067657161054004,0.0,0.0,0.0,-0.04455199999999926,0.0,0.0,0.0,0.0,0.0,-0.25320000000000265,-0.23784721493204622,-6.518262597472019e-18,-0.006860362888626563,0.640762781213128,-6.130105653352124e-17,-0.9326190731571623,4.641024195312707e-17,0.34355251489720456,2.5519986152648926,285.272,5.726592996688164,12.556999697820498
-0.21037896714485407,-9.224523463589884e-18,-0.08027959780463784,5.329342824479365e-17,0.2402282235753397,1.6381255839389839e-18,0.7278564395350791,-7.407918926289544e-17,-0.6123191804243089,6.695199131623397,2.274667659829799e-16,-2.680762017386327,0.0,0.0,0.0,-0.04144999999999921,0.0,0.0,0.0,0.0,0.0,-0.05700000000000261,-0.22454855933005988,-7.80750236688408e-18,-0.02416147981029687,0.6891027789855042,-6.762292040768492e-17,-0.7974926190098649,4.9513031018782815e-17,0.2936143732000708,2.7250020503997803,246.26,5.156885783076687,11.087652720279818
-0.1955274695661589,-1.0771561645551213e-17,-0.0932862731274505,5.777700123616684e-17,0.18529011665901327,-1.482862291421087e-18,0.7572933183344364,-8.062462893323748e-17,-0.6883483518569571,6.186185794173154,2.582762280332415e-16,-2.7597146494905442,0.0,0.0,0.0,-0.0422719999999992,0.0,0.0,0.0,0.0,0.0,0.1391999999999974,-0.21037896714485407,-9.224523463589884e-18,-0.03882959780463863,0.7278564395350791,-7.407918926289544e-17,-0.6693191804243115,5.329342824479365e-17,0.2402282235753397,2.912001371383667,210.127,4.587775719268697,9.700167777281115
-0.18017301625023413,-1.2449778596668881e-17,-0.10790242112918187,6.296453119956252e-17,0.13029855905695772,-4.8440853412869025e-18,0.7781520132580444,-8.719706617852941e-17,-0.7732664483161804,5.660995320960546,2.87164496834982e-16,-2.7634435104381923,0.0,0.0,0.0,-0.047017999999999116,0.0,0.0,0.0,0.0,0.0,0.3353999999999974,-0.1955274695661589,-1.0771561645551213e-17,-0.0510142731274513,0.7572933183344364,-8.062462893323748e-17,-0.5491483518569596,5.777700123616684e-17,0.18529011665901327,3.0840017795562744,177.244,4.030393721397742,8.411054588889336
-0.16447663230514917,-1.4258984572962454e-17,-0.12431217782349467,6.883514018273904e-17,0.07636982634090134,-8.41660596444175e-18,0.7914863812504516,-9.372353145082776e-17,-0.8677092211150985,5.13135914193538,3.135751755783392e-16,-2.711032861946798,0.0,0.0,0.0,-0.05568799999999907,0.0,0.0,0.0,0.0,0.0,0.5315999999999974,-0.18017301625023413,-1.2449778596668881e-17,-0.060884421129182756,0.7781520132580444,-8.719706617852941e-17,-0.437866448316183,6.296453119956252e-17,0.13029855905695772,3.2550015449523926,147.894,3.4965598436350573,7.236812530342745
-0.14857659693347283,-1.61974797453698e-17,-0.14270953068126283,7.535085535554326e-17,0.024270470729413695,-1.2176939710880906e-17,0.7985171559171822,-1.0012598578990704e-16,-0.9720260646617163,4.607587826686284,3.371015901412269e-16,-2.619978929712033,0.0,0.0,0.0,-0.06828199999999907,0.0,0.0,0.0,0.0,0.0,0.7277999999999976,-0.16447663230514917,-1.4258984572962454e-17,-0.0686241778234956,0.7914863812504516,-9.372353145082776e-17,-0.3361092211151011,6.883514018273904e-17,0.07636982634090134,3.427001714706421,122.238,2.996526038710826,6.190599968365012
-0.1325863630316857,-1.8262001275688186e-17,-0.16329266623128802,8.246095190936515e-17,-0.025537732517883546,-1.610669554086725e-17,0.800506234261531,-1.0632616724193146e-16,-1.0862874903408037,4.098135671986591,3.5746859777554603e-16,-2.5055624938299768,0.0,0.0,0.0,-0.08479999999999899,0.0,0.0,0.0,0.0,0.0,0.9239999999999977,-0.14857659693347283,-1.61974797453698e-17,-0.07442753068126376,0.7985171559171822,-1.0012598578990704e-16,-0.2442260646617187,7.535085535554326e-17,0.024270470729413695,3.597996950149536,100.307,2.537840419180448,5.280634013974806
-0.11659467179217597,-2.0447755506179295e-17,-0.18625876080690912,9.010578625212445e-17,-0.07284460218488267,-2.0193054058716087e-17,0.7986628896894388,-1.1224925580717938e-16,-1.2103219672213024,3.609453090955314,3.744955507897621e-16,-2.380424837788018,0.0,0.0,0.0,-0.10524199999999895,0.0,0.0,0.0,0.0,0.0,1.1201999999999979,-0.1325863630316857,-1.8262001275688186e-17,-0.07849266623128903,0.800506234261531,-1.0632616724193146e-16,-0.16228749034080603,8.246095190936515e-17,-0.025537732517883546,3.7679975032806396,82.0279,2.1250798150935477,4.51000588630324
-0.10066720811828067,-2.2748511475581934e-17,-0.21179965754432772,9.821994170987207e-17,-0.11763597240917133,-2.4429584851123823e-17,0.7940834777000925,-1.1782634113308455e-16,-1.3437677065205553,3.146056360853016,3.880532796154777e-16,-2.2544350369732853,0.0,0.0,0.0,-0.12960799999999895,0.0,0.0,0.0,0.0,0.0,1.316399999999998,-0.11659467179217597,-2.0447755506179295e-17,-0.08101676080691017,0.7986628896894388,-1.1224925580717938e-16,-0.0901219672213045,9.010578625212445e-17,-0.07284460218488267,3.9430010318756104,67.2503,1.7601655027603418,3.877443356952136
-0.08484916724413613,-2.5156733254640894e-17,-0.2400986142370049,1.0673514711051527e-16,-0.16004097035395623,-2.881703798636157e-17,0.7877206097143614,-1.2299583677281154e-16,-1.4861279627471589,2.710721351683354,3.980517821503724e-16,-2.134822709669362,0.0,0.0,0.0,-0.15789799999999887,0.0,0.0,0.0,0.0,0.0,1.5125999999999982,-0.10066720811828067,-2.2748511475581934e-17,-0.08219165754432878,0.7940834777000925,-1.1782634113308455e-16,-0.02736770652055731,9.821994170987207e-17,-0.11763597240917133,4.131000757217407,55.781,1.4429674593348816,3.3785281794898916
-0.0691682102646044,-2.7663732019783653e-17,-0.2713281212498582,1.1558277503880625e-16,-0.2002857126999976,-3.33638932558421e-17,0.7803750882388116,-1.277040397414642e-16,-1.636822738538173,2.304713711102645,4.044263406755917e-16,-2.0264928735507413,0.0,0.0,0.0,-0.19011199999999884,0.0,0.0,0.0,0.0,0.0,1.7087999999999983,-0.08484916724413613,-2.5156733254640894e-17,-0.08220061423700603,0.7877206097143614,-1.2299583677281154e-16,0.02647203725283931,1.0673514711051527e-16,-0.16004097035395623,4.307995557785034,47.4122,1.171969129182631,3.006981947797109
-0.053637423329904635,-3.025982200665018e-17,-0.3056486844259925,1.246960327407885e-16,-0.23865529001237867,-3.8086592664781435e-17,0.7727036052311651,-1.3190495894518877e-16,-1.7952335790752556,1.9279991081756371,4.0713515669689525e-16,-1.9324378681750556,0.0,0.0,0.0,-0.22624999999999884,0.0,0.0,0.0,0.0,0.0,1.9049999999999985,-0.0691682102646044,-2.7663732019783653e-17,-0.08121612124985939,0.7803750882388116,-1.277040397414642e-16,0.07197726146182526,1.1558277503880625e-16,-0.2002857126999976,4.487000226974487,41.9424,0.9448612187342846,2.755787350989064
-0.038258021861925305,-3.293446505307632e-17,-0.3432084381565132,1.3401124962112715e-16,-0.27546454466477155,-4.3009493436013786e-17,0.7652365415667677,-1.3555934569742561e-16,-1.9607417939768073,1.5793532792709202,4.061291922666007e-16,-1.854177169012624,0.0,0.0,0.0,-0.26631199999999877,0.0,0.0,0.0,0.0,0.0,2.101199999999998,-0.053637423329904635,-3.025982200665018e-17,-0.07939868442599368,0.7727036052311651,-1.3190495894518877e-16,0.10976642092474287,1.246960327407885e-16,-0.23865529001237867,4.663000583648682,39.1907,0.7590030806248242,2.6180487245266497
-0.0230216429288339,-3.567638911832901e-17,-0.3841434489940446,1.4346913073648887e-16,-0.311037269188419,-4.816467871940687e-17,0.7584013517423731,-1.3863306082784384e-16,-2.132759289776335,1.2564964478077207,4.013640459580657e-16,-1.792180112105039,0.0,0.0,0.0,-0.31029799999999874,0.0,0.0,0.0,0.0,0.0,2.2973999999999974,-0.038258021861925305,-3.293446505307632e-17,-0.07689643815651442,0.7652365415667677,-1.3555934569742561e-16,0.14045820602319092,1.3401124962112715e-16,-0.27546454466477155,4.83699631690979,39.0048,0.6117775467140011,2.5875953147898505
-0.007912098177179198,-3.8473649021956724e-17,-0.4285787142552316,1.5301311957840194e-16,-0.3456929086246307,-5.359177785688234e-17,0.7525531234230969,-1.410929295349274e-16,-2.310767236342358,0.9554483013473722,3.926634291301926e-16,-1.7462435253390505,0.0,0.0,0.0,-0.35820799999999875,0.0,0.0,0.0,0.0,0.0,2.4935999999999967,-0.0230216429288339,-3.567638911832901e-17,-0.07384544899404588,0.7584013517423731,-1.3863306082784384e-16,0.16464071022366245,1.4346913073648887e-16,-0.311037269188419,5.006000518798828,41.2663,0.5007648311136137,2.6593718460712323
0.007093459985805978,-4.131361723094108e-17,-0.47662971257950576,1.6259401366989326e-16,-0.37974043238851485,-5.933822372590599e-17,0.7480026928754206,-1.4290389136350821e-16,-2.494332596085068,0.6714546756862304,3.8003202637185437e-16,-1.7158531417091383,0.0,0.0,0.0,-0.4100419999999987,0.0,0.0,0.0,0.0,0.0,2.689799999999996,-0.007912098177179198,-3.8473649021956724e-17,-0.07037071425523284,0.7525531234230969,-1.410929295349274e-16,0.18283276365763879,1.5301311957840194e-16,-0.3456929086246307,5.190999984741211,45.8926,0.42407844343911816,2.8297528272859482
0.022024159342585396,-4.418282920906093e-17,-0.5284048149281593,1.7216218481459957e-16,-0.41347754645241414,-6.546000583798335e-17,0.7450672428025213,-1.4401730644847712e-16,-2.683177638780276,0.39595537654448953,3.63020415468639e-16,-1.7004532032920303,0.0,0.0,0.0,-0.46579999999999855,0.0,0.0,0.0,0.0,0.0,2.8859999999999952,0.007093459985805978,-4.131361723094108e-17,-0.06658771257950707,0.7480026928754206,-1.4290389136350821e-16,0.195467403914928,1.6259401366989326e-16,-0.37974043238851485,5.370000839233398,52.8409,0.38033771154975826,3.0967294566694394
0.036917997469424334,-4.706590044074991e-17,-0.5840132592053372,1.8164467990275524e-16,-0.4471980329870295,-7.202341238751763e-17,0.7443165698813723,-1.442898167204208e-16,-2.877666788937509,0.0934146270538012,3.399341528993889e-16,-1.6998568062127426,0.0,0.0,0.0,-0.5254819999999985,0.0,0.0,0.0,0.0,0.0,3.0821999999999945,0.022024159342585396,-4.418282920906093e-17,-0.06260481492816072,0.7450672428025213,-1.4401730644847712e-16,0.2028223612197193,1.7216218481459957e-16,-0.41347754645241414,5.5609962940216064,62.1193,0.3689694239952537,3.460406555548806
0.0518043082466266,-4.9951703951515305e-17,-0.6435285519893925,1.9094135158543794e-16,-0.48123862192375666,-7.911513425592409e-17,0.7443145078388547,-1.4429053435611864e-16,-3.0738624894680293,0.0002384190489080765,3.085794328262773e-16,-1.7162402678041322,0.0,0.0,0.0,-0.5890879999999984,0.0,0.0,0.0,0.0,0.0,3.2783999999999938,0.036917997469424334,-4.706590044074991e-17,-0.05853125920533875,0.7443165698813723,-1.442898167204208e-16,0.20453321106248534,1.8164467990275524e-16,-0.4471980329870295,5.7479963302612305,73.8418,0.39069551310622563,3.9259735328448757
0.06669059186589907,-5.2837516818204846e-17,-0.7069677892592634,2.0003254267277164e-16,-0.5148671675725651,-8.659780277292298e-17,0.7443138540883916,-1.4429075231283534e-16,-3.2700612375190663,7.061809034172644e-05,2.7812102128499647e-16,-1.6957077581485152,0.0,0.0,0.0,-0.6566179999999983,0.0,0.0,0.0,0.0,0.0,3.474599999999993,0.0518043082466266,-4.9951703951515305e-17,-0.054440551989394126,0.7443145078388547,-1.4429053435611864e-16,0.20453751053196445,1.9094135158543794e-16,-0.48123862192375666,5.945000886917114,87.7853,0.4302813944477959,4.476556162148417
0.0815768645197918,-5.57233332797267e-17,-0.7743310061833114,2.06855032857225e-16,-0.5305802464346334,-9.028716613494736e-17,0.7443134113008822,-1.442908938393489e-16,-3.466260454885733,4.496041907688434e-05,2.511542548317153e-16,-0.7923801941889379,0.0,0.0,0.0,-0.728071999999998,0.0,0.0,0.0,0.0,0.0,3.6707999999999923,0.06669059186589907,-5.2837516818204846e-17,-0.05034978925926514,0.7443138540883916,-1.4429075231283534e-16,0.20453876248092673,2.0003254267277164e-16,-0.5148671675725651,6.161995887756348,104.893,0.3848347718969804,5.108696415772424
0.09645753708341791,-5.861093331826085e-17,-0.8456086777087489,2.109846683223715e-16,-0.5283311317138297,-8.974273982029839e-17,0.7437538450617267,-1.444691100140661e-16,-3.6615066976580217,0.05528940281409991,2.221180300044225e-16,0.11341972252761182,0.0,0.0,0.0,-0.803449999999998,0.0,0.0,0.0,0.0,0.0,3.8669999999999916,0.0815768645197918,-5.57233332797267e-17,-0.046259006183313356,0.7443134113008822,-1.442908938393489e-16,0.2045395451142591,2.06855032857225e-16,-0.5305802464346334,6.440995931625366,129.209,0.4449168428618263,5.931563268221845
0.11132602577801766,-6.15024817250324e-17,-0.9207895242512575,2.1558846028507611e-16,-0.5258693252773485,-8.913520920406686e-17,0.7430950243982477,-1.4468573066308992e-16,-3.856577956592842,0.06534717015393769,2.4757414886944946e-16,0.12414555835106955,0.0,0.0,0.0,-0.8827519999999978,0.0,0.0,0.0,0.0,0.0,4.063199999999991,0.09645753708341791,-5.861093331826085e-17,-0.042158677708750925,0.7437538450617267,-1.444691100140661e-16,0.20549330234196983,2.109846683223715e-16,-0.5283311317138297,6.70599627494812,154.889,0.5594273022531827,6.963143703553004
0.12618121996170964,-6.439847885420569e-17,-0.9998715283928794,2.2040575177281243e-16,-0.5220590145692524,-8.817587068442647e-17,0.742424393970949,-1.4491398225423876e-16,-4.051622457569353,0.06680050829341325,2.671339620339503e-16,0.19214908008163079,0.0,0.0,0.0,-0.9659779999999976,0.0,0.0,0.0,0.0,0.0,4.259399999999992,0.11132602577801766,-6.15024817250324e-17,-0.038037524251259724,0.7430950243982477,-1.4468573066308992e-16,0.2066220434071493,2.1558846028507611e-16,-0.5258693252773485,6.973001003265381,184.101,0.6984431493357491,8.105943871943317
0.14102970606699608,-6.729675912700503e-17,-1.0828659744604225,2.279682662509913e-16,-0.5281526632743355,-8.975469967427763e-17,0.7424242165576951,-1.4491404502569516e-16,-4.247822149184964,1.778878815615773e-05,3.414548940241322e-16,-0.30729602235283543,0.0,0.0,0.0,-1.0531279999999974,0.0,0.0,0.0,0.0,0.0,4.455599999999993,0.12618121996170964,-6.439847885420569e-17,-0.033893528392881844,0.742424393970949,-1.4491398225423876e-16,0.20777754243063917,2.2040575177281243e-16,-0.5220590145692524,7.196004867553711,214.192,0.8625796746937111,9.37213746786838
0.1558736030701076,-7.0196703477136e-17,-1.169776554866224,2.333607279152768e-16,-0.5256676455597145,-8.909154784114945e-17,0.7419654837534586,-1.4508038998740082e-16,-4.443235891395192,0.04551475303850323,2.887532094897869e-16,0.12531697683995915,0.0,0.0,0.0,-1.1442019999999973,0.0,0.0,0.0,0.0,0.0,4.651799999999994,0.14102970606699608,-6.729675912700503e-17,-0.029737974460425143,0.7424242165576951,-1.4491404502569516e-16,0.2077778508150292,2.279682662509913e-16,-0.5281526632743355,7.483000755310059,253.096,1.0439416057307556,10.65992935810108
0.17070775261856133,-7.310025130093797e-17,-1.2605943776427673,2.3865173534589906e-16,-0.5213611591748739,-8.791801721518514e-17,0.7414494710919133,-1.4527439239279586e-16,-4.638546386259142,0.05141712880773586,2.964060659711758e-16,0.21717222549339593,0.0,0.0,0.0,-1.2391999999999972,0.0,0.0,0.0,0.0,0.0,4.847999999999995,0.1558736030701076,-7.0196703477136e-17,-0.02557455486622673,0.7419654837534586,-1.4508038998740082e-16,0.20856410860480246,2.333607279152768e-16,-0.5256676455597145,7.778001070022583,293.151,1.2543739655665243,12.133180470177482
0.18553674081927155,-7.600573962655256e-17,-1.3553273032419222,2.47249680332293e-16,-0.5302276900893863,-9.040854723645752e-17,0.7414493489791094,-1.4527444016866377e-16,-4.83474617365634,1.2258822134819333e-05,3.7055002244744616e-16,-0.4471344344374673,0.0,0.0,0.0,-1.3381219999999971,0.0,0.0,0.0,0.0,0.0,5.0441999999999965,0.17070775261856133,-7.310025130093797e-17,-0.02139437764277008,0.7414494710919133,-1.4527439239279586e-16,0.20945361374085358,2.3865173534589906e-16,-0.5213611591748739,8.014000415802002,333.238,1.494266448034508,13.738961097042516
0.20036028865971317,-7.891339586307393e-17,-1.4539749484370168,2.5310286305875056e-16,-0.5280513937941307,-8.97778344711189e-17,0.7409054350650539,-1.4549118348347418e-16,-5.030018345853131,0.053775151750335995,3.1122954966074175e-16,0.10974986656279656,0.0,0.0,0.0,-1.4409679999999971,0.0,0.0,0.0,0.0,0.0,5.2403999999999975,0.18553674081927155,-7.600573962655256e-17,-0.01720530324192504,0.7414493489791094,-1.4527444016866377e-16,0.2094538263436565,2.47249680332293e-16,-0.5302276900893863,8.329995393753052,384.343,1.7411158699110685,15.296198148482555
0.21517395611799567,-8.18250518065591e-17,-1.5565297013913069,2.5892094309983125e-16,-0.5246258745240939,-8.876358475019292e-17,0.7404613107631954,-1.4567441086504362e-16,-5.225456949575891,0.044072970358786434,3.190992555379511e-16,0.17274795046476538,0.0,0.0,0.0,-1.547737999999997,0.0,0.0,0.0,0.0,0.0,5.4365999999999985,0.20036028865971317,-7.891339586307393e-17,-0.01300694843701966,0.7409054350650539,-1.4549118348347418e-16,0.21038165414686638,2.5310286305875056e-16,-0.5280513937941307,8.638995170593262,434.865,2.0216207109206374,17.088627895328532
0.22997857018243514,-8.474051475763176e-17,-1.6629928708181625,2.6476397585179446e-16,-0.522258623809507,-8.8047912209154e-17,0.7400000956807502,-1.458718842422214e-16,-5.420859993109671,0.04603962861833417,3.1270331229918035e-16,0.11937988604169364,0.0,0.0,0.0,-1.6584319999999968,0.0,0.0,0.0,0.0,0.0,5.6328,0.21517395611799567,-8.18250518065591e-17,-0.008791701391309914,0.7404613107631954,-1.4567441086504362e-16,0.21114305042410741,2.5892094309983125e-16,-0.5246258745240939,8.959995031356812,489.558,2.3240153137143853,19.011852645037912
0.24477857123107785,-8.765795282541025e-17,-1.7733720691775323,2.7320501869801176e-16,-0.5275717206484604,-8.969939637807855e-17,0.7400000091835222,-1.4587192253562751e-16,-5.617059842827322,8.669855169435341e-06,3.839428238555304e-16,-0.2679388927597612,0.0,0.0,0.0,-1.773049999999997,0.0,0.0,0.0,0.0,0.0,5.829000000000001,0.22997857018243514,-8.474051475763176e-17,-0.0045608708181656965,0.7400000956807502,-1.458718842422214e-16,0.21194000689032855,2.6476397585179446e-16,-0.522258623809507,9.202995538711548,543.112,2.653463140696645,21.0306017260033
0.2595743498975596,-9.057730354137231e-17,-1.8876680207810979,2.7910888650374733e-16,-0.525153220806015,-8.892695329195205e-17,0.7395778574646563,-1.4606314906057885e-16,-5.812535317529241,0.04192698955629275,3.1730206545338895e-16,0.1219648855688639,0.0,0.0,0.0,-1.8915919999999968,0.0,0.0,0.0,0.0,0.0,6.025200000000002,0.24477857123107785,-8.765795282541025e-17,-0.0003220691775354112,0.7400000091835222,-1.4587192253562751e-16,0.21194015717267867,2.7320501869801176e-16,-0.5275717206484604,9.524994373321533,610.21,3.0010185512336123,23.041264917329137
0.2743566479263126,-9.350289787059411e-17,-2.005864747281115,2.75371713445826e-16,-0.4856072109358425,-7.639763584640852e-17,0.7386519454106457,-1.4649628386160044e-16,-6.007137332472469,0.09234269561569897,1.1749978673555745e-16,1.994564704655164,0.0,0.0,0.0,-2.014057999999997,0.0,0.0,0.0,0.0,0.0,6.221400000000003,0.2595743498975596,-9.057730354137231e-17,0.003923979218898976,0.7395778574646563,-1.4606314906057885e-16,0.21266468247076098,2.7910888650374733e-16,-0.525153220806015,9.834995746612549,685.51,3.5733927515057657,25.27674561451772
0.2891296861778353,-9.643282388509235e-17,-2.1279694926862653,2.949148198666916e-16,-0.5450642783372073,-9.587902108816198e-17,0.7386518797416262,-1.4649631758822363e-16,-6.203337208042472,7.034778653815586e-06,5.012666219382934e-16,-2.9998891774196124,0.0,0.0,0.0,-2.140447999999997,0.0,0.0,0.0,0.0,0.0,6.417600000000004,0.2743566479263126,-9.350289787059411e-17,0.008193252718881716,0.7386519454106457,-1.4649628386160044e-16,0.21426266752753342,2.75371713445826e-16,-0.4856072109358425,10.073989868164062,744.384,4.2210383841686845,28.324250351016445
0.30389007584880506,-9.936873188458988e-17,-2.253977377203088,2.958925488804076e-16,-0.5334961111873872,-9.189656494225403e-17,0.7373870873553505,-1.4709448236152944e-16,-6.39745124363983,0.1219728173556815,1.5253838354964102e-16,0.5837610270595693,0.0,0.0,0.0,-2.270761999999997,0.0,0.0,0.0,0.0,0.0,6.613800000000005,0.2891296861778353,-9.643282388509235e-17,0.01247850731373168,0.7386518797416262,-1.4649631758822363e-16,0.21426279195753217,2.949148198666916e-16,-0.5450642783372073,10.36298942565918,838.145,4.209810195002897,29.59774059131825
0.31862964048618253,-1.0231462784868024e-16,-2.3838745571869784,2.98328793736888e-16,-0.5291739696780035,-9.04070549044613e-17,0.7365693763823966,-1.474951140475056e-16,-6.592266754749181,0.08039683954639901,1.6102530981841246e-16,0.2181085154172971,0.0,0.0,0.0,-2.404999999999997,0.0,0.0,0.0,0.0,0.0,6.810000000000006,0.30389007584880506,-9.936873188458988e-17,0.01678462279690862,0.7373870873553505,-1.4709448236152944e-16,0.21634875636017448,2.958925488804076e-16,-0.5334961111873872,10.656994342803955,906.378,4.638622659914825,32.300921166844006
0.33335352111380306,-1.0526828773192052e-16,-2.5176690557599737,3.0108663692154594e-16,-0.5245536035099102,-8.880504550626933e-17,0.7358186863796523,-1.4787087427652138e-16,-6.787183102550321,0.07435217629402209,1.7981899912213558e-16,0.23315844253940973,0.0,0.0,0.0,-2.5431619999999975,0.0,0.0,0.0,0.0,0.0,7.006200000000007,0.31862964048618253,-1.0231462784868024e-16,0.021125442813018758,0.7365693763823966,-1.474951140475056e-16,0.21773324525082494,2.98328793736888e-16,-0.5291739696780035,11.100988864898682,986.273,5.105900998304838,34.98849077030034
0.3480630905518153,-1.082291915603299e-16,-2.655362958380519,2.988404048996905e-16,-0.48813787477280524,-7.631504626656892e-17,0.7351382574215704,-1.4821950856441807e-16,-6.982207159504236,0.06793058248372857,1.923775548956924e-16,1.8378587875079777,0.0,0.0,0.0,-2.6852479999999974,0.0,0.0,0.0,0.0,0.0,7.202400000000008,0.33335352111380306,-1.0526828773192052e-16,0.025492944240023796,0.7358186863796523,-1.4787087427652138e-16,0.219016897449686,3.0108663692154594e-16,-0.5245536035099102,11.429993391036987,1070.15,5.762162756710375,37.79656872464979
0.3627658552014049,-1.1119358201141652e-16,-2.7969691006311628,3.2174909725788855e-16,-0.5475586401336092,-9.753213597262241e-17,0.7351382075373842,-1.482195365442432e-16,-7.178407065560139,5.318346938816496e-06,6.259159765491316e-16,-2.9999442458659953,0.0,0.0,0.0,-2.8312579999999974,0.0,0.0,0.0,0.0,0.0,7.398600000000009,0.3480630905518153,-1.082291915603299e-16,0.029885041619478248,0.7351382574215704,-1.4821950856441807e-16,0.2201928404957716,2.988404048996905e-16,-0.48813787477280524,11.694990634918213,1147.57,6.556170768417186,41.47543911295203
0.37745406035228785,-1.1416555067030468e-16,-2.942475364989431,3.2421159020312355e-16,-0.5405823097267891,-9.489867426297e-17,0.73368230755091,-1.4897732934457185e-16,-7.372219370266654,0.13982787262505253,1.9317152914997305e-16,0.35226349434704435,0.0,0.0,0.0,-2.981191999999998,0.0,0.0,0.0,0.0,0.0,7.59480000000001,0.3627658552014049,-1.1119358201141652e-16,0.03428889936883461,0.7351382075373842,-1.482195365442432e-16,0.2201929344398703,3.2174909725788855e-16,-0.5475586401336092,12.010993480682373,1271.56,6.650365454051976,43.00533101055031
0.3921182379014388,-1.171501637588262e-16,-3.0918659772138115,3.2770631958341333e-16,-0.5366510451507556,-9.340589515000115e-17,0.7327354473641865,-1.4948397950758088e-16,-7.566841852171352,0.09199330891713804,2.1512802753294203e-16,0.1985063074491599,0.0,0.0,0.0,-3.135049999999998,0.0,0.0,0.0,0.0,0.0,7.791000000000011,0.37745406035228785,-1.1416555067030468e-16,0.03871663501056677,0.73368230755091,-1.4897732934457185e-16,0.2225806297333559,3.2421159020312355e-16,-0.5405823097267891,12.325994968414307,1355.42,7.205320956791307,46.156248591051785
0.40676336098456883,-1.201450922908041e-16,-3.245148700485725,3.3157815193747216e-16,-0.5326574821416179,-9.187593519200534e-17,0.7317768609488216,-1.5000887369020893e-16,-7.761430475020058,0.09374732315429056,2.3486993303735634e-16,0.20165241877473275,0.0,0.0,0.0,-3.292831999999998,0.0,0.0,0.0,0.0,0.0,7.987200000000012,0.3921182379014388,-1.171501637588262e-16,0.04318402278618638,0.7327354473641865,-1.4948397950758088e-16,0.22415814782865873,3.2770631958341333e-16,-0.5366510451507556,12.643993377685547,1455.39,7.787926941152792,49.359258048077145
0.4213918822994525,-1.2314920612601178e-16,-3.402327408383451,3.360448072625035e-16,-0.5296397681775789,-9.0707625055177e-17,0.7310752705395429,-1.5040250983055946e-16,-7.956440314752575,0.06907804580126926,2.5542252907877716e-16,0.1523777601133547,0.0,0.0,0.0,-3.454537999999998,0.0,0.0,0.0,0.0,0.0,8.18340000000001,0.40676336098456883,-1.201450922908041e-16,0.04768329951427308,0.7317768609488216,-1.5000887369020893e-16,0.22576952497995428,3.3157815193747216e-16,-0.5326574821416179,12.979993343353271,1553.39,8.392256948740528,52.673064799528866
0.43600562460113834,-1.2616171572095657e-16,-3.56340495422642,3.4027146765897084e-16,-0.5247111535193101,-8.877914938993755e-17,0.7302989596290388,-1.5084844966392214e-16,-8.151314269544278,0.07682861648203067,2.6241303308355675e-16,0.2488682082719732,0.0,0.0,0.0,-3.6201679999999983,0.0,0.0,0.0,0.0,0.0,8.379600000000007,0.4213918822994525,-1.2314920612601178e-16,0.05221059161654695,0.7310752705395429,-1.5040250983055946e-16,0.2269596852474347,3.360448072625035e-16,-0.5296397681775789,13.318992853164673,1662.15,9.022577618481014,56.07803514596882
0.45060306552239104,-1.2918372618374304e-16,-3.7283784888156535,3.4018368739198035e-16,-0.49726012790773083,-7.807216812998603e-17,0.7294451324962301,-1.5135259661472364e-16,-8.346039189379075,0.08521857582834304,2.599879129662423e-16,1.386215800338053,0.0,0.0,0.0,-3.7897219999999985,0.0,0.0,0.0,0.0,0.0,8.575800000000005,0.43600562460113834,-1.2616171572095657e-16,0.05676304577357838,0.7302989596290388,-1.5084844966392214e-16,0.2282857304557293,3.4027146765897084e-16,-0.5247111535193101,13.659993171691895,1776.16,9.766894088703724,59.64354128173093
0.4651919677984891,-1.3221077835344442e-16,-3.8972612719144712,3.6623249367885543e-16,-0.5566478872722759,-1.0233702213284198e-16,0.7294450951135731,-1.5135262035541586e-16,-8.54223912050272,3.918359159408342e-06,6.989394306605031e-16,-2.9999258155530866,0.0,0.0,0.0,-3.9631999999999987,0.0,0.0,0.0,0.0,0.0,8.772000000000002,0.45060306552239104,-1.2918372618374304e-16,0.061343511184345,0.7294451324962301,-1.5135259661472364e-16,0.22976081062092923,3.4018368739198035e-16,-0.49726012790773083,13.948047637939453,1869.41,10.794445935402997,63.99267213247387
0.47976739767471405,-1.3524579050052019e-16,-4.070046405198302,3.696147008508782e-16,-0.5500983920710442,-9.950459087210805e-17,0.728097892508921,-1.521485943521589e-16,-8.736274207880355,0.12749315197733962,2.460821720871517e-16,0.3308923900501611,0.0,0.0,0.0,-4.140601999999999,0.0,0.0,0.0,0.0,0.0,8.9682,0.4651919677984891,-1.3221077835344442e-16,0.06593872808552748,0.7294450951135731,-1.5135262035541586e-16,0.22976087949728274,3.6623249367885543e-16,-0.5566478872722759,14.277987957000732,2029.94,11.04833503756278,65.87878928413875
0.49431780032025624,-1.3829578246454651e-16,-4.246715046499359,3.7286488205320177e-16,-0.5429821806163541,-9.641231716621937e-17,0.7269423720452988,-1.5285060205047343e-16,-8.9305899222253,0.11051877636506444,2.4540273525309035e-16,0.3595260840140379,0.0,0.0,0.0,-4.321927999999998,0.0,0.0,0.0,0.0,0.0,9.164399999999997,0.47976739767471405,-1.3524579050052019e-16,0.07055559480169649,0.728097892508921,-1.521485943521589e-16,0.23192579211964492,3.696147008508782e-16,-0.5500983920710442,14.605987548828125,2154.95,11.769248683495633,69.76671191332169
0.5088444212327893,-1.4136043886000787e-16,-4.427268585261336,3.7654780596782773e-16,-0.535949801419817,-9.334107761518252e-17,0.7257197192080116,-1.5361503749566277e-16,-9.124763953972389,0.11831554549513328,2.657752780731267e-16,0.35529291457167655,0.0,0.0,0.0,-4.507177999999999,0.0,0.0,0.0,0.0,0.0,9.360599999999994,0.49431780032025624,-1.3829578246454651e-16,0.07521295350063895,0.7269423720452988,-1.5285060205047343e-16,0.23381007777469698,3.7286488205320177e-16,-0.5429821806163541,14.925039052963257,2280.34,12.511755095625887,73.79146075527672
0.5233457392128205,-1.4444116129467807e-16,-4.611703847873199,3.8026670335373556e-16,-0.5290013157754696,-9.028920241073541e-17,0.7244120787951038,-1.5445720597135693e-16,-9.3187623072139,0.12803487707090444,2.6616512254353766e-16,0.35105654395343067,0.0,0.0,0.0,-4.696351999999998,0.0,0.0,0.0,0.0,0.0,9.556799999999992,0.5088444212327893,-1.4136043886000787e-16,0.07990941473866275,0.7257197192080116,-1.5361503749566277e-16,0.23583604602760566,3.7654780596782773e-16,-0.535949801419817,15.270987749099731,2410.97,13.276737310225826,77.92454457327989
0.5378301538197111,-1.475328434769363e-16,-4.800034547448213,3.898471079056678e-16,-0.5256117498475098,-8.877887247145782e-17,0.7240293818939625,-1.547110122544651e-16,-9.51430765028754,0.03791545230415008,5.224271699025232e-16,0.17125067160983234,0.0,0.0,0.0,-4.889449999999998,0.0,0.0,0.0,0.0,0.0,9.75299999999999,0.5233457392128205,-1.4444116129467807e-16,0.08464815212679966,0.7244120787951038,-1.5445720597135693e-16,0.23803769278609188,3.8026670335373556e-16,-0.5290013157754696,15.634988069534302,2509.02,14.058648225213194,82.16430497948441
0.5523048827397855,-1.5063109573788954e-16,-4.992272599867011,3.929039438974434e-16,-0.5190868260247307,-8.583224751327204e-17,0.7234435101134844,-1.5511421384085992e-16,-9.709497591592244,0.05838373727125991,2.287155537502293e-16,0.3296593457497355,0.0,0.0,0.0,-5.086471999999998,0.0,0.0,0.0,0.0,0.0,9.949199999999987,0.5378301538197111,-1.475328434769363e-16,0.08941545255178518,0.7240293818939625,-1.547110122544651e-16,0.23869234971244957,3.898471079056678e-16,-0.5256117498475098,15.990986585617065,2655.25,14.872711374365801,86.42939968606963
0.566773752637183,-1.5373338022999932e-16,-5.188424551165256,4.0977029365785606e-16,-0.536946541983189,-9.413000770895101e-17,0.7234434796262614,-1.5511423537011795e-16,-9.905697538232259,3.072766922029451e-06,6.409167160642359e-16,-0.9023537109834302,0.0,0.0,0.0,-5.287417999999998,0.0,0.0,0.0,0.0,0.0,10.145399999999984,0.5523048827397855,-1.5063109573788954e-16,0.09419940013298689,0.7234435101134844,-1.5511421384085992e-16,0.2397024084077426,3.929039438974434e-16,-0.5190868260247307,16.281986474990845,2774.13,15.74067402961726,90.90808987916623
0.5812295948003768,-1.5684487483536957e-16,-5.388478617631178,4.116112814579967e-16,-0.5297013182365689,-9.06745852345615e-17,0.7221407366931243,-1.5603522516690437e-16,-10.099709108359944,0.12734171013343015,1.8177606326813135e-16,0.36606797328438534,0.0,0.0,0.0,-5.492287999999998,0.0,0.0,0.0,0.0,0.0,10.341599999999982,0.566773752637183,-1.5373338022999932e-16,0.09899344883474193,0.7234434796262614,-1.5511423537011795e-16,0.2397024617677257,4.0977029365785606e-16,-0.536946541983189,16.63498616218567,2974.46,16.563466259778473,94.63339542325802
0.5956656488710704,-1.5997047373879229e-16,-5.592423253291126,4.150128996282975e-16,-0.5257049614627216,-8.876277203621485e-17,0.7214646703762262,-1.5652466517536533e-16,-10.294754457634793,0.06690074666879436,2.2050928701097883e-16,0.20191831511316996,0.0,0.0,0.0,-5.701081999999997,0.0,0.0,0.0,0.0,0.0,10.53779999999998,0.5812295948003768,-1.5684487483536957e-16,0.10380938236881931,0.7221407366931243,-1.5603522516690437e-16,0.24189089164003796,4.116112814579967e-16,-0.5297013182365689,16.995991230010986,3098.13,17.436776732442407,99.31400284760808
0.6100899342776372,-1.631046641885474e-16,-5.800271710369549,4.1792815037428197e-16,-0.5192563704932329,-8.566365680905823e-17,0.7209638702804466,-1.56894379800147e-16,-10.490091250207525,0.04989809110632479,2.254359961308244e-16,0.3258202597529378,0.0,0.0,0.0,-5.913799999999997,0.0,0.0,0.0,0.0,0.0,10.733999999999977,0.5956656488710704,-1.5997047373879229e-16,0.10865874670887088,0.7214646703762262,-1.5652466517536533e-16,0.24304554236518605,4.150128996282975e-16,-0.5257049614627216,17.359928607940674,3243.7,18.34092659768873,104.0091802705602
0.6245092114119531,-1.662425519897931e-16,-6.012035534899058,4.354690348422121e-16,-0.5364442055706355,-9.415307010286474e-17,0.7209638431511296,-1.5689440032442404e-16,-10.686291202743368,2.733516940025834e-06,6.702159328957219e-16,-0.8684521146722741,0.0,0.0,0.0,-6.130441999999996,0.0,0.0,0.0,0.0,0.0,10.930199999999974,0.6100899342776372,-1.631046641885474e-16,0.11352828963044725,0.7209638702804466,-1.56894379800147e-16,0.24390874979245147,4.1792815037428197e-16,-0.5192563704932329,17.678922176361084,3377.38,19.296875014233496,108.91736602676487
0.6389156192944953,-1.6939019337822035e-16,-6.2277017160995705,4.375048265578821e-16,-0.5293982987199924,-9.05824850416696e-17,0.7196769451030929,-1.578697385182994e-16,-10.880326917307796,0.12589914646913133,1.9452402537941275e-16,0.3560153627971644,0.0,0.0,0.0,-6.351007999999996,0.0,0.0,0.0,0.0,0.0,11.126399999999972,0.6245092114119531,-1.662425519897931e-16,0.11840646510093755,0.7209638431511296,-1.5689440032442404e-16,0.24390879725660675,4.354690348422121e-16,-0.5364442055706355,18.02692937850952,3600.06,20.213057446236423,113.01308273487199
0.6533025398752285,-1.7255272224200947e-16,-6.447258943184136,4.403101780773498e-16,-0.5247746461139451,-8.823444653980948e-17,0.7190151129702254,-1.5838314786061134e-16,-11.075395791148749,0.06552610471734671,2.014280866538554e-16,0.233624674925475,0.0,0.0,0.0,-6.575497999999995,0.0,0.0,0.0,0.0,0.0,11.32259999999997,0.6389156192944953,-1.6939019337822035e-16,0.1233062839004253,0.7196769451030929,-1.578697385182994e-16,0.24607308269217576,4.375048265578821e-16,-0.5293982987199924,18.39692211151123,3735.34,21.17811786647684,118.11540008883209
0.6676780854990899,-1.7572414577925654e-16,-6.670720642599965,4.422659506574496e-16,-0.5159799853202671,-8.37613888912736e-17,0.7185394494159234,-1.5875920586409495e-16,-11.270774150434084,0.047469708259065296,2.111994275318161e-16,0.4443813187606382,0.0,0.0,0.0,-6.803911999999994,0.0,0.0,0.0,0.0,0.0,11.518799999999967,0.6533025398752285,-1.7255272224200947e-16,0.12823905681585934,0.7190151129702254,-1.5838314786061134e-16,0.24720420885122074,4.403101780773498e-16,-0.5247746461139451,18.77592158317566,3893.71,22.176727026919355,123.25627804961783
0.6820488742448707,-1.7889933009363072e-16,-6.898098125181067,4.643526540891946e-16,-0.5461331844853996,-9.961276841327677e-17,0.7185394251621529,-1.587592255733213e-16,-11.466974107676284,2.4578826212335128e-06,7.103295941263911e-16,-1.5237173163707853,0.0,0.0,0.0,-7.036249999999994,0.0,0.0,0.0,0.0,0.0,11.714999999999964,0.6676780854990899,-1.7572414577925654e-16,0.13319135740002963,0.7185394494159234,-1.5875920586409495e-16,0.2480258495658827,4.422659506574496e-16,-0.5159799853202671,19.08992099761963,4042.08,23.29700415563869,128.694928809335
0.6964074450237709,-1.8208422070042913e-16,-7.129379505695777,4.659230313899008e-16,-0.539045187754011,-9.576294784026396e-17,0.7173176527278682,-1.597298351065235e-16,-11.661163943794696,0.11761682184144939,1.7981488032852528e-16,0.35818944711814676,0.0,0.0,0.0,-7.272511999999993,0.0,0.0,0.0,0.0,0.0,11.911199999999962,0.6820488742448707,-1.7889933009363072e-16,0.13815187481892632,0.7185394251621529,-1.587592255733213e-16,0.24802589232368,4.643526540891946e-16,-0.5461331844853996,19.451921701431274,4285.98,24.225317424594188,132.57506457649558
