-0.3,0.0,0.0001750573766460253,6.644158229998408e-18,0.1349037842115836,4.488419580155502e-19,0.0,0.0,0.01750573766460253,10.685286883230127,3.3069184959786003e-16,6.755437520873998,0.0,0.0,0.0,-0.44196199999999997,0.0,0.0,0.0,0.0,0.0,-2.8038000000000007,-0.3,0.0,0.5,0.0,0.0,-3.0,0.0,-0.0,0.005000591278076172,2212.9524517338796
-0.2997175530638961,-1.3826328705559713e-20,0.0006441473606503376,1.439506790665781e-17,0.23342420885216775,1.5026396563096458e-18,0.02824469361039848,-1.3826328705559712e-18,0.0294032607358287,10.500278785051949,3.7874621935818255e-16,4.941246020867135,0.0,0.0,0.0,-0.38784799999999997,0.0,0.0,0.0,0.0,0.0,-2.6076000000000015,-0.3,0.0,0.442137057376646,0.0,0.0,-2.786294262335398,6.644158229998408e-18,0.1349037842115836,0.21799945831298828,1553.9909932919984
-0.2986784636922962,-7.027692489589983e-20,0.0012646568500361858,2.268042124786209e-17,0.3005938090755336,2.793314345574376e-18,0.07566424354958975,-4.26242674847804e-18,0.032647688202756125,10.250206505730253,3.9861989778997287e-16,3.3714905754621296,0.0,0.0,0.0,-0.33765799999999996,0.0,0.0,0.0,0.0,0.0,-2.411400000000002,-0.2997175530638961,-1.3826328705559713e-20,0.3884921473606503,0.02824469361039848,-1.3826328705559712e-18,-2.5781967392641727,1.439506790665781e-17,0.23342420885216775,0.37199974060058594,1068.3633858740982
-0.2965752096221841,-1.9906937655376097e-19,0.0018588168793956554,3.10172971689046e-17,0.3413107019816418,3.945264799323643e-18,0.1346611634616213,-8.616818417308074e-18,0.0267683147331908,9.96275281260705,4.0028939062072743e-16,2.044398097700112,0.0,0.0,0.0,-0.2913919999999999,0.0,0.0,0.0,0.0,0.0,-2.215200000000003,-0.2986784636922962,-7.027692489589983e-20,0.33892265685003614,0.07566424354958975,-4.26242674847804e-18,-2.378752311797246,2.268042124786209e-17,0.3005938090755336,0.5280001163482666,726.9532806044614
-0.29323622432721047,-4.2869804182828623e-19,0.002250144081495339,3.905620236799975e-17,0.3602557085093931,4.652067902852873e-18,0.19923736603574396,-1.4346048110144453e-17,0.012364405476777597,9.64623042288341,3.9146541651055116e-16,0.9513242950968808,0.0,0.0,0.0,-0.24904999999999983,0.0,0.0,0.0,0.0,0.0,-2.0190000000000037,-0.2965752096221841,-1.9906937655376097e-19,0.2932508168793955,0.1346611634616213,-8.616818417308074e-18,-2.188431685266812,3.10172971689046e-17,0.3413107019816418,0.6690003871917725,498.56716982636914
-0.28859576734810977,-7.8521695437467065e-19,0.0022761242024962308,4.66086393843045e-17,0.3617712427085173,4.7214546094802586e-18,0.26480833187432745,-2.130584314449399e-17,-0.009766393376688458,9.300489012519337,3.780208754851059e-16,0.0761037658624284,0.0,0.0,0.0,-0.21063199999999976,0.0,0.0,0.0,0.0,0.0,-1.8228000000000035,-0.29323622432721047,-4.2869804182828623e-19,0.25130014408149515,0.19923736603574396,-1.4346048110144453e-17,-2.006635594523226,3.905620236799975e-17,0.3602557085093931,0.8090007305145264,353.30153692487147
-0.28266794266706935,-1.2915334778379736e-18,0.0017879664936923424,5.363080449294253e-17,0.34977455329997725,4.080019227017618e-18,0.3279741362297152,-2.932580920183631e-17,-0.039049377503700376,8.923453511366336,3.638431842123518e-16,-0.6024306675545077,0.0,0.0,0.0,-0.17613799999999968,0.0,0.0,0.0,0.0,0.0,-1.6266000000000034,-0.28859576734810977,-7.8521695437467065e-19,0.212908124202496,0.26480833187432745,-2.130584314449399e-17,-1.832566393376692,4.66086393843045e-17,0.3617712427085173,0.9480001926422119,265.4467806440495
-0.27552490335572777,-1.966996098831478e-18,0.000644758915920999,6.017856782372186e-17,0.32771241583294086,2.7489658463656742e-18,0.3863297949044437,-3.822045289751412e-17,-0.07527138027343395,8.514449849692076,3.5101994263472526e-16,-1.1079329121266328,0.0,0.0,0.0,-0.1455679999999996,0.0,0.0,0.0,0.0,0.0,-1.4304000000000032,-0.28266794266706935,-1.2915334778379736e-18,0.17792596649369202,0.3279741362297152,-2.932580920183631e-17,-1.6656493775037038,5.363080449294253e-17,0.34977455329997725,1.0919992923736572,214.70187365386118
-0.26727844558034924,-2.827169856461626e-18,-0.001293532261423152,6.635842282758862e-17,0.2985462131239727,8.094175681585376e-19,0.43831598263340615,-4.7796922865500687e-17,-0.11855773746098115,8.07544826507565,3.40358022839944e-16,-1.4648237178889456,0.0,0.0,0.0,-0.11892199999999953,0.0,0.0,0.0,0.0,0.0,-1.234200000000003,-0.27552490335572777,-1.966996098831478e-18,0.1462127589159206,0.3863297949044437,-3.822045289751412e-17,-1.5056713802734372,6.017856782372186e-17,0.32771241583294086,1.2300007343292236,186.14060352985933
-0.25806439594598285,-3.883757542354015e-18,-0.004171809303265384,7.229006611574643e-17,0.2647566872481662,-1.6289828369791431e-18,0.483088980803233,-5.786184572373819e-17,-0.16926996672324207,7.611063131940284,3.319615811469356e-16,-1.6972440240437434,0.0,0.0,0.0,-0.09619999999999951,0.0,0.0,0.0,0.0,0.0,-1.038000000000003,-0.26727844558034924,-2.827169856461626e-18,0.11762846773857638,0.43831598263340615,-4.7796922865500687e-17,-1.3527577374609843,6.635842282758862e-17,0.2985462131239727,1.3700037002563477,169.53086238836465
-0.24802957870648085,-5.144657338654113e-18,-0.008143302099366789,7.808452715273422e-17,0.22836234750462084,-4.4505541510133496e-18,0.5203927431469684,-6.822813390627153e-17,-0.2278793128868986,7.1278956761639005,3.256675499430806e-16,-1.8283723141539587,0.0,0.0,0.0,-0.07740199999999942,0.0,0.0,0.0,0.0,0.0,-0.8418000000000028,-0.25806439594598285,-3.883757542354015e-18,0.09202819069673412,0.483088980803233,-5.786184572373819e-17,-1.207269966723245,7.229006611574643e-17,0.2647566872481662,1.5140035152435303,158.4041688665904
-0.23732137616344698,-6.614153460527493e-18,-0.013370606764406738,8.38348642320426e-17,0.19094905292695064,-7.547153829678763e-18,0.5504275111564179,-7.872147828106642e-17,-0.29485115361709624,6.633627295387274,3.212847736501526e-16,-1.8798854071527478,0.0,0.0,0.0,-0.06252799999999936,0.0,0.0,0.0,0.0,0.0,-0.6456000000000026,-0.24802957870648085,-5.144657338654113e-18,0.06925869790063263,0.5203927431469684,-6.822813390627153e-17,-1.0696793128869013,7.808452715273422e-17,0.22836234750462084,1.6529994010925293,149.09247907188546
-0.22607990953760304,-8.29322530359117e-18,-0.020024708085092872,8.961456392651306e-17,0.1537094786599101,-1.0825111685449733e-17,0.5737191514279762,-8.918570602530131e-17,-0.3705589784515174,6.136135751161355,3.1867624548820044e-16,-1.8714819973120242,0.0,0.0,0.0,-0.05157799999999935,0.0,0.0,0.0,0.0,0.0,-0.4494000000000026,-0.23732137616344698,-6.614153460527493e-18,0.04915739323559262,0.5504275111564179,-7.872147828106642e-17,-0.9404511536170989,8.38348642320426e-17,0.19094905292695064,1.7920036315917969,139.8503287108694
-0.21443273866008317,-1.0179945143167168e-17,-0.02828263499998932,9.547956508718935e-17,0.11749069422341042,-1.420792356038555e-17,0.5909979363240112,-9.948627793229834e-17,-0.45523371303812754,5.642792135328598,3.177508529039136e-16,-1.8204862004756368,0.0,0.0,0.0,-0.04455199999999926,0.0,0.0,0.0,0.0,0.0,-0.25320000000000265,-0.22607990953760304,-8.29322530359117e-18,0.031553291914906474,0.5737191514279762,-8.918570602530131e-17,-0.81995897845152,8.961456392651306e-17,0.1537094786599101,1.9360029697418213,130.128116862484
-0.20249180828165833,-1.2269924386116652e-17,-0.03832442378902591,1.0147132658334012e-16,0.08284705315210357,-1.7636487349183636e-17,0.6030951015184736,-1.0951164636265025e-16,-0.5489451658655307,5.160000898084156,3.184208866583066e-16,-1.7415832063427965,0.0,0.0,0.0,-0.04144999999999921,0.0,0.0,0.0,0.0,0.0,-0.05700000000000261,-0.21443273866008317,-1.0179945143167168e-17,0.016269365000009937,0.5909979363240112,-9.948627793229834e-17,-0.7084337130381302,9.547956508718935e-17,0.11749069422341042,2.076003313064575,120.02522527720717
-0.19035223534305443,-1.4556767635580984e-17,-0.05032995134638946,1.0761964918423769e-16,0.050094884058865786,-2.106800390284069e-17,0.6108621923419133,-1.1917267858378275e-16,-0.6516075898708233,4.692975021994369,3.2056041792490164e-16,-1.6467258707229462,0.0,0.0,0.0,-0.0422719999999992,0.0,0.0,0.0,0.0,0.0,0.1391999999999974,-0.20249180828165833,-1.2269924386116652e-17,0.0031255762109732993,0.6030951015184736,-1.0951164636265025e-16,-0.6059451658655333,1.0147132658334012e-16,0.08284705315210357,2.2160143852233887,109.91968237639398
-0.17809247173728887,-1.7032501115684985e-17,-0.0644760288138237,1.1394480964211016e-16,0.019365453875621323,-2.4474198788485102e-17,0.6151141682346413,-1.2840066942661724e-16,-0.7630001568725999,4.245697819776071,3.2398059967756285e-16,-1.5452164993407953,0.0,0.0,0.0,-0.047017999999999116,0.0,0.0,0.0,0.0,0.0,0.3353999999999974,-0.19035223534305443,-1.4556767635580984e-17,-0.008057951346390257,0.6108621923419133,-1.1917267858378275e-16,-0.5124075898708259,1.0761964918423769e-16,0.050094884058865786,2.358999013900757,100.24714580857949
-0.16577539018299706,-1.9687953505903976e-17,-0.0809339734493973,1.2045902067284517e-16,-0.009346708242199502,-2.7839245808805626e-17,0.6165939871945387,-1.3714456959528173e-16,-0.882794306684761,3.8210089659279007,3.284250092497075e-16,-1.443935027748597,0.0,0.0,0.0,-0.05568799999999907,0.0,0.0,0.0,0.0,0.0,0.5315999999999974,-0.17809247173728887,-1.7032501115684985e-17,-0.017458028813824578,0.6151141682346413,-1.2840066942661724e-16,-0.4276001568726025,1.1394480964211016e-16,0.019365453875621323,2.4980034828186035,91.39008926066289
-0.15344990490967378,-2.2513079090059492e-17,-0.09986773805156199,1.2716741659514422e-16,-0.03614205726236949,-3.1157623238350456e-17,0.6159545401377862,-1.453679888202699e-16,-1.0105821535317083,3.4207570768673192,3.3358115706321795e-16,-1.3476653943445762,0.0,0.0,0.0,-0.06828199999999907,0.0,0.0,0.0,0.0,0.0,0.7277999999999976,-0.16577539018299706,-1.9687953505903976e-17,-0.025245973449398232,0.6165939871945387,-1.3714456959528173e-16,-0.3511943066847636,1.2045902067284517e-16,-0.009346708242199502,2.636998414993286,83.63786212376066
-0.14115282687485192,-2.5497222756861162e-17,-0.12143258394649085,1.340687927275933e-16,-0.061181738626203665,-3.443204964034018e-17,0.6137532633443994,-1.5304637785989699e-16,-1.1459024359611785,3.0459750618597283,3.391017143752478e-16,-1.2594680102304934,0.0,0.0,0.0,-0.08479999999999899,0.0,0.0,0.0,0.0,0.0,0.9239999999999977,-0.15344990490967378,-2.2513079090059492e-17,-0.03158573805156292,0.6159545401377862,-1.453679888202699e-16,-0.28278215353171077,1.2716741659514422e-16,-0.03614205726236949,2.776003360748291,77.18564886530949
-0.1289107430669797,-2.862933274764352e-17,-0.1457742318722745,1.4115627887363646e-16,-0.08466076020069097,-3.7671592456066377e-17,0.6104551174428241,-1.601646212183386e-16,-1.2882623566171867,2.6970501989003752,3.446291701231597e-16,-1.181053674885706,0.0,0.0,0.0,-0.10524199999999895,0.0,0.0,0.0,0.0,0.0,1.1201999999999979,-0.14115282687485192,-2.5497222756861162e-17,-0.03663258394649187,0.6137532633443994,-1.5304637785989699e-16,-0.22190243596118076,1.340687927275933e-16,-0.061181738626203665,2.917004108428955,72.15038448323054
-0.11674178751865434,-3.1898130228006195e-17,-0.17302840460839708,1.484180556701546e-16,-0.10678801095275678,-4.0890003200977545e-17,0.6064404373897101,-1.667151268179282e-16,-1.4371549169950704,2.3738742066130363,3.4981911474087595e-16,-1.1131271959928086,0.0,0.0,0.0,-0.12960799999999895,0.0,0.0,0.0,0.0,0.0,1.316399999999998,-0.1289107430669797,-2.862933274764352e-17,-0.04053223187227556,0.6104551174428241,-1.601646212183386e-16,-0.16806235661718882,1.4115627887363646e-16,-0.08466076020069097,3.063002109527588,68.59083707429492
-0.10465723224813973,-3.5292245465478574e-17,-0.20332067447276717,1.5583815631453436e-16,-0.12777215169082573,-4.4104302621236754e-17,0.6020150896617495,-1.7269639692930916e-16,-1.59207206944194,2.075967969772397,3.543591965926473e-16,-1.0556825017865328,0.0,0.0,0.0,-0.15789799999999887,0.0,0.0,0.0,0.0,0.0,1.5125999999999982,-0.11674178751865434,-3.1898130228006195e-17,-0.04342040460839813,0.6064404373897101,-1.667151268179282e-16,-0.12075491699507235,1.484180556701546e-16,-0.10678801095275678,3.199998617172241,66.52574394307084
-0.09266286915522469,-3.8800329496112366e-17,-0.23676653846276766,1.6339734780219184e-16,-0.14781227029643831,-4.7333616296354754e-17,0.5974212196297544,-1.7811200613406972e-16,-1.7525143295581092,1.8025812072348995,3.5798244645265847e-16,-1.0082423218025545,0.0,0.0,0.0,-0.19011199999999884,0.0,0.0,0.0,0.0,0.0,1.7087999999999983,-0.10465723224813973,-3.5292245465478574e-17,-0.04542267447276829,0.6020150896617495,-1.7269639692930916e-16,-0.07947206944194174,1.5583815631453436e-16,-0.12777215169082573,3.337998628616333,65.94795276595987
-0.08076018148710593,-4.241114843905363e-17,-0.27347165741648943,1.7107405755299678e-16,-0.16709221779707523,-5.059824544477554e-17,0.5928475471821228,-1.8296988816005744e-16,-1.9179975658140715,1.552770149253627,3.604748806176454e-16,-0.9700434851886937,0.0,0.0,0.0,-0.22624999999999884,0.0,0.0,0.0,0.0,0.0,1.9049999999999985,-0.09266286915522469,-3.8800329496112366e-17,-0.04665453846276882,0.5974212196297544,-1.7811200613406972e-16,-0.04371432955811083,1.6339734780219184e-16,-0.14781227029643831,3.481994390487671,66.8345680356035
-0.06894731943175332,-4.611366565093832e-17,-0.3135322093372,1.7884530004812625e-16,-0.18577765882687727,-5.3918948263834276e-17,0.5884386583531376,-1.8728183302841155e-16,-2.0880576262569837,1.325457223710524,3.6167804455923023e-16,-0.940173642974949,0.0,0.0,0.0,-0.26631199999999877,0.0,0.0,0.0,0.0,0.0,2.101199999999998,-0.08076018148710593,-4.241114843905363e-17,-0.04722165741649059,0.5928475471821228,-1.8296988816005744e-16,-0.012997565814073075,1.7107405755299678e-16,-0.16709221779707523,3.6189935207366943,69.15388101690803
-0.0572199021655092,-4.989711507261648e-17,-0.35703531911865594,1.8668755877721297e-16,-0.20401503007408345,-5.73164027565535e-17,0.5843030682712744,-1.910631091394048e-16,-2.2622533518886123,1.1194766587604428,3.614875238286101e-16,-0.9176674204321607,0.0,0.0,0.0,-0.31029799999999874,0.0,0.0,0.0,0.0,0.0,2.2973999999999974,-0.06894731943175332,-4.611366565093832e-17,-0.047220209337201224,0.5884386583531376,-1.8728183302841155e-16,0.013142373743014524,1.7884530004812625e-16,-0.18577765882687727,3.7609994411468506,72.8699766451954
-0.04557167115817408,-5.375106760558264e-17,-0.40405953670737393,1.945775864535337e-16,-0.2219317685632794,-6.081082126815478e-17,0.5805200324622375,-1.9433214415721109e-16,-2.4401684069831835,0.9336093537008028,3.5984853964075667e-16,-0.901570444115404,0.0,0.0,0.0,-0.35820799999999875,0.0,0.0,0.0,0.0,0.0,2.4935999999999967,-0.0572199021655092,-4.989711507261648e-17,-0.046737319118657195,0.5843030682712744,-1.910631091394048e-16,0.035146648111385126,1.8668755877721297e-16,-0.20401503007408345,3.9019980430603027,77.94575693639784
-0.033995018878525525,-5.766549123505478e-17,-0.4546753432749926,2.0249309717268958e-16,-0.23963732736349455,-6.442168859464621e-17,0.5771451955026177,-1.97110218790003e-16,-2.6214122497786794,0.7666096836556773,3.5674966971613727e-16,-0.8909790730507132,0.0,0.0,0.0,-0.4100419999999987,0.0,0.0,0.0,0.0,0.0,2.689799999999996,-0.04557167115817408,-5.375106760558264e-17,-0.045851536707375184,0.5805200324622375,-1.9433214415721109e-16,0.05343159301681322,1.945775864535337e-16,-0.2219317685632794,4.040998458862305,84.34490812574788
-0.022481414740020737,-6.163080488139074e-17,-0.5089456705759201,2.104133353037422e-16,-0.25722462937761054,-6.81675985050044e-17,0.574215218347861,-1.994211458435931e-16,-2.805620480314071,0.6172262571774106,3.522155735723831e-16,-0.8850625293175871,0.0,0.0,0.0,-0.46579999999999855,0.0,0.0,0.0,0.0,0.0,2.8859999999999952,-0.033995018878525525,-5.766549123505478e-17,-0.04463334327499391,0.5771451955026177,-1.97110218790003e-16,0.0683877502213166,2.0249309717268958e-16,-0.23963732736349455,4.181994676589966,92.03315721867334
-0.011021747145866907,-6.563792555805811e-17,-0.5669264227400069,2.183195158538468e-16,-0.2747717171238466,-7.20661670871824e-17,0.5717515410675216,-2.0129092182314477e-16,-2.99245473609461,0.4842181082064506,3.4629941191673975e-16,-0.8830728275258353,0.0,0.0,0.0,-0.5254819999999985,0.0,0.0,0.0,0.0,0.0,3.0821999999999945,-0.022481414740020737,-6.163080488139074e-17,-0.04314567057592156,0.574215218347861,-1.994211458435931e-16,0.08037951968592427,2.104133353037422e-16,-0.25722462937761054,4.321994066238403,100.97903612441863
0.00039340258612653506,-6.967830827079735e-17,-0.6286669926802602,2.26195139105031e-16,-0.29234343891281833,-7.613400498436871e-17,0.5697634321318226,-2.0274734945078017e-16,-3.1816022579307135,0.36636738867034946,3.3907546573888184e-16,-0.884346657539319,0.0,0.0,0.0,-0.5890879999999984,0.0,0.0,0.0,0.0,0.0,3.2783999999999938,-0.011021747145866907,-6.563792555805811e-17,-0.04144442274000848,0.5717515410675216,-2.0129092182314477e-16,0.0897452639053844,2.183195158538468e-16,-0.2747717171238466,4.462993621826172,111.15429223740185
0.01177354150042208,-7.374397813478952e-17,-0.6942107673991553,2.340261882927029e-16,-0.30999307271095544,-8.038673402477681e-17,0.568250459297732,-2.0381963694843708e-16,-3.3727752139588056,0.26248932307899864,3.306322992141344e-16,-0.8883022875704903,0.0,0.0,0.0,-0.6566179999999983,0.0,0.0,0.0,0.0,0.0,3.474599999999993,0.00039340258612653506,-6.967830827079735e-17,-0.03957899268026177,0.5697634321318226,-2.0274734945078017e-16,0.09679774206928027,2.26195139105031e-16,-0.29234343891281833,4.602993488311768,122.53403895812282
0.02312809106385565,-7.782755434742485e-17,-0.7635956179980615,2.418012231006232e-16,-0.3277638321843429,-8.483903680109768e-17,0.5672044970456251,-2.0453798431509537e-16,-3.5657098459318157,0.171439970430726,3.2106667794542727e-16,-0.8944336644923878,0.0,0.0,0.0,-0.728071999999998,0.0,0.0,0.0,0.0,0.0,3.6707999999999923,0.01177354150042208,-7.374397813478952e-17,-0.03759276739915707,0.568250459297732,-2.0381963694843708e-16,0.10182478604118739,2.340261882927029e-16,-0.30999307271095544,4.744997978210449,135.09671474097954
0.03446624968607,-8.192226587798924e-17,-0.8368543713112292,2.495113840608209e-16,-0.345690228830849,-8.950473035752702e-17,0.5666113651758098,-2.0493316874134435e-16,-3.760165485384944,0.09212218967865782,3.1047835056715763e-16,-0.9023031938171189,0.0,0.0,0.0,-0.803449999999998,0.0,0.0,0.0,0.0,0.0,3.8669999999999916,0.02312809106385565,-7.782755434742485e-17,-0.03552361799806347,0.5672044970456251,-2.0453798431509537e-16,0.10509015406817657,2.418012231006232e-16,-0.3277638321843429,4.883997201919556,148.82390512536762
0.04579688508330094,-8.602195897934956e-17,-0.9140152609245886,2.5715032389663927e-16,-0.3637992831954668,-9.439685728918448e-17,0.5664521745472844,-2.0503614139468698e-16,-3.955923475950993,0.023490104081914542,2.989657244013494e-16,-0.9115341616616535,0.0,0.0,0.0,-0.8827519999999978,0.0,0.0,0.0,0.0,0.0,4.063199999999991,0.03446624968607,-8.192226587798924e-17,-0.033404371311231196,0.5666113651758098,-2.0493316874134435e-16,0.10683451461504756,2.495113840608209e-16,-0.345690228830849,5.0289976596832275,163.7000729568172
0.05712845122752295,-9.012109685987709e-17,-0.9951023559865997,2.647140817560971e-16,-0.38211158979589693,-9.95277892849874e-17,0.5667044398749164,-2.0487764665806657e-16,-4.1527860302501125,-0.035447707782231275,2.866224106214057e-16,-0.9218033854729355,0.0,0.0,0.0,-0.9659779999999976,0.0,0.0,0.0,0.0,0.0,4.259399999999992,0.04579688508330094,-8.602195897934956e-17,-0.03126326092459086,0.5664521745472844,-2.0503614139468698e-16,0.10727652404899812,2.5715032389663927e-16,-0.3637992831954668,5.166993618011475,179.7122345820692
0.06846892568819554,-9.421475205647313e-17,-1.0801359667314914,2.722009154421244e-16,-0.40064224682782734,-1.0490933950495735e-16,0.5673430061923417,-2.044878730015371e-16,-4.350575044239044,-0.08562611165361622,2.7353457704175296e-16,-0.9328344187997679,0.0,0.0,0.0,-1.0531279999999974,0.0,0.0,0.0,0.0,0.0,4.455599999999993,0.05712845122752295,-9.012109685987709e-17,-0.029124355986602124,0.5667044398749164,-2.0487764665806657e-16,0.1066139697498798,2.647140817560971e-16,-0.38211158979589693,5.30599308013916,196.84961293076762
0.07982576399896928,-9.829859221049139e-17,-1.1691330260526402,2.7961110540363954e-16,-0.419401664688854,-1.1055288123859847e-16,0.5683408248850317,-2.0389614240028894e-16,-4.54913088787584,-0.12792225553555558,2.597790233799012e-16,-0.9443914603721852,0.0,0.0,0.0,-1.1442019999999973,0.0,0.0,0.0,0.0,0.0,4.651799999999994,0.06846892568819554,-9.421475205647313e-17,-0.02700796673149397,0.5673430061923417,-2.044878730015371e-16,0.10502495576094972,2.722009154421244e-16,-0.40064224682782734,5.448997259140015,215.1032917581925
0.09120586831570274,-1.0236886006319817e-16,-1.2621074468104545,2.8694674260945667e-16,-0.43839626811337773,-1.164694711041951e-16,0.5696696067883147,-2.0313064287038897e-16,-4.748311187905578,-0.16315521454852122,2.4542188134313155e-16,-0.9562740060241077,0.0,0.0,0.0,-1.2391999999999972,0.0,0.0,0.0,0.0,0.0,4.847999999999995,0.07982576399896928,-9.829859221049139e-17,-0.02493102605264297,0.5683408248850317,-2.0389614240028894e-16,0.10266911212415408,2.7961110540363954e-16,-0.419401664688854,5.5889928340911865,234.46588902090207
0.10261556811721903,-1.0642234855668203e-16,-1.3590704548510582,2.9421151064586466e-16,-0.45762910613867025,-1.2266997567630444e-16,0.5713003733633133,-2.022182064779973e-16,-4.9479896161548,-0.19208632634253808,2.3051783744506337e-16,-0.9683122151313981,0.0,0.0,0.0,-1.3381219999999971,0.0,0.0,0.0,0.0,0.0,5.0441999999999965,0.09120586831570274,-1.0236886006319817e-16,-0.02290744681045731,0.5696696067883147,-2.0313064287038897e-16,0.09968881209441705,2.8694674260945667e-16,-0.43839626811337773,5.811997175216675,254.93126161149868
0.11406061107136464,-1.1045637195362726e-16,-1.4600308979597736,3.014104705811314e-16,-0.4771003828350145,-1.2916520091947323e-16,0.5732039220512484,-2.0118413321652526e-16,-5.148054694716745,-0.2154201122072169,2.1510977783271165e-16,-0.9803629271243364,0.0,0.0,0.0,-1.4409679999999971,0.0,0.0,0.0,0.0,0.0,5.2403999999999975,0.10261556811721903,-1.0642234855668203e-16,-0.020948454851061005,0.5713003733633133,-2.022182064779973e-16,0.09621038384519665,2.9421151064586466e-16,-0.45762910613867025,5.950993061065674,276.494248684422
0.1255461624742808,-1.1446873388088146e-16,-1.564995531183723,3.085498554165176e-16,-0.49680792013324865,-1.3596602420104192e-16,0.5753512182403664,-2.0005205950889557e-16,-5.348408627678207,-0.23380568840447719,1.9922875980583383e-16,-0.992306247822663,0.0,0.0,0.0,-1.547737999999997,0.0,0.0,0.0,0.0,0.0,5.4365999999999985,0.11406061107136464,-1.1045637195362726e-16,-0.019062897959776448,0.5732039220512484,-2.0118413321652526e-16,0.0923453052832528,3.014104705811314e-16,-0.4771003828350145,6.087992429733276,299.1504566766651
0.13707681189251814,-1.1845769316401346e-16,-1.6739692791354908,3.1563687935687297e-16,-0.5167475624249617,-1.430835289875792e-16,0.57771372358337,-1.9884386880430354e-16,-5.548966167498598,-0.24783858044097307,1.8289422270018975e-16,-1.0040426223219412,0.0,0.0,0.0,-1.6584319999999968,0.0,0.0,0.0,0.0,0.0,5.6328,0.1255461624742808,-1.1446873388088146e-16,-0.01725753118372597,0.5753512182403664,-2.0005205950889557e-16,0.0881913723217913,3.085498554165176e-16,-0.49680792013324865,6.2309935092926025,322.8960858963457
0.148656585812828,-1.2242192826000329e-16,-1.7869554760380117,3.226795657254885e-16,-0.5369135310435162,-1.5052914262380428e-16,0.5802636684476175,-1.9757964079468138e-16,-5.749653522753491,-0.25806286053165284,1.6611436024593434e-16,-1.0154903156833064,0.0,0.0,0.0,-1.773049999999997,0.0,0.0,0.0,0.0,0.0,5.829000000000001,0.13707681189251814,-1.1845769316401346e-16,-0.015537279135493964,0.57771372358337,-1.9884386880430354e-16,0.08383383250140142,3.1563687935687297e-16,-0.5167475624249617,6.371992349624634,347.7277961805939
0.1602889652461075,-1.2636050101943536e-16,-1.9039560843922556,3.296865961406544e-16,-0.5572987353369171,-1.5831477786999083e-16,0.5829742748803286,-1.9627763514852682e-16,-5.950407312670908,-0.26497353568337145,1.4888658651152116e-16,-1.0265832311854504,0.0,0.0,0.0,-1.8915919999999968,0.0,0.0,0.0,0.0,0.0,6.025200000000002,0.148656585812828,-1.2242192826000329e-16,-0.013905476038014841,0.5802636684476175,-1.9757964079468138e-16,0.07934647724651,3.226795657254885e-16,-0.5369135310435162,6.510996341705322,373.6426075276641
0.17197690734970592,-1.3027282042401582e-16,-2.024971893246012,3.3666718257457587e-16,-0.5778950458488439,-1.664529791498618e-16,0.5858199354795091,-1.9495430530951925e-16,-6.151173572704732,-0.2690191207991173,1.311980374216663e-16,-1.0372690060549177,0.0,0.0,0.0,-2.014057999999997,0.0,0.0,0.0,0.0,0.0,6.221400000000003,0.1602889652461075,-1.2636050101943536e-16,-0.012364084392258778,0.5829742748803286,-1.9627763514852682e-16,0.07479268732909361,3.296865961406544e-16,-0.5572987353369171,6.649996280670166,400.63783067516374
0.18372287023313388,-1.3415860685500252e-16,-2.150002697116054,3.4363096312791104e-16,-0.5986935341355308,-1.749570747492862e-16,0.5887763528632866,-1.936243377891506e-16,-6.351906814299458,-0.2706043380253117,1.1302605908813448e-16,-1.0475073349360509,0.0,0.0,0.0,-2.140447999999997,0.0,0.0,0.0,0.0,0.0,6.417600000000004,0.17197690734970592,-1.3027282042401582e-16,-0.010913893246015327,0.5858199354795091,-1.9495430530951925e-16,0.07022642729527107,3.3666718257457587e-16,-0.5778950458488439,6.805996417999268,428.7110222044605
0.19552884020113984,-1.3801785735739423e-16,-2.2790474566690673,3.505879217671685e-16,-0.6196846829500082,-1.8384133651874916e-16,0.5918206439373093,-1.923007124500229e-16,-6.5525691410018965,-0.2700928902371876,9.433864245136171e-17,-1.0572684810339892,0.0,0.0,0.0,-2.270761999999997,0.0,0.0,0.0,0.0,0.0,6.613800000000005,0.18372287023313388,-1.3415860685500252e-16,-0.009554697116056943,0.5887763528632866,-1.936243377891506e-16,0.06569318570054605,3.4363096312791104e-16,-0.5986935341355308,6.949993133544922,457.85995877888905
0.20739636076855966,-1.4185081227674633e-16,-2.4121044423007714,3.5754833187520443e-16,-0.6408585698991023,-1.9312114898166472e-16,0.5949314128046719,-1.909947794851906e-16,-6.7531294221684846,-0.26781026304955324,7.509477075078114e-17,-1.06653194341024,0.0,0.0,0.0,-2.404999999999997,0.0,0.0,0.0,0.0,0.0,6.810000000000006,0.19552884020113984,-1.3801785735739423e-16,-0.008285456669070435,0.5918206439373093,-1.923007124500229e-16,0.06123085899810832,3.505879217671685e-16,-0.6196846829500082,7.103996992111206,488.08262545702377
0.21932656285556304,-1.4565792356268627e-16,-2.54917136176948,3.6452272324292347e-16,-0.6622050271962802,-2.0281319014932149e-16,0.5980887958956653,-1.8971634910880468e-16,-6.9535625247023525,-0.2640465160040077,5.524465196174525e-17,-1.0752852561427737,0.0,0.0,0.0,-2.5431619999999975,0.0,0.0,0.0,0.0,0.0,7.006200000000007,0.20739636076855966,-1.4185081227674633e-16,-0.0071044423007742274,0.5949314128046719,-1.909947794851906e-16,0.056870577831521274,3.5754833187520443e-16,-0.6408585698991023,7.24299693107605,519.3772135613647
0.23132019564131348,-1.4943982495726906e-16,-2.6902454730418306,3.7152187206906154e-16,-0.6837137797684033,-2.129356268071249e-16,0.6012744826793786,-1.884737903494742e-16,-7.153848602532701,-0.25905902956469745,3.472981245860384e-17,-1.0835229009640397,0.0,0.0,0.0,-2.6852479999999974,0.0,0.0,0.0,0.0,0.0,7.202400000000008,0.21932656285556304,-1.4565792356268627e-16,-0.006009361769482524,0.5980887958956653,-1.8971634910880468e-16,0.05263747529765439,3.6452272324292347e-16,-0.6622050271962802,7.385992765426636,551.742124242137
0.24337765761941266,-1.5319730421827431e-16,-2.83532368349636,3.7855681362275685e-16,-0.7053745637018994,-2.2350832758495757e-16,0.6044717151305379,-1.8727413575105246e-16,-7.353972442920252,-0.25307518020201797,1.3483030725362948e-17,-1.0912453196441616,0.0,0.0,0.0,-2.8312579999999974,0.0,0.0,0.0,0.0,0.0,7.398600000000009,0.23132019564131348,-1.4943982495726906e-16,-0.004997473041833178,0.6012744826793786,-1.884737903494742e-16,0.048551397467306856,3.7152187206906154e-16,-0.6837137797684033,7.524996519088745,585.1759745862548
0.2554990274601792,-1.5693127746790976e-16,-2.9844026366069145,3.856388774522591e-16,-0.7271772268116684,-2.3455309778103147e-16,0.6076652689461135,-1.861231892124928e-16,-7.553922868135171,-0.2462949211092223,-8.571909111176722e-18,-1.0984580159306123,0.0,0.0,0.0,-2.981191999999998,0.0,0.0,0.0,0.0,0.0,7.59480000000001,0.24337765761941266,-1.5319730421827431e-16,-0.004065683496362826,0.6044717151305379,-1.8727413575105246e-16,0.04462755707975674,3.7855681362275685e-16,-0.7053745637018994,7.663991689682007,619.6776038290812
0.2676840943429086,-1.6064276570624274e-16,-3.1374787871943224,3.9277974538975506e-16,-0.7491118129653754,-2.460939407045499e-16,0.6108414193268168,-1.8502563462080355e-16,-7.753692190605591,-0.23889325094429245,-3.152066486448084e-17,-1.105170739453559,0.0,0.0,0.0,-3.135049999999998,0.0,0.0,0.0,0.0,0.0,7.791000000000011,0.2554990274601792,-1.5693127746790976e-16,-0.0032106366069166725,0.6076652689461135,-1.861231892124928e-16,0.0408771318648391,3.856388774522591e-16,-0.7271772268116684,7.8049962520599365,655.2460778920696
0.2799323874757082,-1.643328734858058e-16,-3.2945484662930964,3.9999153311089372e-16,-0.7711686316811996,-2.5815735127790174e-16,0.6139878939531458,-1.8398514333550368e-16,-7.953275719271808,-0.23102255739017252,-5.5459008402061754e-17,-1.1113967458255445,0.0,0.0,0.0,-3.292831999999998,0.0,0.0,0.0,0.0,0.0,7.987200000000012,0.2676840943429086,-1.6064276570624274e-16,-0.0024287871943244888,0.6108414193268168,-1.8502563462080355e-16,0.03730780939442013,3.9277974538975506e-16,-0.7491118129653754,7.944996118545532,691.8806910662107
0.2922432045711613,-1.6800276970876033e-16,-3.4556079366318024,4.072868966712262e-16,-0.7933383144262653,-2.707726488463452e-16,0.6170938155921657,-1.8300447895994778e-16,-8.152671314598798,-0.22281482626632024,-8.049375009809482e-17,-1.1171521283651122,0.0,0.0,0.0,-3.454537999999998,0.0,0.0,0.0,0.0,0.0,8.18340000000001,0.2799323874757082,-1.643328734858058e-16,-0.0017164662930984065,0.6139878939531458,-1.8398514333550368e-16,0.03392428072820408,3.9999153311089372e-16,-0.7711686316811996,8.085997104644775,729.5809641734836
0.3046156390927849,-1.7165367048014472e-16,-3.620653439672711,4.146791662848075e-16,-0.8156118589665683,-2.8397235765104525e-16,0.6201496365701924,-1.8208559817849268e-16,-8.351878989492036,-0.21438371039533627,-1.0674394999398564e-16,-1.1224552176028748,0.0,0.0,0.0,-3.6201679999999983,0.0,0.0,0.0,0.0,0.0,8.379600000000007,0.2922432045711613,-1.6800276970876033e-16,-0.0010699366318043246,0.6170938155921657,-1.8300447895994778e-16,0.03072868540121121,4.072868966712262e-16,-0.7933383144262653,8.224998712539673,768.3466389595798
0.31704860612988744,-1.7528682392938464e-16,-3.789681235099852,4.2218251067194056e-16,-0.8379806630502695,-2.977926453211713e-16,0.6231470671400643,-1.8122974674550068e-16,-8.550900553221986,-0.20582645543874176,-1.3434245914352038e-16,-1.127326045110542,0.0,0.0,0.0,-3.7897219999999985,0.0,0.0,0.0,0.0,0.0,8.575800000000005,0.3046156390927849,-1.7165367048014472e-16,-0.0004854396727127508,0.6201496365701924,-1.8208559817849268e-16,0.027721010507971044,4.146791662848075e-16,-0.8156118589665683,8.36499810218811,808.1776688007126
0.32954086679691524,-1.7890349689665558e-16,-3.962687633585918,4.29812136642349e-16,-0.8604365486401164,-3.1227383215454706e-16,0.6260789995627161,-1.8043754998159186e-16,-8.749739295384572,-0.19722568247825778,-1.6343784683423861e-16,-1.1317858683373734,0.0,0.0,0.0,-3.9631999999999987,0.0,0.0,0.0,0.0,0.0,8.772000000000002,0.31704860612988744,-1.7528682392938464e-16,4.076490014659484e-05,0.6231470671400643,-1.8122974674550068e-16,0.024899446778018586,4.2218251067194056e-16,-0.8379806630502695,8.504998922348022,849.0742060507795
0.34209105108768845,-1.8250496337012157e-16,-4.139669023608764,4.3758453028241534e-16,-0.8829717778443815,-3.2746098704856204e-16,0.6289394295146062,-1.7970909736500571e-16,-8.948399706900119,-0.1886510292544357,-1.9419678550843e-16,-1.1358567531296044,0.0,0.0,0.0,-4.140601999999999,0.0,0.0,0.0,0.0,0.0,8.9682,0.32954086679691524,-1.7890349689665558e-16,0.0005123664140809225,0.6260789995627161,-1.8043754998159186e-16,0.02226070461543017,4.29812136642349e-16,-0.8604365486401164,8.647998094558716,891.0365865207878
0.35469767914512085,-1.8609249455380403e-16,-4.320621893028519,4.455177483026406e-16,-0.9055790616274896,-3.4340462993766744e-16,0.6317233762286325,-1.7904402100324072e-16,-9.146887235075326,-0.18016065371564668,-2.268069864110134e-16,-1.1395612105159554,0.0,0.0,0.0,-4.321927999999998,0.0,0.0,0.0,0.0,0.0,9.164399999999997,0.34209105108768845,-1.8250496337012157e-16,0.0009329763912342415,0.6289394295146062,-1.7970909736500571e-16,0.019800293099880406,4.3758453028241534e-16,-0.8829717778443815,8.785998344421387,934.0653116810025
0.367359180933202,-1.8966735044318676e-16,-4.505542846077406,4.536317709479432e-16,-0.9282515623107801,-3.6016156579867816e-16,0.6344268025794839,-1.7844156793503101e-16,-9.34520806981341,-0.1718026049040383,-2.614808069067852e-16,-1.142921884217862,0.0,0.0,0.0,-4.507177999999999,0.0,0.0,0.0,0.0,0.0,9.360599999999994,0.35469767914512085,-1.8609249455380403e-16,0.0013061069714792595,0.6317233762286325,-1.7904402100324072e-16,0.01751276492467113,4.455177483026406e-16,-0.9055790616274896,8.927001953125,978.1610292192937
0.38007391432037335,-1.9323077278602148e-16,-4.694428616357042,4.619489316266323e-16,-0.9509828908007305,-3.7779588212817253e-16,0.6370465361376489,-1.7790066634844237e-16,-9.54336895815026,-0.1636160672532603,-2.9845968736366845e-16,-1.1459612852229917,0.0,0.0,0.0,-4.696351999999998,0.0,0.0,0.0,0.0,0.0,9.556799999999992,0.367359180933202,-1.8966735044318676e-16,0.0016351539225931688,0.6344268025794839,-1.7844156793503101e-16,0.015391930186584801,4.536317709479432e-16,-0.9282515623107801,9.066998481750488,1023.3245125880594
0.3928401816021659,-1.9678397930861655e-16,-4.887276076382668,4.704944434294442e-16,-0.973767099407076,-3.9638015087870266e-16,0.6395801920416047,-1.7741998591106225e-16,-9.74137704441236,-0.15563248512786632,-3.3801962480974094e-16,-1.148701569670651,0.0,0.0,0.0,-4.889449999999998,0.0,0.0,0.0,0.0,0.0,9.75299999999999,0.38007391432037335,-1.9323077278602148e-16,0.001923383642956189,0.6370465361376489,-1.7790066634844237e-16,0.013431041849731429,4.619489316266323e-16,-0.9509828908007305,9.21300220489502,1069.556640138027
0.40565624450634824,-2.003281590926946e-16,-5.084082244161084,4.792970495031415e-16,-0.9965986710374581,-4.159968880173142e-16,0.6420260983766288,-1.7699799249674046e-16,-9.939239733429119,-0.14787657493796164,-3.804779570042571e-16,-1.151164356251658,0.0,0.0,0.0,-5.086471999999998,0.0,0.0,0.0,0.0,0.0,9.949199999999987,0.3928401816021659,-1.9678397930861655e-16,0.0021739236173301535,0.6395801920416047,-1.7741998591106225e-16,0.011622955587629491,4.704944434294442e-16,-0.973767099407076,9.349006414413452,1116.8583743798367
0.41852033773613656,-2.038644689943026e-16,-5.2848442872392045,4.883898335687018e-16,-1.019472505479567,-4.367403403723083e-16,0.6443832246022063,-1.766329976640642e-16,-10.136964574383015,-0.1403672324475426,-4.2620182102473916e-16,-1.153370579330832,0.0,0.0,0.0,-5.287417999999998,0.0,0.0,0.0,0.0,0.0,10.145399999999984,0.40565624450634824,-2.003281590926946e-16,0.0023897558389140983,0.6420260983766288,-1.7699799249674046e-16,0.009960266570868015,4.792970495031415e-16,-0.9965986710374581,9.490002393722534,1165.230741842327
0.4314306811165453,-2.0739403100393096e-16,-5.489559524613436,4.978112398529229e-16,-1.0423839034072575,-4.587186920599932e-16,0.646651113438671,-1.7632320329877022e-16,-10.334559163040183,-0.13311834300040332,-4.756187750921475e-16,-1.1553403740582127,0.0,0.0,0.0,-5.492287999999998,0.0,0.0,0.0,0.0,0.0,10.341599999999982,0.41852033773613656,-2.038644689943026e-16,0.002573712760793434,0.6443832246022063,-1.766329976640642e-16,0.008435425616969638,4.883898335687018e-16,-1.019472505479567,9.64499831199646,1214.674813916882
0.44438549041600744,-2.1091793045571675e-16,-5.698225426846519,5.076063700226853e-16,-1.0653285486747919,-4.820568141954637e-16,0.6488298165075397,-1.7606674187981054e-16,-10.532031060267968,-0.12613950234120483,-5.292302461824545e-16,-1.157092989842301,0.0,0.0,0.0,-5.701081999999997,0.0,0.0,0.0,0.0,0.0,10.53779999999998,0.4314306811165453,-2.0739403100393096e-16,0.002728475386561513,0.646651113438671,-1.7632320329877022e-16,0.007040836959799179,4.978112398529229e-16,-1.0423839034072575,9.78900146484375,1265.1916889957963
0.4573829869202701,-2.1443721500322745e-16,-5.9108396146983075,5.178286509574608e-16,-1.0883024893940554,-5.068997257982326e-16,0.6509198339187285,-1.7586171287126111e-16,-10.729387724910922,-0.119436655547284,-5.876287116825708e-16,-1.1586467287091278,0.0,0.0,0.0,-5.913799999999997,0.0,0.0,0.0,0.0,0.0,10.733999999999977,0.44438549041600744,-2.1091793045571675e-16,0.0028565731534779815,0.6488298165075397,-1.7606674187981054e-16,0.005768939732011091,5.076063700226853e-16,-1.0653285486747919,9.927997827529907,1316.7824761335855
0.4704214058385651,-2.1795289428978702e-16,-6.127399856540011,5.285420053923053e-16,-1.1113021182240332,-5.334169969404339e-16,0.6529220579107753,-1.7570621578469265e-16,-10.926636459259448,-0.11301266132721335,-6.515198756628427e-16,-1.1600189052576724,0.0,0.0,0.0,-6.130441999999996,0.0,0.0,0.0,0.0,0.0,10.930199999999974,0.4573829869202701,-2.1443721500322745e-16,0.0029603853016890724,0.6509198339187285,-1.7586171287126111e-16,0.004612275089055373,5.178286509574608e-16,-1.0883024893940554,10.066996812820435,1369.4482803869084
0.4834990036234384,-2.2146594025268267e-16,-6.347904064787646,5.398237139970017e-16,-1.1343241522405478,-5.618084168209048e-16,0.6548377205765525,-1.7559838050487273e-16,-11.123784365504022,-0.10686778861702904,-7.217516133387678e-16,-1.1612258251360341,0.0,0.0,0.0,-6.351007999999996,0.0,0.0,0.0,0.0,0.0,11.126399999999972,0.4704214058385651,-2.1795289428978702e-16,0.0030421434599849917,0.6529220579107753,-1.7570621578469265e-16,0.0035635407405258945,5.285420053923053e-16,-1.1113021182240332,10.21200180053711,1423.190189922921
0.49661406428566135,-2.2497728801306266e-16,-6.572350291559888,5.517682426721967e-16,-1.157365612697662,-5.923113848096212e-16,0.6566683456457405,-1.755363955331265e-16,-11.320838311720173,-0.10100015202975964,-7.993522168171453e-16,-1.16228277919644,0.0,0.0,0.0,-6.575497999999995,0.0,0.0,0.0,0.0,0.0,11.32259999999997,0.4834990036234384,-2.2146594025268267e-16,0.00310393521234964,0.6548377205765525,-1.7559838050487273e-16,0.0026156344959495925,5.398237139970017e-16,-1.1343241522405478,10.348997831344604,1478.0092649289481
0.5097649047845727,-2.284878373172661e-16,-6.800736723737832,5.644924398788031e-16,-1.1804238049404383,-6.252106863677698e-16,0.6584157042453926,-1.755185348872177e-16,-11.51780490607431,-0.09540609230507108,-8.855816203215998e-16,-1.163204050732169,0.0,0.0,0.0,-6.803911999999994,0.0,0.0,0.0,0.0,0.0,11.518799999999967,0.49661406428566135,-2.2497728801306266e-16,0.003147708440106811,0.6566683456457405,-1.755363955331265e-16,0.0017616882797959477,5.517682426721967e-16,-1.157365612697662,10.4889976978302,1533.9065283086693
0.5229498795722285,-2.3199845451132e-16,-7.033061677579345,5.781427147761083e-16,-1.2034962986820041,-6.608516294105716e-16,0.6600817745201824,-1.7554318451817387e-16,-11.714690478076918,-0.09008050748211707,-9.820010441581872e-16,-1.1640029334491224,0.0,0.0,0.0,-7.036249999999994,0.0,0.0,0.0,0.0,0.0,11.714999999999964,0.5097649047845727,-2.284878373172661e-16,0.0031752762621621855,0.6584157042453926,-1.755185348872177e-16,0.0009950939256562208,5.644924398788031e-16,-1.1804238049404383,10.631057024002075,1590.8829581115704
0.5361673843670618,-2.3550997504933907e-16,-7.269323593018481,5.929051386177402e-16,-1.2265809088161408,-6.996580108795178e-16,0.6616687049631487,-1.7560886928373448e-16,-11.911501065836816,-0.08501714008585966,-1.0905692649683533e-15,-1.1646917580733849,0.0,0.0,0.0,-7.272511999999993,0.0,0.0,0.0,0.0,0.0,11.911199999999962,0.5229498795722285,-2.3199845451132e-16,0.003188322420649037,0.6600817745201824,-1.7554318451817387e-16,0.0003095219230466739,5.781427147761083e-16,-1.2034962986820041,10.770996809005737,1648.939481612733
