-0.3,0.0,-0.001962000001097968,-2.335092377605079e-16,0.025044453615205915,-2.9242084831439282e-18,0.0,0.0,-0.1962000001097968,-5.489839368042264e-09,-1.1673630912228698e-14,1.252288136944312,0.0,0.0,0.0,0.218038,0.0,0.0,0.0,0.0,0.0,-4.803799999999999,-0.3,0.0,-0.12,0.0,0.0,5.0,0.0,-0.0,0.09799981117248535,52241,125.60041127889657,149.9031587452
-0.3000000000000252,-2.3585563017157547e-28,-0.007848000004303952,-3.844259138819519e-16,0.04341253625963365,-8.6025967170824e-18,-2.5301400216961263e-12,-2.3585563017157545e-26,-0.3924000002108017,-5.05182619333244e-09,-7.536708053065103e-15,0.918501966963312,0.0,0.0,0.0,0.312152,0.0,0.0,0.0,0.0,0.0,-4.607599999999998,-0.3,0.0,-0.22000000000109798,0.0,0.0,4.607599999890202,-2.335092377605079e-16,0.025044453615205915,0.31599950790405273,43395.6,106.88720721139356,112.66625065430189
-0.300000000000115,-1.0547185469587412e-27,-0.017658000009423053,-4.747172361582158e-16,0.05688464123518166,-1.4397070984605144e-17,-6.4530405910740896e-12,-5.830072866155903e-26,-0.5886000003011083,-4.519585116552733e-09,-4.500585281580565e-15,0.6736966659019006,0.0,0.0,0.0,0.4023419999999999,0.0,0.0,0.0,0.0,0.0,-4.411399999999997,-0.3000000000000252,-2.3585563017157547e-28,-0.32000000000430395,-2.5301400216961263e-12,-2.3585563017157545e-26,4.2151999997891965,-3.844259138819519e-16,0.04341253625963365,0.48799943923950195,35373.3,89.83367179253288,84.80334219429379
-0.3000000000002879,-2.5864923798235738e-27,-0.031392000016215775,-5.204644223833514e-16,0.06676601624106156,-1.9323344589067206e-17,-1.0841080671555432e-11,-9.48766546249242e-26,-0.7848000003781641,-3.859044721485098e-09,-2.272465945554991e-15,0.4941435595709273,0.0,0.0,0.0,0.4886079999999999,0.0,0.0,0.0,0.0,0.0,-4.215199999999996,-0.300000000000115,-1.0547185469587412e-27,-0.42000000000942295,-6.4530405910740896e-12,-5.830072866155903e-26,3.822799999698889,-4.747172361582158e-16,0.05688464123518166,0.6569995880126953,28174,74.4293873934446,66.27307883310212
-0.300000000000545,-4.797343223709759e-27,-0.04905000002438121,-5.334926236519237e-16,0.0740137992301762,-2.3152243886645322e-17,-1.4867358940577477e-11,-1.2620842976369441e-25,-0.9810000004383788,-3.0174566166637087e-09,-6.380444971382577e-16,0.36244708169932865,0.0,0.0,0.0,0.5709499999999998,0.0,0.0,0.0,0.0,0.0,-4.018999999999995,-0.3000000000002879,-2.5864923798235738e-27,-0.5200000000162156,-1.0841080671555432e-11,-9.48766546249242e-26,3.430399999621832,-5.204644223833514e-16,0.06676601624106156,0.8099992275238037,21797.9,60.66907768608765,57.04763590897147
-0.30000000000087057,-7.524499354637859e-27,-0.07063200003352946,-5.2250391738734415e-16,0.07932993334204441,-2.5967420759798954e-17,-1.7689982687434954e-11,-1.4650718332911564e-25,-1.1772000004764454,-1.908564686369049e-09,5.60307807607465e-16,0.26585040596588433,0.0,0.0,0.0,0.6493679999999997,0.0,0.0,0.0,0.0,0.0,-3.8227999999999955,-0.300000000000545,-4.797343223709759e-27,-0.620000000024381,-1.4867358940577477e-11,-1.2620842976369441e-25,3.037999999561616,-5.334926236519237e-16,0.0740137992301762,0.9679994583129883,16244.7,48.55014402113472,57.107951281223606
-0.3000000000012304,-1.049429844605704e-26,-0.0961380000431343,-4.938990021045589e-16,0.08322924794851963,-2.795562065856665e-17,-1.8293803858514754e-11,-1.504727258128025e-25,-1.3734000004840412,-3.809753410086458e-10,1.4385550522684951e-15,0.19499826066747206,0.0,0.0,0.0,0.7238619999999997,0.0,0.0,0.0,0.0,0.0,-3.6265999999999963,-0.30000000000087057,-7.524499354637859e-27,-0.7200000000335292,-1.7689982687434954e-11,-1.4650718332911564e-25,2.64559999952355,-5.2250391738734415e-16,0.07932993334204441,1.1259992122650146,11514.5,38.071364195342504,66.44076706817853
-0.30000000000156535,-1.332111919904324e-26,-0.1255680000524449,-4.523803159615596e-16,0.0860893497194737,-2.931371172093885e-17,-1.5205174697698704e-11,-1.3220934948581744e-25,-1.5696000004470168,1.8576389903573007e-09,2.0820248502839124e-15,0.14302913728844896,0.0,0.0,0.0,0.7944319999999996,0.0,0.0,0.0,0.0,0.0,-3.430399999999997,-0.3000000000012304,-1.049429844605704e-26,-0.820000000043134,-1.8293803858514754e-11,-1.504727258128025e-25,2.253199999515955,-4.938990021045589e-16,0.08322924794851963,1.3029992580413818,7607.33,29.23220959472694,85.03674787500147
-0.3000000000004467,-8.52097247205066e-27,-0.1589220000448984,-4.014073307696073e-16,0.08818644376382488,-3.021235760819831e-17,1.2708059145822536e-10,6.122240221850754e-25,-1.765799998798333,8.27405911783297e-08,2.5529897409544575e-15,0.10487240950002744,0.0,0.0,0.0,0.8610779999999996,0.0,0.0,0.0,0.0,0.0,-3.2341999999999977,-0.30000000000156535,-1.332111919904324e-26,-0.9200000000524444,-1.5205174697698704e-11,-1.3220934948581744e-25,1.8607999995529803,-4.523803159615596e-16,0.0860893497194737,1.4499995708465576,4523.15,22.03248998395837,112.88925552759167
-0.29999999999628724,1.1048238413841135e-26,-0.19620000000256707,-3.4349386604257635e-16,0.08972502358698517,-3.078767731453038e-17,2.8886385060658567e-10,1.344697066404104e-24,-1.961999996968532,9.184696458902694e-08,2.8987187309758593e-15,0.07694201177803822,0.0,0.0,0.0,0.9237999999999995,0.0,0.0,0.0,0.0,0.0,-3.0379999999999985,-0.3000000000004467,-8.52097247205066e-27,-1.0200000000448979,1.2708059145822536e-10,6.122240221850754e-25,1.4684000012016647,-4.014073307696073e-16,0.08818644376382488,1.6049988269805908,2261.96,16.472173066081915,149.99354579236734
-0.2999999999884475,4.5784697873013733e-26,-0.2374019999190138,-2.805075544433973e-16,0.09085378520775522,-3.114129210940565e-17,4.951021426554605e-10,2.128948879513156e-24,-2.1581999946761443,1.1508231867473246e-07,3.1514434137845057e-15,0.056447645029592756,0.0,0.0,0.0,0.9825979999999995,0.0,0.0,0.0,0.0,0.0,-2.841799999999999,-0.29999999999628724,1.1048238413841135e-26,-1.1200000000025665,2.8886385060658567e-10,1.344697066404104e-24,1.0760000030314665,-3.4349386604257635e-16,0.08972502358698517,1.7599992752075195,823.758,12.551292248756079,196.34616848736528
-0.2999999999727645,1.060567666903519e-25,-0.2825279997490824,-2.138032866750301e-16,0.091681832683211,-3.134680386887087e-17,1.0731997273882928e-09,3.898258002220658e-24,-2.3543999883307163,3.185853286568198e-07,3.3367154381902004e-15,0.04140939437895605,0.0,0.0,0.0,1.0374719999999995,0.0,0.0,0.0,0.0,0.0,-2.6456,-0.2999999999884475,4.5784697873013733e-26,-1.2199999999190134,4.951021426554605e-10,2.128948879513156e-24,0.6836000053238549,-2.805075544433973e-16,0.09085378520775522,1.9189987182617188,208.542,10.269902623701208,251.9446466024725
-0.29994125930966314,1.3533492448632352e-19,-0.3309390946750125,-1.5886377793461736e-16,0.09228923180332325,-3.1460463206785136e-17,0.005874065236937388,1.3533477944697681e-17,-2.486709504262287,3.207997266324437,2.7479634229208498e-15,0.030375107644854717,0.0,0.0,0.0,1.0884219999999996,0.0,0.0,0.0,0.0,0.0,-2.4494000000000007,-0.2999999999727645,1.060567666903519e-25,-1.3199999997490819,1.0731997273882928e-09,3.898258002220658e-24,0.29120001166928366,-2.138032866750301e-16,0.091681832683211,2.084998607635498,215.076,10.142623478203367,316.78717990106446
-0.29969288431027385,6.275229578811352e-19,-0.3812210150721681,-1.2016282477763623e-16,0.0920866901148928,-3.143208544669341e-17,0.018963434701992597,3.568532539478349e-17,-2.541482535453279,7.101570090391396,1.9352452873357005e-15,-0.010128802463714046,0.0,0.0,0.0,1.1354479999999993,0.0,0.0,0.0,0.0,0.0,-2.2532000000000014,-0.29994125930966314,1.3533492448632352e-19,-1.4193610946750121,0.005874065236937388,1.3533477944697681e-17,-0.037309504262286186,-1.5886377793461736e-16,0.09228923180332325,2.2550008296966553,262.865,13.094092427923393,386.05258103141716
-0.2991264562235827,1.5799142246212043e-18,-0.431985987892497,-9.434962594796041e-17,0.09048422191602033,-3.1259492161135906e-17,0.03767937396712142,5.955380127922341e-17,-2.535014746579606,10.176507140163483,1.290092098966389e-15,-0.08013702002590266,0.0,0.0,0.0,1.1785499999999995,0.0,0.0,0.0,0.0,0.0,-2.057000000000002,-0.29969288431027385,6.275229578811352e-19,-1.5166690150721673,0.018963434701992597,3.568532539478349e-17,-0.2882825354532774,-1.2016282477763623e-16,0.0920866901148928,2.411999464035034,312.412,17.588621559716714,456.0996344277052
-0.298152284511645,2.9944164506634804e-18,-0.4822171197359834,-7.82441279793858e-17,0.08721231519739683,-3.0976018820008745e-17,0.059737797226648646,8.189642132500422e-17,-2.4880984377690383,12.205747994937813,8.041539067652954e-16,-0.16362328836579407,0.0,0.0,0.0,1.2177279999999997,0.0,0.0,0.0,0.0,0.0,-1.8608000000000022,-0.2991264562235827,1.5799142246212043e-18,-1.6105359878924965,0.03767937396712142,5.955380127922341e-17,-0.47801474657960386,-9.434962594796041e-17,0.09048422191602033,2.580998420715332,361.806,22.05739299829922,525.3760170783718
-0.296717210284667,4.8407802866264025e-18,-0.5311925238334286,-6.913125754200905e-17,0.08231589385075554,-3.06139131109904e-17,0.08376962547114594,1.0273996227128795e-16,-2.409441971975476,13.795253310224172,4.541884695026073e-16,-0.24486349669981192,0.0,0.0,0.0,1.2529819999999998,0.0,0.0,0.0,0.0,0.0,-1.664600000000002,-0.298152284511645,2.9944164506634804e-18,-1.6999451197359832,0.059737797226648646,8.189642132500422e-17,-0.627298437769036,-7.82441279793858e-17,0.08721231519739683,2.738999128341675,410.363,26.435379187467127,593.4166749473098
-0.2947931580757028,7.097034684006366e-18,-0.5783293910926909,-6.501076465503047e-17,0.07597338290568388,-3.01871793964611e-17,0.10863559542527648,1.2288547746670836e-16,-2.304244753950752,15.121061428914565,2.0437333144126835e-16,-0.31718188767700556,0.0,0.0,0.0,1.284312,0.0,0.0,0.0,0.0,0.0,-1.468400000000002,-0.296717210284667,4.8407802866264025e-18,-1.7841745238334283,0.08376962547114594,1.0273996227128795e-16,-0.7448419719754737,-6.913125754200905e-17,0.08231589385075554,2.9069981575012207,457.34,30.636868424962376,659.3076268422853
-0.29237424459001654,9.758190701585072e-18,-0.623141894108664,-6.450016172522016e-17,0.06843805740609107,-2.969795227848467e-17,0.13325575314334662,1.432301242911623e-16,-2.1770055476465733,16.218744737243057,2.3769680517237485e-17,-0.3768356258807518,0.0,0.0,0.0,1.311718,0.0,0.0,0.0,0.0,0.0,-1.2722000000000018,-0.2947931580757028,7.097034684006366e-18,-1.8626413910926907,0.10863559542527648,1.2288547746670836e-16,-0.8358447539507499,-6.501076465503047e-17,0.07597338290568388,3.0609939098358154,502.006,34.52221458739155,722.0885802576147
-0.28947499263916776,1.2836676907100685e-17,-0.6652281976139464,-6.668297286959335e-17,0.06001344646809788,-2.914422882983775e-17,0.15666944194153268,1.6461849626039896e-16,-2.031624802881661,17.119112565878705,-1.1093819492123204e-16,-0.4213115709030464,0.0,0.0,0.0,1.3352,0.0,0.0,0.0,0.0,0.0,-1.0760000000000016,-0.29237424459001654,9.758190701585072e-18,-1.9348598941086639,0.13325575314334662,1.432301242911623e-16,-0.9048055476465715,-6.450016172522016e-17,0.06843805740609107,3.2169930934906006,543.754,38.01347318029568,780.9306473738434
-0.2861274966159396,1.6360851452428398e-17,-0.7042593242693869,-7.098045152390015e-17,0.05102857399580697,-2.852483232871771e-17,0.1780801603812814,1.8779895827237236e-16,-1.8714878626623945,17.848979930862686,-2.1663484514057496e-16,-0.4493343875627767,0.0,0.0,0.0,1.354758,0.0,0.0,0.0,0.0,0.0,-0.8798000000000015,-0.28947499263916776,1.2836676907100685e-17,-2.0004281976139464,0.15666944194153268,1.6461849626039896e-16,-0.9556248028816594,-6.668297286959335e-17,0.06001344646809788,3.3719980716705322,582.088,41.073771482460714,835.1247188225697
-0.28237786608854337,2.037312562655543e-17,-0.7399695346105244,-7.705240103491477e-17,0.04181465151054403,-2.784211764532985e-17,0.19688289235834502,2.1342845914033075e-16,-1.6995331714513662,18.431726681898866,-3.052442438978942e-16,-0.4607940119695757,0.0,0.0,0.0,1.3703919999999998,0.0,0.0,0.0,0.0,0.0,-0.6836000000000013,-0.2861274966159396,1.6360851452428398e-17,-2.0590173242693868,0.1780801603812814,1.8779895827237236e-16,-0.9916878626623931,-7.098045152390015e-17,0.05102857399580697,3.5269932746887207,616.602,43.6929567888772,884.0721548814365
-0.27828229730853526,2.4928367573352278e-17,-0.7721479494808987,-8.472492908916849e-17,0.03268469695151661,-2.710309772402425e-17,0.212673985642468,2.4209573553935387e-16,-1.5183083155860708,18.887752675480417,-3.850856780085963e-16,-0.4565995104299253,0.0,0.0,0.0,1.3821019999999997,0.0,0.0,0.0,0.0,0.0,-0.4874000000000012,-0.28237786608854337,2.037312562655543e-17,-2.110361534610524,0.19688289235834502,2.1342845914033075e-16,-1.0159331714513649,-7.705240103491477e-17,0.04181465151054403,3.688997983932495,646.969,45.877757278451966,927.2770843262331
-0.2739031029389697,3.009280927280038e-17,-0.8006312006273255,-9.393908125313193e-17,0.023917179776252673,-2.631956658195723e-17,0.22524545131408794,2.7434843440545663e-16,-1.3300167990566014,19.234849104702132,-4.61920776812593e-16,-0.43847793241407557,0.0,0.0,0.0,1.389888,0.0,0.0,0.0,0.0,0.0,-0.2912000000000013,-0.27828229730853526,2.4928367573352278e-17,-2.1542499494808984,0.212673985642468,2.4209573553935387e-16,-1.0309083155860697,-8.472492908916849e-17,0.03268469695151661,3.8579928874969482,672.938,47.64510590170444,964.3397541061336
-0.2693049807774054,3.5943471110621986e-17,-0.8252969500601943,-1.0471678144869913e-16,0.015744320548051985,-2.5507615992874077e-17,0.23456676484234343,3.107177493767036e-16,-1.1365581442302752,19.48850649530088,-5.398174363292293e-16,-0.4087416962312892,0.0,0.0,0.0,1.3937499999999998,0.0,0.0,0.0,0.0,0.0,-0.09500000000000125,-0.2739031029389697,3.009280927280038e-17,-2.1905192006273255,0.22524545131408794,2.7434843440545663e-16,-1.0388167990566002,-9.393908125313193e-17,0.023917179776252673,4.011993646621704,694.321,49.01767358430568,994.9506118807244
-0.26455173451251435,4.2568038891475525e-17,-0.8460581647734651,-1.1713782624885062e-16,0.008345191137415602,-2.4686792848587122e-17,0.24075786164676163,3.5173902870865043e-16,-0.9395633270968033,19.662177772328903,-6.216984682478314e-16,-0.3700485762191122,0.0,0.0,0.0,1.393688,0.0,0.0,0.0,0.0,0.0,0.10119999999999876,-0.2693049807774054,3.5943471110621986e-17,-2.219046950060194,0.23456676484234343,3.107177493767036e-16,-1.041558144230274,-1.0471678144869913e-16,0.015744320548051985,4.170992374420166,710.991,50.02094532423885,1018.884969958402
-0.2597035849314655,5.006510963769064e-17,-0.8628580668351808,-1.3132652251377101e-16,0.0018433362132387365,-2.387904421548325e-17,0.2440570964581216,3.9796804591286145e-16,-0.7404268790747677,19.767510723724186,-7.098188515108484e-16,-0.32517556977062284,0.0,0.0,0.0,1.3897019999999998,0.0,0.0,0.0,0.0,0.0,0.2973999999999988,-0.26455173451251435,4.2568038891475525e-17,-2.2397461647734653,0.24075786164676163,3.5173902870865043e-16,-1.0407633270968022,-1.1713782624885062e-16,0.008345191137415602,4.3239922523498535,722.873,50.68137494838868,1035.9981902788477
-0.254815138027488,5.854473155448682e-17,-0.8756656992837053,-1.4744276181360952e-16,-0.003691689396530236,-2.3107547306862703e-17,0.24478759393962826,4.499941457667568e-16,-0.5403363657776759,19.814559328675657,-8.059830214120264e-16,-0.276822982483803,0.0,0.0,0.0,1.381792,0.0,0.0,0.0,0.0,0.0,0.4935999999999987,-0.2597035849314655,5.006510963769064e-17,-2.252560066835181,0.2440570964581216,3.9796804591286145e-16,-1.0378268790747665,-1.3132652251377101e-16,0.0018433362132387365,4.485997200012207,729.946,51.025293127045956,1046.2213597946989
-0.24993401404996163,6.81291790622078e-17,-0.884472057818336,-1.6567675729072085e-16,-0.008239680478214382,-2.239550285974995e-17,0.2433248038130085,5.084506050053416e-16,-0.3402994876853962,19.811978908937302,-9.117246991058635e-16,-0.22745915223110294,0.0,0.0,0.0,1.369958,0.0,0.0,0.0,0.0,0.0,0.6897999999999989,-0.254815138027488,5.854473155448682e-17,-2.257457699283705,0.24478759393962826,4.499941457667568e-16,-1.0339363657776746,-1.4744276181360952e-16,-0.003691689396530236,4.65099310874939,732.234,51.07833740679624,1049.5574170348232
-0.24510009269845867,7.895391402949541e-17,-0.8892867404445851,-1.862479875536938e-16,-0.01182294170746761,-2.1764952325161396e-17,0.2400673313372871,5.740228917234191e-16,-0.14116877493950195,19.767206654400287,-1.0285156302020671e-15,-0.17921036372228769,0.0,0.0,0.0,1.3542,0.0,0.0,0.0,0.0,0.0,0.885999999999999,-0.24993401404996163,6.81291790622078e-17,-2.254430057818336,0.2433248038130085,5.084506050053416e-16,-1.030099487685395,-1.6567675729072085e-16,-0.008239680478214382,4.810993671417236,729.807,50.86523728355486,1046.0776673880289
-0.24034529575605648,9.116870394994478e-17,-0.8901350657117285,-2.094035676699116e-16,-0.014498141172712913,-2.1235683234492324e-17,0.23541236290293036,6.474561003215185e-16,0.05633624822515742,19.68662705977142,-1.1577369440025772e-15,-0.1337954396663624,0.0,0.0,0.0,1.334518,0.0,0.0,0.0,0.0,0.0,1.0821999999999992,-0.24510009269845867,7.895391402949541e-17,-2.243486740444585,0.2400673313372871,5.740228917234191e-16,-1.0271687749395009,-1.862479875536938e-16,-0.01182294170746761,4.966084241867065,722.776,50.409832349151,1035.9186045797514
-0.23569380882304533,1.0493887646754044e-16,-0.8870556079975119,-2.3541932986209396e-16,-0.016347662996674586,-2.082427953624386e-17,0.22973633039818456,7.295611514380464e-16,0.2516095231965087,19.575721082618525,-1.3008160773380027e-15,-0.09250066514875019,0.0,0.0,0.0,1.310912,0.0,0.0,0.0,0.0,0.0,1.2783999999999993,-0.24034529575605648,9.116870394994478e-17,-2.2246530657117285,0.23541236290293036,6.474561003215185e-16,-1.0258637517748417,-2.094035676699116e-16,-0.014498141172712913,5.118992805480957,711.291,49.7352343032925,1019.2789483944221
-0.23116263647594962,1.2044669556356543e-16,-0.8800980974170872,-2.6460042726035384e-16,-0.01747112897439747,-2.054336179823664e-17,0.22338090431138505,8.212207581644539e-16,0.4441415348459652,19.439198049416678,-1.4592052376525219e-15,-0.05618823990479109,0.0,0.0,0.0,1.283382,0.0,0.0,0.0,0.0,0.0,1.4745999999999995,-0.23569380882304533,1.0493887646754044e-16,-2.197967607997512,0.22973633039818456,7.295611514380464e-16,-1.0267904768034906,-2.3541932986209396e-16,-0.016347662996674586,5.278995990753174,695.542,48.864068336979614,996.4168156550196
-0.2267623875144742,1.3789285270782012e-16,-0.8693216332279177,-2.972829969039638e-16,-0.017977599499360647,-2.040105075021274e-17,0.21664399183615626,9.233949562610156e-16,0.6335048840709907,19.281110072770563,-1.6344370693414105e-15,-0.02533026369337622,0.0,0.0,0.0,1.251928,0.0,0.0,0.0,0.0,0.0,1.6707999999999996,-0.23116263647594962,1.2044669556356543e-16,-2.163480097417087,0.22338090431138505,8.212207581644539e-16,-1.0304584651540343,-2.6460042726035384e-16,-0.01747112897439747,5.431995868682861,675.754,47.81874843097057,967.6469593394205
-0.22249819620421077,1.574980684870449e-16,-0.8547931630660535,-3.338358216374888e-16,-0.017978801434472717,-2.040067140697561e-17,0.20977513919018545,1.0371266216614643e-15,0.8193421321154093,19.10494962241622,-1.8281271678355575e-15,-6.011274527519543e-05,0.0,0.0,0.0,1.2165500000000002,0.0,0.0,0.0,0.0,0.0,1.8669999999999998,-0.2267623875144742,1.3789285270782012e-16,-2.121249633227918,0.21664399183615626,9.233949562610156e-16,-1.037295115929009,-2.972829969039638e-16,-0.017977599499360647,5.587996244430542,652.189,46.621755792301165,933.338033799061
-0.21837069900175535,1.7950480450889918e-16,-0.8365861854396816,-3.746629615288457e-16,-0.01758358013308542,-2.05407004475814e-17,0.2029745810553574,1.1635469805239656e-15,1.0013556305217863,18.91373164976545,-2.0420246498976366e-15,0.019766323063751468,0.0,0.0,0.0,1.177248,0.0,0.0,0.0,0.0,0.0,2.0631999999999997,-0.22249819620421077,1.574980684870449e-16,-2.0713431630660537,0.20977513919018545,1.0371266216614643e-15,-1.0476578678845905,-3.338358216374888e-16,-0.017978801434472717,5.7449963092803955,625.139,45.295900786135235,893.9098668439084
-0.21437700196557244,2.0417908904629301e-16,-0.814779638863785,-4.2020455870436624e-16,-0.01689364414211544,-2.0814945044863783e-17,0.19639512256293204,1.303881473215416e-15,1.1792990270678774,18.710062162717367,-2.277922186587079e-15,0.03450597999823762,0.0,0.0,0.0,1.1340220000000003,0.0,0.0,0.0,0.0,0.0,2.259399999999999,-0.21837069900175535,1.7950480450889918e-16,-2.0138341854396815,0.2029745810553574,1.1635469805239656e-15,-1.0618443694782134,-3.746629615288457e-16,-0.01758358013308542,5.899996280670166,594.931,43.86455692209769,849.830738056468
-0.21051159017025092,2.318124563714515e-16,-0.7894569471116487,-4.709407166534218e-16,-0.016000569082057308,-2.121292866932247e-17,0.19014605696921852,1.459455259300433e-15,1.352970148145751,18.496195353923298,-2.537810411303822e-15,0.044665640323234494,0.0,0.0,0.0,1.086872,0.0,0.0,0.0,0.0,0.0,2.4555999999999982,-0.21437700196557244,2.0417908904629301e-16,-1.9488016388637854,0.19639512256293204,1.303881473215416e-15,-1.0801009729321216,-4.2020455870436624e-16,-0.01689364414211544,6.063995599746704,561.921,42.351861268084704,801.6146752120615
-0.20676714567579968,2.6272400381114907e-16,-0.7607051957198709,-5.273927261714664e-16,-0.014983952924731144,-2.1720450505635303e-17,0.18429839247590765,1.6316994846693223e-15,1.522204991032025,18.27408134321274,-2.823745199058344e-15,0.05084434565529638,0.0,0.0,0.0,1.0357980000000002,0.0,0.0,0.0,0.0,0.0,2.6517999999999975,-0.21051159017025092,2.318124563714515e-16,-1.8763289471116487,0.19014605696921852,1.459455259300433e-15,-1.1026298518542472,-4.709407166534218e-16,-0.016000569082057308,6.228995323181152,526.494,40.782879598077685,749.8187870056128
-0.20313525410664665,2.9726257127886595e-16,-0.7286144197689636,-5.901269296251014e-16,-0.013910566830780301,-2.232027810388149e-17,0.17889076443939725,1.822157262102368e-15,1.68687260405871,18.045406380333933,-3.137979102706509e-15,0.05368360593060527,0.0,0.0,0.0,0.9808000000000002,0.0,0.0,0.0,0.0,0.0,2.8479999999999968,-0.20676714567579968,2.6272400381114907e-16,-1.7965031957198712,0.18429839247590765,1.6316994846693223e-15,-1.1295950089679725,-5.273927261714664e-16,-0.014983952924731144,6.385995388031006,489.062,39.183737094859296,695.0406514948396
-0.19960699118541428,3.3580904670000945e-16,-0.6932769869342043,-6.597564554586841e-16,-0.012834320590609074,-2.2992929359954436e-17,0.17393552768384182,2.032490280011981e-15,1.8468706794172232,17.81162704951546,-3.482854022198495e-15,0.053826659128390214,0.0,0.0,0.0,0.9218780000000003,0.0,0.0,0.0,0.0,0.0,3.044199999999996,-0.20313525410664665,2.9726257127886595e-16,-1.7094144197689638,0.17889076443939725,1.822157262102368e-15,-1.1611273959412867,-5.901269296251014e-16,-0.013910566830780301,6.538999795913696,450.061,37.58171691827166,637.9157773844872
-0.19617338946254673,3.7877880143330986e-16,-0.65478706288219,-7.369445414838733e-16,-0.011796855325117366,-2.371749866112606e-17,0.16942464460291287,2.264485193318056e-15,2.0021217257841912,17.57399969120622,-3.8608797416895205e-15,0.05188710057493017,0.0,0.0,0.0,0.8590320000000004,0.0,0.0,0.0,0.0,0.0,3.2403999999999953,-0.19960699118541428,3.3580904670000945e-16,-1.6151549869342046,0.17393552768384182,2.032490280011981e-15,-1.1973293205827729,-6.597564554586841e-16,-0.012834320590609074,6.699995279312134,409.955,36.00532973214317,579.1151511359054
-0.19282579203028063,4.266242564966352e-16,-0.6132401483966757,-8.224088221550461e-16,-0.010828583927090896,-2.4472485572549482e-17,0.16533509862369547,2.520060313014476e-15,2.1525697227672382,17.33360595769635,-4.274781266576245e-15,0.048426490276614616,0.0,0.0,0.0,0.7922620000000005,0.0,0.0,0.0,0.0,0.0,3.4365999999999945,-0.19617338946254673,3.7877880143330986e-16,-1.5138190628821904,0.16942464460291287,2.264485193318056e-15,-1.238278274215804,-7.369445414838733e-16,-0.011796855325117366,6.854994535446167,369.226,34.48435760242231,519.3428782295674
-0.18955610441251966,4.79837588135022e-16,-0.5687326793154213,-9.169235602839466e-16,-0.009950017390415797,-2.5236586398880803e-17,0.1616336631524017,2.801272850824217e-15,2.29817718535821,17.091375171956336,-4.727395295014701e-15,0.04394005475231477,0.0,0.0,0.0,0.7215680000000005,0.0,0.0,0.0,0.0,0.0,3.632799999999994,-0.19282579203028063,4.266242564966352e-16,-1.405502148396676,0.16533509862369547,2.520060313014476e-15,-1.2840302772327563,-8.224088221550461e-16,-0.010828583927090896,7.0119993686676025,328.379,33.04987570553375,459.3339226367238
-0.1863569583817494,5.389535759596389e-16,-0.5213616816139084,-1.021322549910244e-15,-0.00917323877513832,-2.598941485803428e-17,0.1582809399246267,3.110325931637478e-15,2.4389225847930835,16.848103969984873,-5.221703267424262e-15,0.03884930312601411,0.0,0.0,0.0,0.6469500000000007,0.0,0.0,0.0,0.0,0.0,3.828999999999993,-0.18955610441251966,4.79837588135022e-16,-1.290300679315422,0.1616336631524017,2.801272850824217e-15,-1.3346228146417838,-9.169235602839466e-16,-0.009950017390415797,7.164999723434448,287.938,31.734255137760574,399.85194514965275
-0.1832218025161593,6.045525909614806e-16,-0.47122447492885833,-1.1365025546405204e-15,-0.008503412829232726,-2.6712126692897552e-17,0.15523464663438127,3.449575568546689e-15,2.5747980837119226,16.604473560234148,-5.760857844765457e-15,0.03350024360805989,0.0,0.0,0.0,0.5684080000000008,0.0,0.0,0.0,0.0,0.0,4.025199999999993,-0.1863569583817494,5.389535759596389e-16,-1.168311681613909,0.1582809399246267,3.110325931637478e-15,-1.3900774152069095,-1.021322549910244e-15,-0.00917323877513832,7.325995445251465,248.447,30.571149853212773,341.6872388208562
-0.1801449342256718,6.772637239578472e-16,-0.41841841861364676,-1.263429453120945e-15,-0.00794024569048759,-2.7387930946504385e-17,0.15245218241437133,3.821537731089973e-15,2.7058075478092314,16.36106471947831,-6.3483181890619664e-15,0.02816587996727066,0.0,0.0,0.0,0.485942000000001,0.0,0.0,0.0,0.0,0.0,4.221399999999994,-0.1832218025161593,6.045525909614806e-16,-1.039632474928859,0.15523464663438127,3.449575568546689e-15,-1.4504019162880701,-1.1365025546405204e-15,-0.008503412829232726,7.492994546890259,210.464,29.595470274395247,285.65475830700433
-0.17712148707034275,7.577680640293814e-16,-0.36304069548825724,-1.4031387801872454e-15,-0.007479333796285268,-2.800247571322529e-17,0.14989253311853037,4.228896276063454e-15,2.8319647647297157,16.118368954801078,-6.98756970471982e-15,0.02305175248310153,0.0,0.0,0.0,0.39955200000000113,0.0,0.0,0.0,0.0,0.0,4.417599999999995,-0.1801449342256718,6.772637239578472e-16,-0.9043604186136478,0.15245218241437133,3.821537731089973e-15,-1.5155924521907624,-1.263429453120945e-15,-0.00794024569048759,7.651994228363037,174.565,28.8433432605412,232.59223934076215
-0.17414738578412178,8.468021291409919e-16,-0.30518812630635084,-1.556741288047443e-15,-0.007113362978884221,-2.8544104991406893e-17,0.14751759550356805,4.6745102350976e-15,2.9532921534609256,15.876813512409843,-7.68237523405316e-15,0.01830343059860007,0.0,0.0,0.0,0.30923800000000123,0.0,0.0,0.0,0.0,0.0,4.613799999999996,-0.17712148707034275,7.577680640293814e-16,-0.7625926954882584,0.14989253311853037,4.228896276063454e-15,-1.5856352352702792,-1.4031387801872454e-15,-0.007479333796285268,7.810999631881714,141.34,28.35208937438766,183.35840627068697
-0.17121927897938322,9.451612942525321e-16,-0.24495710834147488,-1.725426483319744e-15,-0.006833136748463154,-2.900399092220254e-17,0.14529308497028706,5.161406276056444e-15,3.0698096430266664,15.636270073726948,-8.436673996638062e-15,0.01401505578786719,0.0,0.0,0.0,0.2150000000000013,0.0,0.0,0.0,0.0,0.0,4.809999999999997,-0.17414738578412178,8.468021291409919e-16,-0.6144261263063521,0.14751759550356805,4.6745102350976e-15,-1.6605078465390704,-1.556741288047443e-15,-0.007113362978884221,7.978996276855469,111.391,28.15938254200147,138.83124539931543
-0.16833432775986978,1.0536701454630799e-15,-0.18246280484478897,-1.9104838985269225e-15,-0.006628435549906162,-2.937613695778155e-17,0.14320203698105796,5.689478844998342e-15,3.1796207066419258,15.30091039257432,-9.255468725461262e-15,0.010237795129719104,0.0,0.0,0.0,0.11683800000000134,0.0,0.0,0.0,0.0,0.0,5.006199999999998,-0.17121927897938322,9.451612942525321e-16,-0.4599571083414762,0.14529308497028706,5.161406276056444e-15,-1.7401903569733306,-1.725426483319744e-15,-0.006833136748463154,8.131991147994995,85.3026,28.15737735174713,99.9068218247711
-0.16549009853538155,1.1731705292645237e-15,-0.11784356705429719,-2.1129059419203046e-15,-0.0064901428306123905,-2.9654345703310326e-17,0.14122088546776548,6.260559535146049e-15,3.282303072407251,14.944446587846288,-1.0123898201626103e-14,0.006916483844600111,0.0,0.0,0.0,0.014752000000001375,0.0,0.0,0.0,0.0,0.0,5.202399999999999,-0.16833432775986978,1.0536701454630799e-15,-0.2993008048447903,0.14320203698105796,5.689478844998342e-15,-1.8265792933580722,-1.9104838985269225e-15,-0.006628435549906162,8.292991638183594,63.7094,28.541127043541692,67.57133725971778
-0.16268463501288682,1.304552977547165e-15,-0.05123908902590308,-2.3336848865967487e-15,-0.006409194539978383,-2.983432140994196e-17,0.13932546678170735,6.877685293118085e-15,3.3781447304321586,14.602390440774803,-1.1041955365281628e-14,0.004048496175569957,0.0,0.0,0.0,-0.09125799999999862,0.0,0.0,0.0,0.0,0.0,5.3986,-0.16549009853538155,1.1731705292645237e-15,-0.13259556705429856,0.14122088546776548,6.260559535146049e-15,-1.920096927592748,-2.1129059419203046e-15,-0.0064901428306123905,8.465992212295532,47.2244,29.420122293322997,42.728305602566316
-0.15991640776787194,1.4487640607437094e-15,0.017214245179531795,-2.573963595559528e-15,-0.006376459876385196,-2.991464816238775e-17,0.1374972577197813,7.543423026536365e-15,3.4671886901113287,14.26249091864967,-1.2017171775992233e-14,0.0016371705860075303,0.0,0.0,0.0,-0.2011919999999986,0.0,0.0,0.0,0.0,0.0,5.594800000000001,-0.16268463501288682,1.304552977547165e-15,0.04001891097409554,0.13932546678170735,6.877685293118085e-15,-2.0204552695678415,-2.3336848865967487e-15,-0.006409194539978383,8.619990587234497,36.4268,30.819732311733993,26.252709601236877
-0.15718419871475817,1.6067925712755084e-15,0.08737747785490435,-2.834957503276426e-15,-0.006383340966133172,-2.989603814788575e-17,0.13572364759159275,8.259428026643532e-15,3.5491345774259284,13.907577100533423,-1.3053176895005898e-14,-0.0003441464337504526,0.0,0.0,0.0,-0.3150499999999986,0.0,0.0,0.0,0.0,0.0,5.791000000000002,-0.15991640776787194,1.4487640607437094e-15,0.2184062451795304,0.1374972577197813,7.543423026536365e-15,-2.1276113098886724,-2.573963595559528e-15,-0.006376459876385196,8.777990579605103,31.8155,32.76578797875597,19.02764728393621
-0.1544870672391037,1.779683366661229e-15,0.15911480959713584,-3.1178914561608278e-15,-0.006422252171998629,-2.9780219508188734e-17,0.13398949997385637,9.029651511928525e-15,3.6245985967972207,13.583477710892584,-1.4150441170500153e-14,-0.0019460802320122265,0.0,0.0,0.0,-0.43283199999999866,0.0,0.0,0.0,0.0,0.0,5.987200000000003,-0.15718419871475817,1.6067925712755084e-15,0.40242747785490296,0.13572364759159275,8.259428026643532e-15,-2.2418654225740737,-2.834957503276426e-15,-0.006383340966133172,8.953995704650879,33.8532,35.380928404221926,21.935076119485995
-0.15182436316672057,1.9685718824511983e-15,0.23230517102433085,-3.4242315697006878e-15,-0.006486050666975499,-2.957152636006921e-17,0.1322809072644511,9.859200067068398e-15,3.694437545922279,13.302221782526798,-1.5321031686904475e-14,-0.0031907772374330525,0.0,0.0,0.0,-0.5545379999999988,0.0,0.0,0.0,0.0,0.0,6.183400000000004,-0.1544870672391037,1.779683366661229e-15,0.5919468095971345,0.13398949997385637,9.029651511928525e-15,-2.3626014032027824,-3.1178914561608278e-15,-0.006422252171998629,9.12099552154541,42.811,38.71819123252112,35.838967681762966
-0.14919564599163304,2.174679107818578e-15,0.30683762671862935,-3.755572890478528e-15,-0.006568028720568188,-2.9277226893853774e-17,0.13059081024430055,1.0751522469669551e-14,3.75880802350757,13.028797931597916,-1.657139742226395e-14,-0.004099998090210305,0.0,0.0,0.0,-0.6801679999999989,0.0,0.0,0.0,0.0,0.0,6.379600000000005,-0.15182436316672057,1.9685718824511983e-15,0.7868431710243295,0.1322809072644511,9.859200067068398e-15,-2.488962454077725,-3.4242315697006878e-15,-0.006486050666975499,9.278995990753174,59.1546,42.7607157082556,61.61606393447204
-0.14660059479663098,2.399296283428156e-15,0.3826042682331309,-4.1135649515026124e-15,-0.006662530025963421,-2.8905396858822343e-17,0.12891430925590544,1.1710195091288217e-14,3.8178561279425787,12.762680505406117,-1.7904263612757715e-14,-0.0047263280238974015,0.0,0.0,0.0,-0.8097219999999989,0.0,0.0,0.0,0.0,0.0,6.575800000000006,-0.14919564599163304,2.174679107818578e-15,0.9870056267186282,0.13059081024430055,1.0751522469669551e-14,-2.6207919764924354,-3.755572890478528e-15,-0.006568028720568188,9.449995517730713,83.4317,47.55473745469128,100.15450006401909
-0.1440389694195475,2.64378742318896e-15,0.4595000266537959,-4.49991602741462e-15,-0.006764895957878123,-2.846452341938199e-17,0.12724822845244213,1.2738918884792168e-14,3.8717197141239255,12.503456817928338,-1.9322568305758658e-14,-0.005119664445690894,0.0,0.0,0.0,-0.943199999999999,0.0,0.0,0.0,0.0,0.0,6.772000000000007,-0.14660059479663098,2.399296283428156e-15,1.19232626823313,0.12891430925590544,1.1710195091288217e-14,-2.7579438720574276,-4.1135649515026124e-15,-0.006662530025963421,9.617996215820312,116.19,53.14707970128743,152.3419732944889
-0.14151057976938702,2.9095917655371903e-15,0.5374225201169467,-4.916398095993683e-15,-0.006871381688989779,-2.796316021932013e-17,0.12559073656360667,1.3841515350030902e-14,3.9205296321911427,12.250776223434373,-2.0829497656887698e-14,-0.005325709463116821,0.0,0.0,0.0,-1.080601999999999,0.0,0.0,0.0,0.0,0.0,6.968200000000008,-0.1440389694195475,2.64378742318896e-15,1.402700026653795,0.12724822845244213,1.2738918884792168e-14,-2.900280285876082,-4.49991602741462e-15,-0.006764895957878123,9.771991491317749,157.977,59.58496832993759,219.0648372678401
-0.13901526215407276,3.198226131933498e-15,0.6162719190413339,-5.364849360124828e-15,-0.006979055706229168,-2.7409635338570182e-17,0.12394102496781836,1.502192128959986e-14,3.9644102602475866,12.004314798888547,-2.242836389954603e-14,-0.005385139655634447,0.0,0.0,0.0,-1.2219279999999992,0.0,0.0,0.0,0.0,0.0,7.164400000000009,-0.14151057976938702,2.9095917655371903e-15,1.6180245201169456,0.12559073656360667,1.3841515350030902e-14,-3.0476703678088657,-4.916398095993683e-15,-0.006871381688989779,9.926990747451782,209.338,66.91589769804455,301.20727985957365
-0.1365528615560014,3.511287204217839e-15,0.6959508257271247,-5.8471762284835226e-15,-0.007085692831646512,-2.681181146699996e-17,0.12229903483931734,1.6284185938834236e-14,4.003480408331506,11.763793893873205,-2.412257826011161e-14,-0.005333281216699262,0.0,0.0,0.0,-1.3671779999999996,0.0,0.0,0.0,0.0,0.0,7.3606000000000105,-0.13901526215407276,3.198226131933498e-15,1.8381999190413332,0.12394102496781836,1.502192128959986e-14,-3.199989739752423,-5.364849360124828e-15,-0.006979055706229168,10.098994255065918,270.819,75.18758678549452,399.650547191663
-0.13412321884482986,3.850453723712297e-15,0.7763641663852339,-6.365352895274237e-15,-0.007189667359645791,-2.617689931842593e-17,0.12066523627783751,1.7632466010611562e-14,4.037853657479418,11.528951873475371,-2.5915530874100502e-14,-0.00520011577380539,0.0,0.0,0.0,-1.516352,0.0,0.0,0.0,0.0,0.0,7.5568000000000115,-0.1365528615560014,3.511287204217839e-15,2.0631288257271243,0.12229903483931734,1.6284185938834236e-14,-3.3571195916685044,-5.8471762284835226e-15,-0.007085692831646512,10.253990411758423,342.961,84.44787016348253,515.2722359279221
-0.1317261619755559,4.217488589566157e-15,0.8574190904446606,-6.921422997632994e-15,-0.007289851557570818,-2.5511319382967884e-17,0.1190404506495584,1.9071020574774576e-14,4.067638748463261,11.29954659215503,-2.7810694698995523e-14,-0.0050105486277372754,0.0,0.0,0.0,-1.6694499999999999,0.0,0.0,0.0,0.0,0.0,7.7530000000000125,-0.13412321884482986,3.850453723712297e-15,2.292716166385234,0.12066523627783751,1.7632466010611562e-14,-3.518946342520594,-6.365352895274237e-15,-0.007189667359645791,10.409992456436157,426.304,94.74464696239048,648.9456180261635
-0.12936150037347674,4.614240870749343e-15,0.939024879635902,-7.51749874958777e-15,-0.007385522498776129,-2.4820608172025555e-17,0.11742570955835649,2.0604207543543984e-14,4.092940170660879,11.075365391755604,-2.9811499315691415e-14,-0.004784825488101761,0.0,0.0,0.0,-1.8264720000000003,0.0,0.0,0.0,0.0,0.0,7.949200000000014,-0.1317261619755559,4.217488589566157e-15,2.5268690904446602,0.1190404506495584,1.9071020574774576e-14,-3.6853612515367518,-6.921422997632994e-15,-0.007289851557570818,10.565990686416626,521.385,106.12583960851538,801.5390081278433
-0.12702902179081546,5.0426477262567805e-15,1.0210928655143139,-8.155761516359862e-15,-0.007476278751808269,-2.410936534828836e-17,0.1158221487077736,2.2236478007199768e-14,4.113858417180318,10.856208405686338,-3.1921402976085e-14,-0.004539025410490981,0.0,0.0,0.0,-1.9874180000000004,0.0,0.0,0.0,0.0,0.0,8.145400000000013,-0.12936150037347674,4.614240870749343e-15,2.7654968796359025,0.11742570955835649,2.0604207543543984e-14,-3.856259829339135,-7.51749874958777e-15,-0.007385522498776129,10.722989559173584,628.738,118.63931709570906,973.9151914122369
-0.12472849101983433,5.504736217992487e-15,1.1035363529364313,-8.838459795286927e-15,-0.007561967912954307,-2.3381234481099576e-17,0.11423092839033841,2.3972371166370885e-14,4.130490325031414,10.64189280410628,-3.414376291198356e-14,-0.004285603109674938,0.0,0.0,0.0,-2.1522880000000004,0.0,0.0,0.0,0.0,0.0,8.34160000000001,-0.12702902179081546,5.0426477262567805e-15,3.0085108655143142,0.1158221487077736,2.2236478007199768e-14,-4.0315415828196945,-8.155761516359862e-15,-0.007476278751808269,10.878995895385742,748.892,132.33285603689617,1166.9308764778752
-0.12245964996957387,6.002625014615437e-15,1.186270549777462,-9.567908889813431e-15,-0.007642624852666699,-2.263891234550441e-17,0.1126531766357067,2.5816508495924143e-14,4.14292935907167,10.432249976137774,-3.648192002420534e-14,-0.0040339247965367276,0.0,0.0,0.0,-2.3210820000000005,0.0,0.0,0.0,0.0,0.0,8.537800000000008,-0.12472849101983433,5.504736217992487e-15,3.2558243529364317,0.11423092839033841,2.3972371166370885e-14,-4.211109674968596,-8.838459795286927e-15,-0.007561967912954307,11.032990455627441,882.375,147.25409277495766,1381.4361938010761
-0.12022221869903593,6.538525976490881e-15,1.2692125020157587,-1.0346490556857934e-14,-0.007718420187666227,-2.1884180796139155e-17,0.11108995041808631,2.7773587691620188e-14,4.151265864758021,10.227123964559865,-3.893919756336588e-14,-0.0037907795985803704,0.0,0.0,0.0,-2.4938000000000007,0.0,0.0,0.0,0.0,0.0,8.734000000000005,-0.12245964996957387,6.002625014615437e-15,3.5073525497774627,0.1126531766357067,2.5816508495924143e-14,-4.394870640928338,-9.567908889813431e-15,-0.007642624852666699,11.191989660263062,1029.71,163.450480811403,1618.274230393366
-0.11801589708433352,7.11474561755443e-15,1.35228103358167,-1.1176650696114123e-14,-0.007789618151272777,-2.1117955848036573e-17,0.10954221105215475,2.984837641473479e-14,4.155587291833098,10.026370007805644,-4.151880321130279e-14,-0.0035608495968845293,0.0,0.0,0.0,-2.670442000000001,0.0,0.0,0.0,0.0,0.0,8.930200000000003,-0.12022221869903593,6.538525976490881e-15,3.7630125020157594,0.11108995041808631,2.7773587691620188e-14,-4.582734135241984,-1.0346490556857934e-14,-0.007718420187666227,11.347989797592163,1191.41,180.96925129866375,1878.2805999502968
-0.11584036686985487,7.733686437597445e-15,1.4353966905225657,-1.2060896498866564e-14,-0.007856542857820356,-2.034034903985106e-17,0.10801081039571012,3.204570558956666e-14,4.155978402256449,9.829853748334308,-4.4223802058668346e-14,-0.003347129642468061,0.0,0.0,0.0,-2.851008000000001,0.0,0.0,0.0,0.0,0.0,9.1264,-0.11801589708433352,7.11474561755443e-15,4.022723033581671,0.10954221105215475,2.984837641473479e-14,-4.774612708166905,-1.1176650696114123e-14,-0.007789618151272777,11.504989385604858,1367.98,199.85737701592188,2162.2830465865886
-0.1136952939110849,8.397848110408605e-15,1.5184816887164645,-1.3001798879742176e-14,-0.007919551875011357,-1.9550736572773553e-17,0.10649648548128612,3.437046169154917e-14,4.152521417133436,9.637448179344108,-4.705738082936003e-14,-0.0031512928508992503,0.0,0.0,0.0,-3.035498000000001,0.0,0.0,0.0,0.0,0.0,9.322599999999998,-0.11584036686985487,7.733686437597445e-15,4.286404690522566,0.10801081039571012,3.204570558956666e-14,-4.9704215977435515,-1.2060896498866564e-14,-0.007856542857820356,11.654983758926392,1559.95,220.16153627337937,2471.1010819395187
-0.11158033047110573,9.109828529877246e-15,1.6014598649880711,-1.4001985217320401e-14,-0.007979016064334802,-1.8747832139813523e-17,0.10499985851663049,3.682758025531504e-14,4.145296210027241,9.449035961610987,-5.0022363198923673e-14,-0.0029740040892501027,0.0,0.0,0.0,-3.223912000000001,0.0,0.0,0.0,0.0,0.0,9.518799999999995,-0.1136952939110849,8.397848110408605e-15,4.553979688716465,0.10649648548128612,3.437046169154917e-14,-5.170078582866561,-1.3001798879742176e-14,-0.007919551875011357,11.810979127883911,1767.8,241.92808646661052,2805.545647004318
-0.10949511747257169,9.872324707771527e-15,1.6842566314356735,-1.5064140329737403e-14,-0.00803530460178208,-1.7929761066753632e-17,0.1035214413367748,3.942203753411314e-14,4.134380434733001,9.264506144713257,-5.3121621657765107e-14,-0.0028151790601977844,0.0,0.0,0.0,-3.416250000000001,0.0,0.0,0.0,0.0,0.0,9.714999999999993,-0.11158033047110573,9.109828529877246e-15,4.825371864988073,0.10499985851663049,3.682758025531504e-14,-5.373503789972754,-1.4001985217320401e-14,-0.007979016064334802,11.968983173370361,1992.04,265.20303120855283,3166.418811568828
-0.10743928663502157,1.0688133509585586e-14,1.7667989323067919,-1.6191003980099047e-14,-0.008088774289828663,-1.7094132502493644e-17,0.10206164241823715,4.215884264729273e-14,4.1198496523788295,9.083754132093501,-5.635790395682557e-14,-0.0026741989226629656,0.0,0.0,0.0,-3.612512000000001,0.0,0.0,0.0,0.0,0.0,9.91119999999999,-0.10949511747257169,9.872324707771527e-15,5.100506631435675,0.1035214413367748,3.942203753411314e-14,-5.580619565266992,-1.5064140329737403e-14,-0.00803530460178208,12.125984191894531,2233.15,290.0319951404176,3554.513495099705
-0.10541246245603916,1.156015223043895e-14,1.8490152032859721,-1.7385366520969113e-14,-0.008139762307133813,-1.623810804176165e-17,0.10062077548000395,4.504302943804372e-14,4.101777445539178,8.906681030792315,-5.973374003692245e-14,-0.0025500822236543663,0.0,0.0,0.0,-3.812698000000001,0.0,0.0,0.0,0.0,0.0,10.107399999999988,-0.10743928663502157,1.0688133509585586e-14,5.379310932306793,0.10206164241823715,4.215884264729273e-14,-5.791350347621161,-1.6191003980099047e-14,-0.008088774289828663,12.282978057861328,2491.63,316.46019948817167,3970.613215203649
-0.10341426401261743,1.2491379002582352e-14,1.9308353329509793,-1.8650069659483723e-14,-0.008188581666616445,-1.5358465269783817e-17,0.09919906886216914,4.8079647776296695e-14,4.080235520961524,8.733193081563089,-6.325169812786031e-14,-0.002441620353268503,0.0,0.0,0.0,-4.016808,0.0,0.0,0.0,0.0,0.0,10.303599999999985,-0.10541246245603916,1.156015223043895e-14,5.661713203285974,0.10062077548000395,4.504302943804372e-14,-6.0056225544608095,-1.7385366520969113e-14,-0.008139762307133813,12.436972618103027,2767.95,344.5324395997724,4415.49186077252
-0.10144430657304959,1.3484913033113134e-14,2.012190626183287,-1.9987999430515796e-14,-0.008235518760313183,-1.4451655358851045e-17,0.09779667509461423,5.1273755276781515e-14,4.0552938022692375,8.563201157387185,-6.691399504545459e-14,-0.002347481911688057,0.0,0.0,0.0,-4.224842,0.0,0.0,0.0,0.0,0.0,10.499799999999983,-0.10341426401261743,1.2491379002582352e-14,5.94764333295098,0.09919906886216914,4.8079647776296695e-14,-6.2233644790384615,-1.8650069659483723e-14,-0.008188581666616445,12.590972900390625,3062.58,374.29306434406743,4889.913488535496
-0.09950220301965973,1.4543954666956893e-14,2.0930137693443296,-2.1402084993153772e-14,-0.008280832471544588,-1.3513854214574058e-17,0.09641368024437383,5.4630408107594366e-14,4.027020513835034,8.396620321900027,-7.07227874332001e-14,-0.0022662910955331675,0.0,0.0,0.0,-4.4368,0.0,0.0,0.0,0.0,0.0,10.69599999999998,-0.10144430657304959,1.3484913033113134e-14,6.237032626183287,0.09779667509461423,5.1273755276781515e-14,-6.444506197730745,-1.9987999430515796e-14,-0.008235518760313183,12.745972633361816,3376,405.7859572654594,5394.632141790371
-0.09758756508953528,1.5671805267887566e-14,2.1732387970513987,-2.289529545693544e-14,-0.008324754428285213,-1.2541006868632188e-17,0.09505011276807004,5.815465198547266e-14,3.995482256871832,8.23336944029882,-7.468007322146255e-14,-0.002196684773310153,0.0,0.0,0.0,-4.652681999999999,0.0,0.0,0.0,0.0,0.0,10.892199999999978,-0.09950220301965973,1.4543954666956893e-14,6.529813769344329,0.09641368024437383,5.4630408107594366e-14,-6.668979486164946,-2.1402084993153772e-14,-0.008280832471544588,12.899980783462524,3708.65,439.05451939598413,5930.391690138433
-0.0957000044448426,1.6871866918294148e-14,2.252801060406705,-2.447063848911934e-14,-0.008367490054629948,-1.1528865189860558e-17,0.09370595170119753,6.185151305518542e-14,3.960744078658801,8.073370836233869,-7.878778070077087e-14,-0.0021373524008858396,0.0,0.0,0.0,-4.872487999999999,0.0,0.0,0.0,0.0,0.0,11.088399999999975,-0.09758756508953528,1.5671805267887566e-14,6.825920797051397,0.09505011276807004,5.815465198547266e-14,-6.896717743128146,-2.289529545693544e-14,-0.008324754428285213,13.057971954345703,4061.01,474.14165363303636,6497.925689097861
-0.09383913358688244,1.8147641938706646e-14,2.3316371965503655,-2.6131153119689677e-14,-0.008409220149298085,-1.047301926601251e-17,0.09238113409481882,6.572598898606428e-14,3.9228695357073105,7.9165499889960715,-8.304747832857016e-14,-0.0020870623804220747,0.0,0.0,0.0,-5.096217999999999,0.0,0.0,0.0,0.0,0.0,11.284599999999973,-0.0957000044448426,1.6871866918294148e-14,7.125289060406704,0.09370595170119753,6.185151305518542e-14,-7.127655921341175,-2.447063848911934e-14,-0.008367490054629948,13.212966680526733,4433.51,511.0897505967359,7097.957258519143
-0.09200456662925917,1.9502732222556653e-14,2.409685099423163,-2.7879906983607355e-14,-0.008450102781376083,-9.368922889050303e-18,0.09107556166750683,6.978303939893671e-14,3.8819207515724323,7.76283526602256,-8.746059664851218e-14,-0.0020446779265481775,0.0,0.0,0.0,-5.323871999999998,0.0,0.0,0.0,0.0,0.0,11.48079999999997,-0.09383913358688244,1.8147641938706646e-14,7.4278551965503645,0.09238113409481882,6.572598898606428e-14,-7.361730464292663,-2.6131153119689677e-14,-0.008409220149298085,13.367961406707764,4826.6,549.9406758860428,7731.1989787727925
-0.09019591994577808,2.0940838380710427e-14,2.4868838916381764,-2.971999566553616e-14,-0.008490275344603454,-8.211913519545139e-18,0.08978910668060117,7.402757641644064e-14,3.837958469928893,7.6121576863617415,-9.202853344007415e-14,-0.002009164995637163,0.0,0.0,0.0,-5.555449999999998,0.0,0.0,0.0,0.0,0.0,11.676999999999968,-0.09200456662925917,1.9502732222556653e-14,7.733557099423161,0.09107556166750683,6.978303939893671e-14,-7.598879248427538,-2.7879906983607355e-14,-0.008450102781376083,13.52596116065979,5240.71,590.7357586572977,8398.352803724836
-0.08841281270825395,2.246575870168137e-14,2.563173897372008,-3.1654536207314293e-14,-0.008529856653376031,-6.997227386946448e-18,0.08852161707181319,7.846445568065357e-14,3.7910421034543114,7.464450711281444,-9.67523617758056e-14,-0.001979594372233028,0.0,0.0,0.0,-5.790951999999996,0.0,0.0,0.0,0.0,0.0,11.873199999999965,-0.09019591994577808,2.0940838380710427e-14,8.042333891638174,0.08978910668060117,7.402757641644064e-14,-7.839041530071075,-2.971999566553616e-14,-0.008490275344603454,13.681966781616211,5676.27,633.5157814529965,9100.109989558676
-0.08665486732854506,2.4081387928230012e-14,2.6384966161965107,-3.36866618903191e-14,-0.008568948997341477,-5.720010414382799e-18,0.08727292089907432,8.309846697421075e-14,3.7412297789959106,7.319650058678423,-1.016328937812577e-13,-0.001955139598110603,0.0,0.0,0.0,-6.030377999999996,0.0,0.0,0.0,0.0,0.0,12.069399999999963,-0.08841281270825395,2.246575870168137e-14,8.354125897372004,0.08852161707181319,7.846445568065357e-14,-8.082157896545654,-3.1654536207314293e-14,-0.008529856653376031,13.83697509765625,6133.71,678.3209712123609,9837.151038543925
-0.08492170981799582,2.5791715845151375e-14,2.712794697780854,-3.581952155559385e-14,-0.008607640098100144,-4.375325450066412e-18,0.08604283015585004,8.793432471792575e-14,3.6885783794384985,7.177693538362811,-1.0667090758212402e-13,-0.0019350720762330719,0.0,0.0,0.0,-6.273727999999996,0.0,0.0,0.0,0.0,0.0,12.26559999999996,-0.08665486732854506,2.4081387928230012e-14,8.668874616196508,0.08727292089907432,8.309846697421075e-14,-8.328170221004052,-3.36866618903191e-14,-0.008568948997341477,13.990966558456421,6613.44,725.1909913987366,10610.145656892768
-0.08321297007620729,2.760082568278503e-14,2.7860119174016424,-3.805627513899589e-14,-0.008646004932179615,-2.958156374816366e-18,0.08483114402300337,9.297665904543959e-14,3.633143582640342,7.038520905655701,-1.1186695800334824e-13,-0.0019187543826492024,0.0,0.0,0.0,-6.521001999999995,0.0,0.0,0.0,0.0,0.0,12.461799999999958,-0.08492170981799582,2.5791715845151375e-14,8.986522697780849,0.08604283015585004,8.793432471792575e-14,-8.577021620561462,-3.581952155559385e-14,-0.008607640098100144,14.147967338562012,7115.86,774.1649351820328,11419.752725882983
-0.08152828211975408,2.951289234238693e-14,2.8580931522056328,-4.04000869011693e-14,-0.008684107400130255,-1.4634097499996902e-18,0.08363765162231637,9.823000691475033e-14,3.5749798977587166,6.902073731055352,-1.1722126127844205e-13,-0.0019056325704924384,0.0,0.0,0.0,-6.7721999999999944,0.0,0.0,0.0,0.0,0.0,12.657999999999955,-0.08321297007620729,2.760082568278503e-14,9.307013917401637,0.08483114402300337,9.297665904543959e-14,-8.828656417359616,-3.805627513899589e-14,-0.008646004932179615,14.305971384048462,7641.38,825.2813196174145,12266.620285464069
-0.07986728426018866,3.153218044141391e-14,2.9289843581756965,-4.285412344524416e-14,-0.008722001833201758,1.1408554271410735e-19,0.08246213433422608,1.0369880298794801e-13,3.514140699247616,6.768295284008348,-1.2273393449885389e-13,-0.0018952280468538067,0.0,0.0,0.0,-7.027321999999993,0.0,0.0,0.0,0.0,0.0,12.854199999999953,-0.08152828211975408,2.951289234238693e-14,9.630293152205628,0.08363765162231637,9.823000691475033e-14,-9.083020102241239,-4.04000869011693e-14,-0.008684107400130255,14.460970163345337,8190.39,878.5780807642342,13151.385529598163
-0.07822961923946482,3.3663042181197885e-14,2.9986325477559297,-4.5421547811606816e-14,-0.008759734337405008,1.779580234790197e-18,0.08130436773815705,1.0938737099045e-13,3.4506782587757123,6.637130429064595,-1.2840479941435823e-13,-0.001887129439880235,0.0,0.0,0.0,-7.286367999999992,0.0,0.0,0.0,0.0,0.0,13.05039999999995,-0.07986728426018866,3.153218044141391e-14,9.95630635817569,0.08246213433422608,1.0369880298794801e-13,-9.340059300752337,-4.285412344524416e-14,-0.008722001833201758,14.617971181869507,8763.29,934.0925696918332,14074.674812622065
-0.07661493432979581,3.590991504145055e-14,3.066985768096512,-4.8105520107501e-14,-0.008797343980529202,3.53840782774167e-18,0.08016412322874403,1.1529991503481653e-13,3.384643775282495,6.508525532910454,-1.3423370926130227e-13,-0.0018809847444347784,0.0,0.0,0.0,-7.549337999999992,0.0,0.0,0.0,0.0,0.0,13.246599999999948,-0.07822961923946482,3.3663042181197885e-14,10.285000547755923,0.08130436773815705,1.0938737099045e-13,-9.599721741224238,-4.5421547811606816e-14,-0.008759734337405008,14.77397108078003,9360.45,991.8615493213239,15037.103665949342
-0.07502288140395086,3.8277319309775194e-14,3.1339930798829783,-5.0909185311199546e-14,-0.008834863831448618,5.395988509245609e-18,0.07904116935575042,1.2144051179764778e-13,3.3160874033641083,6.382428380960893,-1.4021990731935723e-13,-0.0018764939346080775,0.0,0.0,0.0,-7.8162319999999905,0.0,0.0,0.0,0.0,0.0,13.442799999999945,-0.07661493432979581,3.590991504145055e-14,10.616323768096503,0.08016412322874403,1.1529991503481653e-13,-9.861956224717453,-4.8105520107501e-14,-0.008797343980529202,14.929965734481812,9982.25,1051.921192054819,16039.276824463024
-0.0734531169810938,4.076985544671937e-14,3.199604536718192,-5.3835674784546994e-14,-0.008872321863298876,7.357833552134174e-18,0.07793527292995497,1.2781310189677011e-13,3.2450582801572723,6.258788102355347,-1.4636271251296024e-13,-0.001873402155372737,0.0,0.0,0.0,-8.08704999999999,0.0,0.0,0.0,0.0,0.0,13.638999999999943,-0.07502288140395086,3.8277319309775194e-14,10.95022507988297,0.07904116935575042,1.2144051179764778e-13,-10.126712596635837,-5.0909185311199546e-14,-0.008834863831448618,15.084965944290161,10629.1,1114.3070781458268,17081.78826197984
-0.07190530225247482,4.3392201288615036e-14,3.2637711650284587,-5.688810414521473e-14,-0.008909741733218615,9.429550138821244e-18,0.07684619993194322,1.3442148229279548e-13,3.1716045508694237,6.137555102346454,-1.5266133734802792e-13,-0.0018714935492054122,0.0,0.0,0.0,-8.36179199999999,0.0,0.0,0.0,0.0,0.0,13.83519999999994,-0.0734531169810938,4.076985544671937e-14,11.286654536718183,0.07793527292995497,1.2781310189677011e-13,-10.39394171984267,-5.3835674784546994e-14,-0.008872321863298876,15.240965366363525,11301.2,1179.054194766658,18165.22123519586
-0.07037910309059783,4.6149109103663126e-14,3.3264449444680073,-6.006955869169708e-14,-0.00894714345165337,1.1616846107652793e-17,0.07577371625575327,1.4126929921201342e-13,3.0957733930854414,6.018681001195388,-1.5911426538264707e-13,-0.0018705857327196277,0.0,0.0,0.0,-8.64045799999999,0.0,0.0,0.0,0.0,0.0,14.031399999999937,-0.07190530225247482,4.3392201288615036e-14,11.62556316502845,0.07684619993194322,1.3442148229279548e-13,-10.663595449130517,-5.688810414521473e-14,-0.008909741733218615,15.396012544631958,11999.1,1246.1969357307478,19290.148335551374
-0.0688741900448926,4.9045402496889535e-14,3.3875787887985203,-6.338310275419307e-14,-0.00898454395395041,1.3925534674415434e-17,0.07471758831477046,1.4836004011062728e-13,3.0176110399657934,5.90211857879832,-1.65720447841017e-13,-0.0018705249099093542,0.0,0.0,0.0,-8.923047999999989,0.0,0.0,0.0,0.0,0.0,14.227599999999935,-0.07037910309059783,4.6149109103663126e-14,11.966902944467996,0.07577371625575327,1.4126929921201342e-13,-10.935626606914497,-6.006955869169708e-14,-0.00894714345165337,15.555965900421143,12723.1,1315.7691018297332,20457.131548479614
-0.06739023832641308,5.2085973174091525e-14,3.4471265272225518,-6.683176615084451e-14,-0.009021957586327728,1.636153902070216e-17,0.07367758353318146,1.5569702760957172e-13,2.9371628024373213,5.787821724364612,-1.7247815857531538e-13,-0.0018711815897118345,0.0,0.0,0.0,-9.209561999999988,0.0,0.0,0.0,0.0,0.0,14.423799999999932,-0.0688741900448926,4.9045402496889535e-14,12.310626788798508,0.07471758831477046,1.4836004011062728e-13,-11.209988960034142,-6.338310275419307e-14,-0.00898454395395041,15.710965871810913,13473.5,1387.8039017470112,21666.722319529406
-0.0659269277836728,5.527577757659367e-14,3.50504288615363,-7.041854191445548e-14,-0.009059396508333454,1.8930895810996653e-17,0.0726534707408468,1.632834126406443e-13,2.8544730906705085,5.675745400780558,-1.7938555774082172e-13,-0.0018724464094140756,0.0,0.0,0.0,-9.499999999999986,0.0,0.0,0.0,0.0,0.0,14.61999999999993,-0.06739023832641308,5.2085973174091525e-14,12.656688527222538,0.07367758353318146,1.5569702760957172e-13,-11.486637197562612,-6.683176615084451e-14,-0.009021957586327728,15.864966869354248,14250.7,1462.3339535170837,22919.46162687662
-0.06448394287134351,5.861983338478361e-14,3.5612834714062807,-7.414638469584965e-14,-0.009096871039373492,2.1639758846955775e-17,0.07164502049208313,1.7112216817834908e-13,2.769585434594515,5.565845596529041,-1.8644072563671475e-13,-0.0018742273373139919,0.0,0.0,0.0,-9.794361999999985,0.0,0.0,0.0,0.0,0.0,14.816199999999927,-0.0659269277836728,5.527577757659367e-14,13.005042886153616,0.0726534707408468,1.632834126406443e-13,-11.765526909329422,-7.041854191445548e-14,-0.009059396508333454,16.0219669342041,15054.9,1539.391286456518,24215.88005986723
-0.06306097261314485,6.212321590214319e-14,3.615804750780187,-7.80182085047705e-14,-0.00913438998471661,2.4494404976702525e-17,0.07065200532778407,1.7921608355760884e-13,2.6825425027960947,5.458079244908581,-1.9364162957330735e-13,-0.0018764486463218077,0.0,0.0,0.0,-10.092647999999983,0.0,0.0,0.0,0.0,0.0,15.012399999999925,-0.06448394287134351,5.861983338478361e-14,13.355645471406266,0.07164502049208313,1.7112216817834908e-13,-12.046614565405413,-7.414638469584965e-14,-0.009096871039373492,16.177961826324463,15886.5,1619.007343559462,25556.497903018757
-0.061657710560168943,6.579105433195549e-14,3.668564037027676,-8.203687905537546e-14,-0.00917196085596002,2.750123547599608e-17,0.06967419996980548,1.8756775942362132e-13,2.5933861219527725,5.352404250773206,-2.0098585403162796e-13,-0.0018790456355725488,0.0,0.0,0.0,-10.394857999999982,0.0,0.0,0.0,0.0,0.0,15.208599999999922,-0.06306097261314485,6.212321590214319e-14,13.70845275078017,0.07065200532778407,1.7921608355760884e-13,-12.32985749720383,-7.80182085047705e-14,-0.00913438998471661,16.330957174301147,16745.9,1701.212984494376,26941.825224652588
-0.060273854745678646,6.962852795236445e-14,3.7195194711985593,-8.620520837563477e-14,-0.009209590076673997,3.06667784927982e-17,0.06871138147922454,1.9617960261727759e-13,2.502157295135629,5.248779434028214,-2.084707138884123e-13,-0.0018819638891788507,0.0,0.0,0.0,-10.70099199999998,0.0,0.0,0.0,0.0,0.0,15.40479999999992,-0.061657710560168943,6.579105433195549e-14,14.063422037027657,0.06967419996980548,1.8756775942362132e-13,-12.61521387804715,-8.203687905537546e-14,-0.00917196085596002,16.491957187652588,17633.2,1786.0384888179806,28372.361970757775
-0.05890910763709465,7.364086219161581e-14,3.7686300063449867,-9.052595724417972e-14,-0.00924728315434441,3.399769110483082e-17,0.0677633293791752,2.0505382130785907e-13,2.4088962195071226,5.147164499397863,-2.1609364589330996e-13,-0.0018851575906796687,0.0,0.0,0.0,-11.011049999999978,0.0,0.0,0.0,0.0,0.0,15.600999999999917,-0.060273854745678646,6.962852795236445e-14,14.42051147119854,0.06871138147922454,1.9617960261727759e-13,-12.902642704864292,-8.620520837563477e-14,-0.009209590076673997,16.642956733703613,18548.9,1873.5135596389664,29848.598062958794
-0.05756317608581537,7.783332461649618e-14,3.815855391574628,-9.50018309857634e-14,-0.009285044823950785,3.750076101445217e-17,0.06682982574875282,2.141924211801767e-13,2.313642303457002,5.047520008341729,-2.23851876510887e-13,-0.0018885881044346288,0.0,0.0,0.0,-11.325031999999977,0.0,0.0,0.0,0.0,0.0,15.797199999999915,-0.05890910763709465,7.364086219161581e-14,14.779680006344964,0.0677633293791752,2.0505382130785907e-13,-13.192103780492795,-9.052595724417972e-14,-0.00924728315434441,16.802951097488403,19493.3,1963.66732763638,31371.01350042207
-0.05623577127539465,8.221122084771393e-14,3.8611561564413432,-9.963546452346817e-14,-0.009322879167752011,4.1182907560631946e-17,0.0659106552933196,2.2359720194159777e-13,2.2164341832145547,4.949807352882529,-2.317418846147092e-13,-0.0018922227856892032,0.0,0.0,0.0,-11.642937999999976,0.0,0.0,0.0,0.0,0.0,15.993399999999912,-0.05756317608581537,7.783332461649618e-14,15.140887391574605,0.06682982574875282,2.141924211801767e-13,-13.483557696542913,-9.50018309857634e-14,-0.009285044823950785,16.955950498580933,20466.5,2056.5283554068205,32940.078465361614
-0.05492660866850569,8.677989039822374e-14,3.904493595663202,-1.04429442429946e-13,-0.009360789715173401,4.5051182517150054e-17,0.06500560539557623,2.3326975310938367e-13,2.1173097389713367,4.853988731137936,-2.3976115190674803e-13,-0.001896033985377615,0.0,0.0,0.0,-11.964767999999975,0.0,0.0,0.0,0.0,0.0,16.189599999999917,-0.05623577127539465,8.221122084771393e-14,15.504094156441319,0.0659106552933196,2.2359720194159777e-13,-13.776965816785358,-9.963546452346817e-14,-0.009322879167752011,17.110965490341187,21469,2152.124642115839,34556.25343182128
-0.05363540795304024,9.15447024546526e-14,3.945829754158363,-1.0938627464334181e-13,-0.00939877952609339,4.911277051725017e-17,0.06411446615096819,2.432114525335022e-13,2.0163061105448166,4.760027124373681,-2.4790594555923235e-13,-0.0018999982198806265,0.0,0.0,0.0,-12.290521999999973,0.0,0.0,0.0,0.0,0.0,16.38579999999992,-0.05492660866850569,8.677989039822374e-14,15.869261595663176,0.06500560539557623,2.3326975310938367e-13,-14.07229026102858,-1.04429442429946e-13,-0.009360789715173401,17.26596188545227,22501,2250.4836284301723,36219.98927742783
-0.05236189298762716,9.651105161241498e-14,3.985127412389913,-1.1450839524839529e-13,-0.009436851260310653,5.337498871723323e-17,0.0632370303903396,2.534234632427345e-13,1.9134597126101753,4.667886275417214,-2.561724717821407e-13,-0.0019040954798646274,0.0,0.0,0.0,-12.62019999999997,0.0,0.0,0.0,0.0,0.0,16.581999999999926,-0.05363540795304024,9.15447024546526e-14,16.236351754158335,0.06411446615096819,2.432114525335022e-13,-14.369493889455105,-1.0938627464334181e-13,-0.00939877952609339,17.422956466674805,23562.7,2351.6322017085945,37931.72739782504
-0.05110579174680167,1.0168435355434883e-13,4.022350072011262,-1.1979817780959156e-13,-0.009475007235526757,5.784528646769606e-17,0.062373093692208864,2.6390673095065217e-13,1.8088062495247086,4.577530668292217,-2.645577036468245e-13,-0.0019083086559017832,0.0,0.0,0.0,-12.95380199999997,0.0,0.0,0.0,0.0,0.0,16.77819999999993,-0.05236189298762716,9.651105161241498e-14,16.605327412389883,0.0632370303903396,2.534234632427345e-13,-14.668540287389751,-1.1450839524839529e-13,-0.009436851260310653,17.578956604003906,24654.5,2455.596701430313,39691.899823513966
-0.04986683626601358,1.0707004070056618e-13,4.057461941804177,-1.252579139315164e-13,-0.009513249475797588,6.253124462847812e-17,0.061522454386600145,2.746619836710799e-13,1.7023807297667557,4.488925508949186,-2.730575419550086e-13,-0.001912623061785239,0.0,0.0,0.0,-13.291327999999968,0.0,0.0,0.0,0.0,0.0,16.974399999999935,-0.05110579174680167,1.0168435355434883e-13,16.97615207201123,0.062373093692208864,2.6390673095065217e-13,-14.969393750475222,-1.1979817780959156e-13,-0.009475007235526757,17.737956047058105,25776.5,2562.4029248408847,41500.92933883945
-0.048644762586627525,1.126735578372564e-13,4.090427923901934,-1.3088981608836824e-13,-0.00955157975208258,6.744057430506013e-17,0.060684913552005504,2.856897299979431e-13,1.5942174800089242,4.402036706983378,-2.816680290211821e-13,-0.0019170260393098172,0.0,0.0,0.0,-13.632777999999966,0.0,0.0,0.0,0.0,0.0,17.17059999999994,-0.04986683626601358,1.0707004070056618e-13,17.348789941804146,0.061522454386600145,2.746619836710799e-13,-15.27201927023318,-1.252579139315164e-13,-0.009513249475797588,17.891956567764282,26929.1,2672.0761327966657,43359.22960287647
-0.04743931070103987,1.1850035772049833e-13,4.121213600290457,-1.3669601753659537e-13,-0.009589999616246063,7.258111542974169e-17,0.059860275006760305,2.969902583262508e-13,1.4843501588434589,4.316830858244641,-2.9038520279000245e-13,-0.0019215066307925912,0.0,0.0,0.0,-13.978151999999966,0.0,0.0,0.0,0.0,0.0,17.366799999999945,-0.048644762586627525,1.126735578372564e-13,17.7232059239019,0.060684913552005504,2.856897299979431e-13,-15.576382519991016,-1.3088981608836824e-13,-0.00955157975208258,18.048951625823975,28112.5,2784.641055789788,45267.205271983476
-0.046250224498013505,1.2455589667068344e-13,4.149785219580651,-1.4267857324280324e-13,-0.009628510429634318,7.796083516865489e-17,0.05904834529587652,3.085636366922606e-13,1.3728117701759008,4.233275228254391,-2.9920514761342457e-13,-0.0019260553077841097,0.0,0.0,0.0,-14.327449999999965,0.0,0.0,0.0,0.0,0.0,17.56299999999995,-0.04743931070103987,1.1850035772049833e-13,18.099365600290422,0.059860275006760305,2.969902583262508e-13,-15.882449841156486,-1.3669601753659537e-13,-0.009589999616246063,18.20495057106018,29327,2900.1219001366135,47225.25212380235
-0.045077251708312886,1.3084563017035512e-13,4.176109684045426,-1.4883945097113572e-13,-0.009667113387158272,8.358782600029873e-17,0.05824893367418524,3.2040971327490787e-13,1.2596346763017139,4.151337736355757,-3.0812350209309815e-13,-0.0019306637462941313,0.0,0.0,0.0,-14.680671999999964,0.0,0.0,0.0,0.0,0.0,17.759199999999954,-0.046250224498013505,1.2455589667068344e-13,18.477235219580617,0.05904834529587652,3.085636366922606e-13,-16.19018822982405,-1.4267857324280324e-13,-0.009628510429634318,18.35994577407837,30572.7,3018.5423543134625,49233.75718249695
-0.043920143850706195,1.3737500847017673e-13,4.200154536915235,-1.5518053294537707e-13,-0.009705809537650531,8.947030349210108e-17,0.05746185208648383,3.3252811670725407e-13,1.1448506106792222,4.070986940530671,-3.171359879578343e-13,-0.0019353246404545037,0.0,0.0,0.0,-15.037817999999964,0.0,0.0,0.0,0.0,0.0,17.95539999999996,-0.045077251708312886,1.3084563017035512e-13,18.85678168404539,0.05824893367418524,3.2040971327490787e-13,-16.49956532369824,-1.4883945097113572e-13,-0.009667113387158272,18.517945051193237,31850,3139.925595424333,51293.09884503345
-0.0427786561783888,1.4414947220812788e-13,4.2218879499261375,-1.6170361377839423e-13,-0.009744599801130918,9.561660391884775e-17,0.05668691514525559,3.4491825708786127e-13,1.0284906904110547,3.9921920228266483,-3.2623822338084324e-13,-0.0019400315479038807,0.0,0.0,0.0,-15.398887999999962,0.0,0.0,0.0,0.0,0.0,18.151599999999963,-0.043920143850706195,1.3737500847017673e-13,19.2379725369152,0.05746185208648383,3.3252811670725407e-13,-16.810549389320737,-1.5518053294537707e-13,-0.009705809537650531,18.671932458877563,33159,3264.2942957861183,53403.64700831732
-0.04165254762587197,1.5117444805244149e-13,4.241278711114701,-1.6841040040599936e-13,-0.009783484983503395,1.0203518170109454e-16,0.05592394010642737,3.575793273435011e-13,0.9105854284452666,3.9149227753417306,-3.354258232276664e-13,-0.001944778761324088,0.0,0.0,0.0,-15.763881999999962,0.0,0.0,0.0,0.0,0.0,18.347799999999967,-0.0427786561783888,1.4414947220812788e-13,19.6207759499261,0.05668691514525559,3.4491825708786127e-13,-17.12310930958891,-1.6170361377839423e-13,-0.009744599801130918,18.8289315700531,34500,3391.6706296175885,55565.76319701154
-0.04054158075637222,1.584553443766538e-13,4.258296212854217,-1.7530251070594275e-13,-0.009822465789115265,1.0873460668702878e-16,0.055172746843546894,3.7051030507772905e-13,0.7911647455064004,3.839149586722396,-3.446943332951902e-13,-0.001949561201525846,0.0,0.0,0.0,-16.13279999999996,0.0,0.0,0.0,0.0,0.0,18.543999999999972,-0.04165254762587197,1.5117444805244149e-13,20.005160711114662,0.05592394010642737,3.575793273435011e-13,-17.4372145715547,-1.6841040040599936e-13,-0.009783484983503395,18.985947370529175,35873.2,3522.076279819223,57779.80069187154
-0.039445521709729814,1.6599754697512757e-13,4.272910440126941,-1.823814643117769e-13,-0.009861542831533546,1.1572356110861247e-16,0.05443315782069408,3.837099547696489e-13,0.6702579817659506,3.764843429134594,-3.54038839951092e-13,-0.0019543743282822872,0.0,0.0,0.0,-16.50564199999996,0.0,0.0,0.0,0.0,0.0,18.740199999999977,-0.04054158075637222,1.584553443766538e-13,20.39109621285418,0.055172746843546894,3.7051030507772905e-13,-17.752835254493572,-1.7530251070594275e-13,-0.009822465789115265,19.138933420181274,37278.8,3655.532444831597,60046.10465844119
-0.03836414015087901,1.7380641482005562e-13,4.28509195902721,-1.8964869284033534e-13,-0.00990071664283088,1.2301083644469647e-16,0.05370499806438572,3.9717682972315567e-13,0.5478939082609773,3.691975845671821,-3.6345494107407683e-13,-0.0019592140657834953,0.0,0.0,0.0,-16.88240799999996,0.0,0.0,0.0,0.0,0.0,18.93639999999998,-0.039445521709729814,1.6599754697512757e-13,20.7785524401269,0.05443315782069408,3.837099547696489e-13,-18.069942018234027,-1.823814643117769e-13,-0.009861542831533546,19.295931816101074,38717,3792.059845560795,62365.012275964065
-0.03729720921888827,1.8188727586945592e-13,4.29481190549051,-1.9710553971546047e-13,-0.009939987681621697,1.3060533037568521e-16,0.05298809513468822,4.109092752168754e-13,0.4241007380689843,3.620518938169045,-3.729382257272751e-13,-0.001964076740139829,0.0,0.0,0.0,-17.263097999999957,0.0,0.0,0.0,0.0,0.0,19.132599999999986,-0.03836414015087901,1.7380641482005562e-13,21.167499959027168,0.05370499806438572,3.9717682972315567e-13,-18.388506091739004,-1.8964869284033534e-13,-0.00990071664283088,19.450931549072266,40188.1,3931.6787323599337,64736.85286637242
-0.03624450547658423,1.9024542294156115e-13,4.302041974243666,-2.047532549786324e-13,-0.009979356340047736,1.3851604353569531e-16,0.05228227909571642,4.249054319936452e-13,0.29890613724663084,3.5504453553947988,-3.8248402343646e-13,-0.001968959026826759,0.0,0.0,0.0,-17.647711999999956,0.0,0.0,0.0,0.0,0.0,19.32879999999999,-0.03729720921888827,1.8188727586945592e-13,21.55790990549047,0.05298809513468822,4.109092752168754e-13,-18.708499261931003,-1.9710553971546047e-13,-0.009939987681621697,19.606931924819946,41692.1,4074.40889205649,67161.94802322477
-0.03520580886077039,1.9888610965861233e-13,4.306754407971526,-2.125929852430277e-13,-0.01001882294987665,1.467520758715693e-16,0.0515873824856673,4.391632397114735e-13,0.17233723553932245,3.4817282815956276,-3.9208716129678565e-13,-0.0019738579063339006,0.0,0.0,0.0,-18.036249999999956,0.0,0.0,0.0,0.0,0.0,19.524999999999995,-0.03624450547658423,1.9024542294156115e-13,21.94975397424362,0.05228227909571642,4.249054319936452e-13,-19.029893862753358,-2.047532549786324e-13,-0.009979356340047736,19.76193118095398,43229.4,4220.269655015744,69640.61174047111
-0.03418090263304859,2.0781454645610062e-13,4.3089219866956014,-2.2062579131494008e-13,-0.010058387787849676,1.5532262306051553e-16,0.05090324028651255,4.53680440037356e-13,0.04442063686828935,3.414341425370869,-4.017433477107525e-13,-0.0019787706266053097,0.0,0.0,0.0,-18.42871199999996,0.0,0.0,0.0,0.0,0.0,19.7212,-0.03520580886077039,1.9888610965861233e-13,22.34300440797148,0.0515873824856673,4.391632397114735e-13,-19.35266276446067,-2.125929852430277e-13,-0.01001882294987665,19.928926467895508,44800.1,4369.279902231217,72173.15054093231
-0.033169573331248925,2.1703589666934296e-13,4.3085180173602975,-2.2885263786821915e-13,-0.010098051080390781,1.6423697298742474e-16,0.05022968989345436,4.684545812868784e-13,-0.0848175703986209,3.3482590088586583,-4.114477746654656e-13,-0.0019836946711044405,0.0,0.0,0.0,-18.825097999999958,0.0,0.0,0.0,0.0,0.0,19.917400000000004,-0.03418090263304859,2.0781454645610062e-13,22.73763398669556,0.05090324028651255,4.53680440037356e-13,-19.67677936313171,-2.2062579131494008e-13,-0.010058387787849676,20.09092617034912,46404.4,4521.458072433475,74759.86360438686
-0.032171610721472066,2.2655527270826665e-13,4.305516323622445,-2.3727439498896875e-13,-0.010137813007770688,1.7350450196818884e-16,0.0495665710842319,4.834830226054916e-13,-0.21535180338660062,3.2834557572137593,-4.211957114045665e-13,-0.001988627731552398,0.0,0.0,0.0,-19.22540799999996,0.0,0.0,0.0,0.0,0.0,20.11360000000001,-0.033169573331248925,2.1703589666934296e-13,23.133616017360254,0.05022968989345436,4.684545812868784e-13,-20.002217570398624,-2.2885263786821915e-13,-0.010098051080390781,20.246925830841064,48042.5,4676.822169209249,77401.04289516633
-0.031186807750746216,2.3637773231943225e-13,4.299891235839994,-2.4589183407765333e-13,-0.010177673707803632,1.8313467084392572e-16,0.04891372598835286,4.987629385110695e-13,-0.3471569748584428,3.219906888362637,-4.309822222232446e-13,-0.0019935676845580026,0.0,0.0,0.0,-19.629641999999958,0.0,0.0,0.0,0.0,0.0,20.309800000000013,-0.032171610721472066,2.2655527270826665e-13,23.530924323622404,0.0495665710842319,4.834830226054916e-13,-20.32895180338661,-2.3727439498896875e-13,-0.010137813007770688,20.40493130683899,49714.5,4835.389768123293,80096.97328916626
-0.03021496050029956,2.4650827493858047e-13,4.291617581255823,-2.547056406631362e-13,-0.010217633279141882,1.9313702117346998e-16,0.04827099905631263,5.142913234037546e-13,-0.4802084835587638,3.1575881030205704,-4.408030122908455e-13,-0.001998512571498999,0.0,0.0,0.0,-20.037799999999958,0.0,0.0,0.0,0.0,0.0,20.506000000000018,-0.031186807750746216,2.3637773231943225e-13,23.92953323583995,0.04891372598835286,4.987629385110695e-13,-20.656956974858456,-2.4589183407765333e-13,-0.010177673707803632,20.55993103981018,51420.6,4997.17802383578,82847.93270018528
-0.029255868139447885,2.5695183814358133e-13,4.280670674372706,-2.637164002702031e-13,-0.010257691784222419,2.0352117132832722e-16,0.04763823702885442,5.300649970963283e-13,-0.6144822047529095,3.096475574957671,-4.506530799650863e-13,-0.0020034605811278918,0.0,0.0,0.0,-20.44988199999996,0.0,0.0,0.0,0.0,0.0,20.702200000000023,-0.03021496050029956,2.4650827493858047e-13,24.329417581255782,0.04827099905631263,5.142913234037546e-13,-20.98620848355878,-2.547056406631362e-13,-0.010217633279141882,20.713926315307617,53161.1,5162.203677208659,85654.19220551304
-0.028309332880096186,2.6771329421066625e-13,4.267026307515619,-2.7292461059126907e-13,-0.010297849251911715,2.1429681247912105e-16,0.04701528890631565,5.460806096121635e-13,-0.7499544809557781,3.0365459415032956,-4.605280323528783e-13,-0.0020084100344698397,0.0,0.0,0.0,-20.86588799999996,0.0,0.0,0.0,0.0,0.0,20.898400000000027,-0.029255868139447885,2.5695183814358133e-13,24.730552674372667,0.04763823702885442,5.300649970963283e-13,-21.316682204752933,-2.637164002702031e-13,-0.010257691784222419,20.875925302505493,54936,5330.483062394629,88516.01617069048
-0.027375159931852036,2.7879744677577223e-13,4.250660741577601,-2.823306738396431e-13,-0.010338105679887136,2.2547370460557297e-16,0.046402005918099565,5.623346468984379e-13,-0.8866021128460444,2.977776294276017,-4.704230941233863e-13,-0.002013359371653239,0.0,0.0,0.0,-21.28581799999996,0.0,0.0,0.0,0.0,0.0,21.09460000000003,-0.028309332880096186,2.6771329421066625e-13,25.132914307515577,0.04701528890631565,5.460806096121635e-13,-21.648354480955806,-2.7292461059126907e-13,-0.010297849251911715,21.03092074394226,56745.5,5502.032113902913,91433.66237337366
-0.026453157457747994,2.9020902760666343e-13,4.2315506969455265,-2.9193489886674e-13,-0.01037846103678792,2.3706167233033e-16,0.045798241492304714,5.788234361906803e-13,-1.0244023503614237,2.9201441701318234,-4.803335958359579e-13,-0.002018307140382907,0.0,0.0,0.0,-21.70967199999996,0.0,0.0,0.0,0.0,0.0,21.290800000000036,-0.027375159931852036,2.7879744677577223e-13,25.53647874157756,0.046402005918099565,5.623346468984379e-13,-21.981202112846077,-2.823306738396431e-13,-0.010338105679887136,21.18392062187195,58589.8,5676.8663736363715,94407.38212623636
-0.025543136530569537,3.0195269348479736e-13,4.209673344602204,-3.0173750858042987e-13,-0.010418915264163482,2.4907060088141797e-16,0.045203851225540936,5.955431516227147e-13,-1.163332883970818,2.8636275423202058,-4.902552390678998e-13,-0.0020232519858065876,0.0,0.0,0.0,-22.13744999999996,0.0,0.0,0.0,0.0,0.0,21.48700000000004,-0.026453157457747994,2.9020902760666343e-13,25.941222696945484,0.045798241492304714,5.788234361906803e-13,-22.31520235036146,-2.9193489886674e-13,-0.01037846103678792,21.337920427322388,60469,5855.000997894804,97437.42039885125
-0.02464491108978457,3.1403302320449584e-13,4.185006297401302,-3.1173863950635224e-13,-0.010459468278243029,2.6151043213586e-16,0.04461869285295578,6.124898203471328e-13,-1.3033718361193367,2.808204811840357,-5.001837034576131e-13,-0.0020281926415755937,0.0,0.0,0.0,-22.56915199999996,0.0,0.0,0.0,0.0,0.0,21.683200000000046,-0.025543136530569537,3.0195269348479736e-13,26.347123344602164,0.045203851225540936,5.955431516227147e-13,-22.650332883970858,-3.0173750858042987e-13,-0.010418915264163482,21.49392056465149,62383.3,6036.450764339725,100524.01593849547
-0.023758297899070097,3.2645451469465114e-13,4.157527601511686,-3.2193833479726524e-13,-0.010500119971546906,2.7439116045504e-16,0.04404262621849195,6.296593286684072e-13,-1.4444977528423308,2.7538547989908273,-5.10114319019011e-13,-0.0020331279219289364,0.0,0.0,0.0,-23.004777999999963,0.0,0.0,0.0,0.0,0.0,21.87940000000005,-0.02464491108978457,3.1403302320449584e-13,26.75415829740126,0.04461869285295578,6.124898203471328e-13,-22.98657183611938,-3.1173863950635224e-13,-0.010459468278243029,21.651982069015503,64332.8,6221.230078916141,103667.40138982868
-0.022883116504431242,3.3922158225957646e-13,4.127215728027815,-3.3233654775471966e-13,-0.010540870214357219,2.877228283916031e-16,0.04347551324539367,6.470474278241222e-13,-1.5866895955447236,2.7005567351045396,-5.200425918983252e-13,-0.002038056714658224,0.0,0.0,0.0,-23.444327999999963,0.0,0.0,0.0,0.0,0.0,22.075600000000055,-0.023758297899070097,3.2645451469465114e-13,27.162305601511648,0.04404262621849195,6.296593286684072e-13,-23.32389775284238,-3.2193833479726524e-13,-0.010500119971546906,21.807921171188354,66317.7,6409.352982727259,106867.80341339814
-0.02201918919290754,3.5233855393784e-13,4.0940495647429485,-3.4293314885038317e-13,-0.010581718856063162,3.0151552255429753e-16,0.042917217906976585,6.646497400022322e-13,-1.7299267329420305,2.648290254464493,-5.299643794033708e-13,-0.0020429779748392016,0.0,0.0,0.0,-23.887801999999965,0.0,0.0,0.0,0.0,0.0,22.27180000000006,-0.022883116504431242,3.3922158225957646e-13,27.571543728027777,0.04347551324539367,6.470474278241222e-13,-23.662289595544777,-3.3233654775471966e-13,-0.010540870214357219,21.96492075920105,68338,6600.833158858244,110125.44280292746
-0.021166340951861033,3.658096689852664e-13,4.058008408081933,-3.5372793556024654e-13,-0.010622665726394252,3.1577936976426843e-16,0.04236760619767402,6.824617647404036e-13,-1.874188933159597,2.597035386393094,-5.398760306850388e-13,-0.0020478907192241556,0.0,0.0,0.0,-24.335199999999965,0.0,0.0,0.0,0.0,0.0,22.468000000000064,-0.02201918919290754,3.5233855393784e-13,27.981851564742914,0.042917217906976585,6.646497400022322e-13,-24.00172673294209,-3.4293314885038317e-13,-0.010581718856063162,22.119921684265137,70394,6795.683939145561,113440.53460135065
-0.020324399428840595,3.7963907549063277e-13,4.01907195519047,-3.6472060392722543e-13,-0.01066371063655294,3.3052453278107116e-16,0.04182654610437023,7.004788857962346e-13,-2.0194563559866694,2.5467725475102916,-5.497724726459993e-13,-0.002052794021213094,0.0,0.0,0.0,-24.786521999999966,0.0,0.0,0.0,0.0,0.0,22.66420000000007,-0.021166340951861033,3.658096689852664e-13,28.393208408081897,0.04236760619767402,6.824617647404036e-13,-24.34218893315966,-3.5372793556024654e-13,-0.010622665726394252,22.274917125701904,72485.8,6993.918310888558,116813.28821555561
-0.01949319489201659,3.938308281136875e-13,3.9772202961777827,-3.7591078389947395e-13,-0.0107048533802569,3.4576120611865826e-16,0.04129390757802967,7.186963765092365e-13,-2.16570954528202,2.4974825341560307,-5.596503995785198e-13,-0.0020576870063322827,0.0,0.0,0.0,-25.241767999999965,0.0,0.0,0.0,0.0,0.0,22.860400000000073,-0.020324399428840595,3.7963907549063277e-13,28.805593955190435,0.04182654610437023,7.004788857962346e-13,-24.683656355986738,-3.6472060392722543e-13,-0.01066371063655294,22.428916931152344,74613.4,7195.548923500344,120243.90752980615
-0.018672560191180004,4.0838888594815586e-13,3.9324339065096834,-3.8729801987289616e-13,-0.010746093734699681,3.6149961213950844e-16,0.04076956250562935,7.37109406937605e-13,-2.3129294215279472,2.4491465149716727,-5.695055326419877e-13,-0.0020625688481566555,0.0,0.0,0.0,-25.70093799999997,0.0,0.0,0.0,0.0,0.0,23.056600000000078,-0.01949319489201659,3.938308281136875e-13,29.21898829617775,0.04129390757802967,7.186963765092365e-13,-25.026109545282093,-3.7591078389947395e-13,-0.0107048533802569,22.59092140197754,76777.1,7400.588095095138,123732.59101781256
-0.01786233071929971,4.233171105167655e-13,3.8846936395491087,-3.9888178251721523e-13,-0.01078743146143777,3.777499969464749e-16,0.04025338468240047,7.557130499233627e-13,-2.4610972745295427,2.4017460236365333,-5.793341844589674e-13,-0.0020674387646227354,0.0,0.0,0.0,-26.16403199999997,0.0,0.0,0.0,0.0,0.0,23.252800000000082,-0.018672560191180004,4.0838888594815586e-13,29.63337190650965,0.04076956250562935,7.37109406937605e-13,-25.369529421528025,-3.8729801987289616e-13,-0.010746093734699681,22.7479248046875,78976.9,7609.047819009584,127279.53185342615
-0.017062344374631864,4.3861926389265184e-13,3.8339807192412514,-4.1066146729457887e-13,-0.010828866307210767,3.9452262644343187e-16,0.03974524978438404,7.745022876652691e-13,-2.610194756256197,2.3552629517558303,-5.891325935641904e-13,-0.0020722960146875693,0.0,0.0,0.0,-26.631049999999973,0.0,0.0,0.0,0.0,0.0,23.449000000000087,-0.01786233071929971,4.233171105167655e-13,30.04872563954908,0.04025338468240047,7.557130499233627e-13,-25.713897274529625,-3.9888178251721523e-13,-0.01078743146143777,22.912917137145996,81212.9,7820.939770255673,130884.91801993453
-0.016272441523374988,4.5429900695042914e-13,3.7802767329404654,-4.226363821915943e-13,-0.01087039800470081,4.118277820682066e-16,0.03924503534130383,7.934720181124595e-13,-2.760203873822407,2.3096795418960663,-5.988963849320718e-13,-0.002077139895292073,0.0,0.0,0.0,-27.101991999999974,0.0,0.0,0.0,0.0,0.0,23.64520000000009,-0.017062344374631864,4.3861926389265184e-13,30.465030719241224,0.03974524978438404,7.745022876652691e-13,-26.059194756256282,-4.1066146729457887e-13,-0.010828866307210767,23.07392144203186,83485.3,8036.275311903177,134548.93241793758
-0.015492464962864353,4.703598977384957e-13,3.723563624376191,-4.348057868593796e-13,-0.010912026273236805,4.29675757040149e-16,0.03875262070975963,8.126170606942052e-13,-2.9111069826049825,2.264978380764683,-6.086231410643232e-13,-0.002081969738594594,0.0,0.0,0.0,-27.576857999999977,0.0,0.0,0.0,0.0,0.0,23.841400000000096,-0.016272441523374988,4.5429900695042914e-13,30.88226873294044,0.03924503534130383,7.934720181124595e-13,-26.4054038738225,-4.226363821915943e-13,-0.01087039800470081,23.24191641807556,85794.2,8255.065501389676,138271.75297178692
-0.014722259885299337,4.86805389982739e-13,3.6638236867552028,-4.4716885347085833e-13,-0.010953750819447982,4.480768525701817e-16,0.03826788704674208,8.31932163730124e-13,-3.062886779493841,2.2211423925308975,-6.183084868059806e-13,-0.002086784909442638,0.0,0.0,0.0,-28.055647999999977,0.0,0.0,0.0,0.0,0.0,24.0376000000001,-0.015492464962864353,4.703598977384957e-13,31.300421624376167,0.03875262070975963,8.126170606942052e-13,-26.752506982605077,-4.348057868593796e-13,-0.010912026273236805,23.400917053222656,88139.6,8477.321096756372,142053.55273457343
-0.013961673841997216,5.036388317190613e-13,3.601039555997528,-4.59724696746073e-13,-0.010995571337871188,4.670413738433858e-16,0.037790717283470054,8.514120099021019e-13,-3.2155262962736018,2.1781548322856383,-6.279495486708907e-13,-0.0020915848030556004,0.0,0.0,0.0,-28.538361999999978,0.0,0.0,0.0,0.0,0.0,24.233800000000105,-0.014722259885299337,4.86805389982739e-13,31.719471686755178,0.03826788704674208,8.31932163730124e-13,-27.10048677949394,-4.4716885347085833e-13,-0.010953750819447982,23.557921171188354,90521.7,8703.052562808214,145894.499991651
-0.013210556708167013,5.208634640475272e-13,3.5351942041034596,-4.724723550852799e-13,-0.011037487511515578,4.865796261970919e-16,0.037320996099550335,8.710512229444929e-13,-3.3690088931332767,2.135999279636895,-6.375425095773274e-13,-0.002096368842893131,0.0,0.0,0.0,-29.02499999999998,0.0,0.0,0.0,0.0,0.0,24.43000000000011,-0.013961673841997216,5.036388317190613e-13,32.13940155599751,0.037790717283470054,8.514120099021019e-13,-27.449326296273707,-4.59724696746073e-13,-0.010995571337871188,23.709916830062866,92940.7,8932.270077196852,149794.758362685
-0.012468760648196922,5.384824200104684e-13,3.4662709326491132,-4.854108117321452e-13,-0.011079499012387806,5.0670191131206805e-16,0.03685860989745876,8.908443733496083e-13,-3.5233182523013475,2.0946596324400883,-6.470846108880444e-13,-0.0021011364786849814,0.0,0.0,0.0,-29.515561999999985,0.0,0.0,0.0,0.0,0.0,24.626200000000114,-0.013210556708167013,5.208634640475272e-13,32.56019420410344,0.037320996099550335,8.710512229444929e-13,-27.799008893133387,-4.724723550852799e-13,-0.011037487511515578,23.869921445846558,95396.5,9164.983536425172,153754.48690221782
