-0.3,0.0,-0.001962000000263382,3.8576638462231534e-18,0.004828683523345894,9.313737023173766e-21,0.0,0.0,-0.19620000002633817,-1.3169067365517013e-09,1.9288206798176042e-16,0.24143464527870614,0.0,0.0,0.0,0.218038,0.0,0.0,0.0,0.0,0.0,-4.803799999999999,-0.3,0.0,-0.12,0.0,0.0,5.0,0.0,-0.0,0.05199933052062988,109655,8.259534397042733,149.9031587452
-0.3000000000000073,5.86167459095898e-30,-0.007848000002309634,7.074338297353682e-18,0.009255332742806117,3.3510386597849436e-20,-7.337184531540866e-13,5.86167459095898e-28,-0.392400000178287,-7.597529439099701e-09,1.6082567168582096e-16,0.22133346747648647,0.0,0.0,0.0,0.312152,0.0,0.0,0.0,0.0,0.0,-4.607599999999998,-0.3,0.0,-0.2200000000002634,0.0,0.0,4.607599999973661,3.8576638462231534e-18,0.004828683523345894,0.25194311141967773,90319.6,9.475575196643751,113.03768093256822
-0.3000000000000355,2.7949239284390745e-29,-0.01765800000734042,9.703416557081187e-18,0.013313423415838398,6.755535605561051e-20,-2.0897053339562364e-12,1.622589010247279e-27,-0.5886000003247917,-7.325540193516702e-09,1.314354095476978e-16,0.2029059004767105,0.0,0.0,0.0,0.4023419999999999,0.0,0.0,0.0,0.0,0.0,-4.411399999999997,-0.3000000000000073,5.86167459095898e-30,-0.3200000000023096,-7.337184531540866e-13,5.86167459095898e-28,4.215199999821711,7.074338297353682e-18,0.009255332742806117,0.4079427719116211,72874,11.767380205985774,85.4195089840086
-0.3000000000000959,7.395369650507065e-29,-0.03139200001523295,1.1793786230046607e-17,0.01703364341071148,1.0754709850094932e-19,-3.949296961952562e-12,2.9778567118207114e-27,-0.7848000004644614,-6.9841035833861285e-09,1.0448891951836589e-16,0.186012594940287,0.0,0.0,0.0,0.4886079999999999,0.0,0.0,0.0,0.0,0.0,-4.215199999999996,-0.3000000000000355,2.7949239284390745e-29,-0.42000000000734034,-2.0897053339562364e-12,1.622589010247279e-27,3.822799999675205,9.703416557081187e-18,0.013313423415838398,0.5639438629150391,57318.4,15.123104159554124,67.04786970938528
-0.30000000000019716,1.4894114280717364e-28,-0.049050000025830535,1.3390234746107484e-17,0.020444124915529376,1.504994376118239e-19,-6.178119383598015e-12,4.520887918389588e-27,-0.9810000005952969,-6.542728856750275e-09,7.978291436020449e-17,0.17052580124878658,0.0,0.0,0.0,0.5709499999999998,0.0,0.0,0.0,0.0,0.0,-4.018999999999995,-0.3000000000000959,7.395369650507065e-29,-0.5200000000152328,-3.949296961952562e-12,2.9778567118207114e-27,3.4303999995355343,1.1793786230046607e-17,0.01703364341071148,0.7189440727233887,43652.6,19.532792116881126,57.92206959724413
-0.30000000000034505,2.552896621259246e-28,-0.07063200003892622,1.4533805809105792e-17,0.02357065738225758,1.9416270271559889e-19,-8.61080731067849e-12,6.113964013485504e-27,-1.1772000007142722,-5.950015976097943e-09,5.713111719249804e-17,0.15632840874905296,0.0,0.0,0.0,0.6493679999999997,0.0,0.0,0.0,0.0,0.0,-3.8227999999999955,-0.30000000000019716,1.4894114280717364e-28,-0.6200000000258303,-6.178119383598015e-12,4.520887918389588e-27,3.037999999404698,1.3390234746107484e-17,0.020444124915529376,0.8769443035125732,31876.8,24.98807788050108,58.041485744031206
-0.3000000000005414,3.9242369552962178e-28,-0.09613800005423379,1.5262121454956578e-17,0.026436882703197388,2.368769602275752e-19,-1.1020459327804975e-11,7.599439326884218e-27,-1.373400000816484,-5.112023641515779e-09,3.6362817035045683e-17,0.14331305929480992,0.0,0.0,0.0,0.7238619999999997,0.0,0.0,0.0,0.0,0.0,-3.6265999999999963,-0.30000000000034505,2.552896621259246e-28,-0.720000000038926,-8.61080731067849e-12,6.113964013485504e-27,2.6455999992857233,1.4533805809105792e-17,0.02357065738225758,1.0329430103302002,21990.7,31.481930425695456,67.4055579205351
-0.3000000000005188,4.041637822680188e-28,-0.12556800006137356,1.560967464474794e-17,0.029064473749863713,2.774517984144107e-19,1.328040978800617e-11,-6.425430653044525e-27,-1.5695999998974948,4.59655177602428e-08,1.7321590373507622e-17,0.13138131684279106,0.0,0.0,0.0,0.7944319999999996,0.0,0.0,0.0,0.0,0.0,-3.430399999999997,-0.3000000000005414,3.9242369552962178e-28,-0.8200000000542335,-1.1020459327804975e-11,7.599439326884218e-27,2.2531999991835123,1.5262121454956578e-17,0.026436882703197388,1.1909441947937012,13994.5,39.00844057095622,86.01378162707691
-0.29999999999995514,1.1568232091728578e-28,-0.1589220000490742,1.5608089943609275e-17,0.03147329953065089,3.150680982183469e-19,4.307779310008232e-11,-2.242271548202877e-26,-1.7657999988725672,5.126805180387755e-08,-1.361584488938241e-19,0.12044299952834558,0.0,0.0,0.0,0.8610779999999996,0.0,0.0,0.0,0.0,0.0,-3.2341999999999977,-0.3000000000005188,4.041637822680188e-28,-0.9200000000613732,1.328040978800617e-11,-6.425430653044525e-27,1.8608000001025022,1.560967464474794e-17,0.029064473749863713,1.3439335823059082,7887.95,47.562642919351354,113.8657019855246
-0.29999999999870103,-5.27339088798255e-28,-0.19620000001405802,1.5286371871441893e-17,0.03368157421275887,3.4919792942131224e-19,8.233018991772532e-11,-4.1879425489525314e-26,-1.9619999976258145,6.23685449528179e-08,-1.6141720071962283e-17,0.11041537374934181,0.0,0.0,0.0,0.9237999999999995,0.0,0.0,0.0,0.0,0.0,-3.0379999999999985,-0.29999999999995514,1.1568232091728578e-28,-1.0200000000490737,4.307779310008232e-11,-2.242271548202877e-26,1.4684000011274305,1.5608089943609275e-17,0.03147329953065089,1.4999310970306396,3671.16,57.14036368867418,150.96090840786482
-0.29999999999638166,-1.67010266605382e-27,-0.23740199994660638,1.4671112824341773e-17,0.03570599537292446,3.7953946580062725e-19,1.4961067442176583e-10,-7.239693223603117e-26,-2.1581999956290234,9.989617290889683e-08,-3.0816038833238605e-17,0.10122261627794453,0.0,0.0,0.0,0.9825979999999995,0.0,0.0,0.0,0.0,0.0,-2.841799999999999,-0.29999999999870103,-5.27339088798255e-28,-1.1200000000140575,8.233018991772532e-11,-4.1879425489525314e-26,1.076000002374184,1.5286371871441893e-17,0.03368157421275887,1.6559319496154785,1344.05,67.73809545611132,197.2990298839685
-0.2999986734328086,-5.446813567310606e-22,-0.282490863328836,1.3813129756219903e-17,0.03756187029726056,4.0598880389600713e-19,0.0001326562076936394,-5.446789626590721e-20,-2.3506863425939395,0.18580107975156612,-4.2948258255020744e-17,0.09279521723057488,0.0,0.0,0.0,1.0374719999999995,0.0,0.0,0.0,0.0,0.0,-2.6456,-0.29999999999638166,-1.67010266605382e-27,-1.219999999946606,1.4961067442176583e-10,-7.239693223603117e-26,0.6836000043709758,1.4671112824341773e-17,0.03570599537292446,1.8208754062652588,896.943,81.07899259168366,252.87973079483237
-0.2999896108774588,-3.989017464967262e-21,-0.3312960338021649,1.2987131275773874e-17,0.03926094159569129,4.287733848424754e-19,0.0007735993272852071,-2.89965714557713e-19,-2.529830704738946,0.8533838390830103,-4.1344334001942944e-17,0.08495494427838422,0.0,0.0,0.0,1.0884219999999996,0.0,0.0,0.0,0.0,0.0,-2.4494000000000007,-0.2999986734328086,-5.446813567310606e-22,-1.3199628633288354,0.0001326562076936394,-5.446789626590721e-20,0.29491365740606046,1.3813129756219903e-17,0.03756187029726056,1.990875244140625,1624.43,128.38956612459026,317.4636168123725
-0.29996276446211356,-1.3546970068753665e-20,-0.3835650831673769,1.2230438746010398e-17,0.040807446651394234,4.482885694275254e-19,0.0019110422072370701,-6.658295458209272e-19,-2.6970742317822536,1.448940218225715,-3.7874299295686774e-17,0.07732653299707132,0.0,0.0,0.0,1.1354479999999993,0.0,0.0,0.0,0.0,0.0,-2.2532000000000014,-0.2999896108774588,-3.989017464967262e-21,-1.4197180338021644,0.0007735993272852071,-2.89965714557713e-19,-0.0804307047389452,1.2987131275773874e-17,0.03926094159569129,2.162929058074951,2946.02,210.55005059733242,390.1827502233057
-0.2999079975177085,-3.1816567651208784e-20,-0.43906332522732366,1.1541782719708265e-17,0.04220530993981602,4.649180483161243e-19,0.003565652233265495,-1.1611302124245845e-18,-2.8527499742124194,2.0279011230361466,-3.446787696939746e-17,0.06989433993236463,0.0,0.0,0.0,1.1785499999999995,0.0,0.0,0.0,0.0,0.0,-2.057000000000002,-0.29996276446211356,-1.3546970068753665e-20,-1.5190130831673763,0.0019110422072370701,-6.658295458209272e-19,-0.44387423178225216,1.2230438746010398e-17,0.040807446651394234,2.3328752517700195,4804.37,325.73332298933,470.5948920224205
-0.2998148221623886,-6.100941556945428e-20,-0.4975626332618767,1.0918207691958448e-17,0.043457612540480334,4.78994309315292e-19,0.0057518832987266035,-1.7581545793999655e-18,-2.9971808292428905,2.590764354948019,-3.120941495201844e-17,0.06261619641877998,0.0,0.0,0.0,1.2177279999999997,0.0,0.0,0.0,0.0,0.0,-1.8608000000000022,-0.2999079975177085,-3.1816567651208784e-20,-1.6176133252273233,0.003565652233265495,-1.1611302124245845e-18,-0.7957499742124172,1.1541782719708265e-17,0.04220530993981602,2.48787522315979,7153.47,471.1330954526806,558.1789214282786
-0.2996725212934645,-1.0301115979656963e-19,-0.5588412932233311,1.0356665705557856e-17,0.044566762975893744,4.908042627793811e-19,0.008478203593674122,-2.442019843311571e-18,-3.130685166902553,3.137745567538996,-2.810356048309594e-17,0.05545847556583909,0.0,0.0,0.0,1.2529819999999998,0.0,0.0,0.0,0.0,0.0,-1.664600000000002,-0.2998148221623886,-6.100941556945428e-20,-1.7152906332618765,0.0057518832987266035,-1.7581545793999655e-18,-1.1363808292428883,1.0918207691958448e-17,0.043457612540480334,2.6418750286102295,9949.28,644.0381550785314,652.3877627695671
-0.29947026441895586,-1.5943535694893135e-19,-0.6226839131419961,9.854076614026784e-18,0.045534651878426,5.005950728676463e-19,0.01174748385718913,-3.2003998719246e-18,-3.2535768249639494,3.669060230913609,-2.5151935127301288e-17,0.048395283705102106,0.0,0.0,0.0,1.284312,0.0,0.0,0.0,0.0,0.0,-1.468400000000002,-0.2996725212934645,-1.0301115979656963e-19,-1.811823293223331,0.008478203593674122,-2.442019843311571e-18,-1.4660851669025508,1.0356665705557856e-17,0.044566762975893744,2.7988781929016113,13149.7,841.8533746910516,752.6514517837111
-0.2991972161017617,-2.31671994174876e-19,-0.6888813324526752,9.407364847989426e-18,0.046362789050366233,5.085790572197531e-19,0.01555734786222879,-4.0232638506698654e-18,-3.3661651061039572,4.184923713300862,-2.2354312764103617e-17,0.04140758007743799,0.0,0.0,0.0,1.311718,0.0,0.0,0.0,0.0,0.0,-1.2722000000000018,-0.29947026441895586,-1.5943535694893135e-19,-1.906995913141996,0.01174748385718913,-3.2003998719246e-18,-1.7851768249639475,9.854076614026784e-18,0.045534651878426,2.95487380027771,16714.4,1062.0967916308805,858.3799205440829
-0.2988426376631712,-3.2093092083012076e-19,-0.7572305313117844,9.013499588762168e-18,0.04705242481586852,5.149378354635483e-19,0.01990049599682033,-4.9026288148546114e-18,-3.4687547798069422,4.685551228284806,-1.9708451689784675e-17,0.03448239144388719,0.0,0.0,0.0,1.3352,0.0,0.0,0.0,0.0,0.0,-1.0760000000000016,-0.2991972161017617,-2.31671994174876e-19,-2.0005993324526754,0.01555734786222879,-4.0232638506698654e-18,-2.0939651061039557,9.407364847989426e-18,0.046362789050366233,3.1088733673095703,20605,1302.3967359737285,968.9657989739555
-0.29839598259495176,-4.2828049358292396e-19,-0.8275345400016012,8.669529387056077e-18,0.04760465738817061,5.198258812571795e-19,0.024765010825124143,-5.832328460425707e-18,-3.5616460891747463,5.171157768008419,-1.7210374357937562e-17,0.027612112857282597,0.0,0.0,0.0,1.354758,0.0,0.0,0.0,0.0,0.0,-0.8798000000000015,-0.2988426376631712,-3.2093092083012076e-19,-2.092430531311784,0.01990049599682033,-4.9026288148546114e-18,-2.392754779806941,9.013499588762168e-18,0.04705242481586852,3.264874219894409,24784.7,1560.4890164700562,1083.787221998961
-0.29784698596990145,-5.546817740642758e-19,-0.8996023485353805,8.37259435445025e-18,0.04802052760724435,5.233735914369073e-19,0.030134651679907868,-6.80779958770948e-18,-3.6451347642031733,5.64195795352932,-1.4855490374576042e-17,0.020793876186236678,0.0,0.0,0.0,1.3703919999999998,0.0,0.0,0.0,0.0,0.0,-0.6836000000000013,-0.29839598259495176,-4.2828049358292396e-19,-2.182292540001601,0.024765010825124143,-5.832328460425707e-18,-2.681846089174745,8.669529387056077e-18,0.04760465738817061,3.4178543090820312,29218.5,1834.2141172525285,1202.210632037899
-0.2971857480127541,-7.0101861905496465e-19,-0.97324881656169,8.119952887966788e-18,0.048301102190604336,5.256899720765127e-19,0.03598914403482317,-7.825884911359395e-18,-3.7195120384277756,6.09816603498162,-1.2637871175186361e-17,0.014028975772065194,0.0,0.0,0.0,1.3821019999999997,0.0,0.0,0.0,0.0,0.0,-0.4874000000000012,-0.29784698596990145,-5.546817740642758e-19,-2.26999434853538,0.030134651679907868,-6.80779958770948e-18,-2.961534764203172,8.37259435445025e-18,0.04802052760724435,3.5758538246154785,33873.2,2121.514518101069,1323.5935675195688
-0.2964028118936421,-8.681240098240605e-19,-1.0482945836511959,7.908994401633165e-18,0.04844754644888366,5.268650203064342e-19,0.042304467876375734,-8.884654165550197e-18,-3.7850646705228046,6.539995805755622,-1.0550950817841826e-17,0.0073223416646141844,0.0,0.0,0.0,1.389888,0.0,0.0,0.0,0.0,0.0,-0.2912000000000013,-0.2971857480127541,-7.0101861905496465e-19,-2.35535081656169,0.03598914403482317,-7.825884911359395e-18,-3.232112038427774,8.119952887966788e-18,0.048301102190604336,3.7298550605773926,38717.1,2420.4320305766346,1447.2874282116868
-0.29548923573218383,-1.0568029743512996e-18,-1.1245659800570171,7.737265585714012e-18,0.04846118726744559,5.269718595987435e-19,0.049053148269446706,-9.983242287173727e-18,-3.842074970059291,6.967660547517126,-8.586850528709778e-18,0.0006820529214325517,0.0,0.0,0.0,1.3937499999999998,0.0,0.0,0.0,0.0,0.0,-0.09500000000000125,-0.2964028118936421,-8.681240098240605e-19,-2.438182583651196,0.042304467876375734,-8.884654165550197e-18,-3.4938646705228034,7.908994401633165e-18,0.04844754644888366,3.886850595474243,43719.9,2729.10520157291,1572.640209389935
-0.2944366587464267,-1.267852462845996e-18,-1.2018949380284691,7.60244943943502e-18,0.048343567033736115,5.260686713824421e-19,0.05620455030626459,-1.1121706562295904e-17,-3.890820827085901,7.381372980535032,-6.738740839720495e-18,-0.005881115106831239,0.0,0.0,0.0,1.393688,0.0,0.0,0.0,0.0,0.0,0.10119999999999876,-0.29548923573218383,-1.0568029743512996e-18,-2.518315980057017,0.049053148269446706,-9.983242287173727e-18,-3.74707497005929,7.737265585714012e-18,0.04846118726744559,4.043852090835571,48853.3,3045.7667730842286,1698.999197248654
-0.29323736144554663,-1.5020784871381757e-18,-1.2801189037505052,7.502389480993175e-18,0.0480964890950337,5.242004636242065e-19,0.06372517978174208,-1.230089586692206e-17,-3.9315757451177005,7.781345220430752,-4.998583320479367e-18,-0.012354114256282193,0.0,0.0,0.0,1.3897019999999998,0.0,0.0,0.0,0.0,0.0,0.2973999999999988,-0.2944366587464267,-1.267852462845996e-18,-2.5955829380284694,0.05620455030626459,-1.1121706562295904e-17,-3.9920208270858994,7.60244943943502e-18,0.048343567033736115,4.197851181030273,54090.2,3368.7411985245703,1825.7136186163248
-0.291884319745724,-1.760310821223702e-18,-1.3590807499735664,7.435083899544192e-18,0.047722055257537754,5.214007033723473e-19,0.0715789902005255,-1.3522337541630581e-17,-3.964608877188419,8.167788735016611,-3.358634004152601e-18,-0.0187220214801378,0.0,0.0,0.0,1.381792,0.0,0.0,0.0,0.0,0.0,0.4935999999999987,-0.29323736144554663,-1.5020784871381757e-18,-2.669820903750505,0.06372517978174208,-1.230089586692206e-17,-4.228975745117699,7.502389480993175e-18,0.0480964890950337,4.352850437164307,59404.9,3696.4422101602813,1952.137238609344
-0.2903712528822864,-2.0434155676054828e-18,-1.4386286893807223,7.398690760848787e-18,0.0472226959308405,5.176928342560787e-19,0.07972769614323388,-1.4788137096547482e-17,-3.990185063527181,8.5409143534,-1.8108910637936995e-18,-0.024968406573885524,0.0,0.0,0.0,1.369958,0.0,0.0,0.0,0.0,0.0,0.6897999999999989,-0.291884319745724,-1.760310821223702e-18,-2.7408727499735663,0.0715789902005255,-1.3522337541630581e-17,-4.458208877188418,7.435083899544192e-18,0.047722055257537754,4.512850522994995,64773.2,4027.370480191798,2077.6309004231484
-0.28869266499809604,-2.35230585454774e-18,-1.518616188758862,7.391525050634656e-18,0.04660119259349899,5.130916880736744e-19,0.08813109227580007,-1.610089159767828e-17,-4.0085648742868,8.900932081535887,-3.4750316335937445e-19,-0.031075716112366494,0.0,0.0,0.0,1.3542,0.0,0.0,0.0,0.0,0.0,0.885999999999999,-0.2903712528822864,-2.0434155676054828e-18,-2.8085866893807223,0.07972769614323388,-1.4788137096547482e-17,-4.67998506352718,7.398690760848787e-18,0.0472226959308405,4.667850494384766,70172.5,4360.1111680591,2201.565001763401
-0.2868438803027544,-2.6879509176313554e-18,-1.598901883993594,7.41205671301414e-18,0.04586069446031389,5.076048133639155e-19,0.09674737725836796,-1.7463614710683245e-17,-4.020004649186389,9.248051300957258,1.0392801575129253e-18,-0.037025563352391544,0.0,0.0,0.0,1.334518,0.0,0.0,0.0,0.0,0.0,1.0821999999999992,-0.28869266499809604,-2.35230585454774e-18,-2.872816188758862,0.08813109227580007,-1.610089159767828e-17,-4.894564874286799,7.391525050634656e-18,0.04660119259349899,4.824851751327515,75581.2,4693.33183685522,2323.3219038778993
-0.28482107172047333,-3.051383791083185e-18,-1.679349495895699,7.458906869998945e-18,0.045004728223435764,5.012337179321022e-19,0.10553348096973952,-1.887967263449974e-17,-4.02475654102411,9.582480594468128,2.35701753750821e-18,-0.04279907452819103,0.0,0.0,0.0,1.310912,0.0,0.0,0.0,0.0,0.0,1.2783999999999993,-0.2868438803027544,-2.6879509176313554e-18,-2.933419883993594,0.09674737725836796,-1.7463614710683245e-17,-5.102204649186389,7.41205671301414e-18,0.04586069446031389,4.978849649429321,80979.1,5025.780106358446,2442.298267369676
-0.2826212829762945,-3.443707815117153e-18,-1.7598277468934933,7.530843716978453e-18,0.04403720198556271,4.9397503713218105e-19,0.11444539344814036,-2.035272976889702e-17,-4.023068558755344,9.904427761161509,3.613059682652835e-18,-0.04837717923101558,0.0,0.0,0.0,1.283382,0.0,0.0,0.0,0.0,0.0,1.4745999999999995,-0.28482107172047333,-3.051383791083185e-18,-2.990261495895699,0.10553348096973952,-1.887967263449974e-17,-5.3031565410241095,7.458906869998945e-18,0.045004728223435764,5.134851455688477,86347.5,5356.281507373675,2557.9073122479185
-0.2802424441055793,-3.866102144678616e-18,-1.8402102785844723,7.626778485654311e-18,0.04296240359492925,4.8582163069425145e-19,0.12343849362338144,-2.1886703187249293e-17,-4.015184610342565,10.21409979519874,4.8145529290161645e-18,-0.05374089030253912,0.0,0.0,0.0,1.251928,0.0,0.0,0.0,0.0,0.0,1.6707999999999996,-0.2826212829762945,-3.443707815117153e-18,-3.0432097468934933,0.11444539344814036,-2.035272976889702e-17,-5.497668558755343,7.530843716978453e-18,0.04403720198556271,5.29185152053833,91668.6,5683.737350120435,2669.5809980300255
-0.27768338041181173,-4.319826427583916e-18,-1.9203755701364964,7.745760216181974e-18,0.04178499374587833,4.767636112230727e-19,0.13246787575337216,-2.3485725103280828e-17,-4.001344544859864,10.511702865095963,5.968379976152194e-18,-0.05887156553809114,0.0,0.0,0.0,1.2165500000000002,0.0,0.0,0.0,0.0,0.0,1.8669999999999998,-0.2802424441055793,-3.866102144678616e-18,-3.092138278584472,0.12343849362338144,-2.1886703187249293e-17,-5.685984610342564,7.626778485654311e-18,0.04296240359492925,5.44692325592041,96925.9,6007.122634852154,2776.7721208903085
-0.2749438149406573,-4.806224801568275e-18,-2.0002068575188354,7.886971068442372e-18,0.040509994214633395,4.667893067308512e-19,0.14148867136207133,-2.515411229515498e-17,-3.9817841933740477,10.79744229281837,7.081187190523451e-18,-0.06375115090924087,0.0,0.0,0.0,1.177248,0.0,0.0,0.0,0.0,0.0,2.0631999999999997,-0.27768338041181173,-4.319826427583916e-18,-3.136925570136497,0.13246787575337216,-2.3485725103280828e-17,-5.868344544859864,7.745760216181974e-18,0.04178499374587833,5.602851390838623,102104,6325.4840022230155,2878.956325093036
-0.27202436458290047,-5.326729342817888e-18,-2.0795920535343226,8.049720138517062e-18,0.03914277160790162,4.558861595117537e-19,0.15045636441360877,-2.6896341829806337e-17,-3.956735408174686,11.071522532025519,8.159310269095681e-18,-0.06836240490589317,0.0,0.0,0.0,1.1340220000000003,0.0,0.0,0.0,0.0,0.0,2.259399999999999,-0.2749438149406573,-4.806224801568275e-18,-3.1774548575188355,0.14148867136207133,-2.515411229515498e-17,-6.044984193374047,7.886971068442372e-18,0.040509994214633395,5.758851766586304,107189,6637.937720894881,2975.634026300787
-0.2689265299643188,-5.882863081474875e-18,-2.1584236686159293,8.233439922383438e-18,0.037689017011070386,4.440415622186365e-19,0.1593270974445561,-2.871703203589228e-17,-3.9264260999859983,11.334147144869792,9.208907054589116e-18,-0.07268910354213949,0.0,0.0,0.0,1.086872,0.0,0.0,0.0,0.0,0.0,2.4555999999999982,-0.27202436458290047,-5.326729342817888e-18,-3.213614053534323,0.15045636441360877,-2.6896341829806337e-17,-6.216135408174685,8.049720138517062e-18,0.03914277160790162,5.913850545883179,112168,6943.667709910127,3066.3322446873462
-0.2656526793257806,-6.4762426880694976e-18,-2.236598732344413,8.437678992593274e-18,0.03615472193207745,4.312436333830123e-19,0.16805796640926274,-3.062092862357006e-17,-3.8910802728623564,11.58551877682329,1.0235768662712854e-17,-0.07671622556064644,0.0,0.0,0.0,1.0357980000000002,0.0,0.0,0.0,0.0,0.0,2.6517999999999975,-0.2689265299643188,-5.882863081474875e-18,-3.2452956686159293,0.1593270974445561,-2.871703203589228e-17,-6.382026099985996,8.233439922383438e-18,0.037689017011070386,6.073851585388184,117028,7241.923593445897,3150.6063461091985
-0.2622060266410095,-7.108580918953043e-18,-2.3140187156384813,8.662100166885336e-18,0.034546150945742024,4.174819327691577e-19,0.17660730206784636,-3.2612894464784535e-17,-3.850918056544514,11.825839129094108,1.1245594584735262e-17,-0.08043011740092033,0.0,0.0,0.0,0.9808000000000002,0.0,0.0,0.0,0.0,0.0,2.8479999999999968,-0.2656526793257806,-6.4762426880694976e-18,-3.272396732344413,0.16805796640926274,-3.062092862357006e-17,-6.542880272862353,8.437678992593274e-18,0.03615472193207745,6.236849546432495,121759,7532.018785709035,3228.0416899025886
-0.25859060426206815,-7.781688900496768e-18,-2.390589453574663,8.906451416625035e-18,0.032869811273245744,4.0274813480517063e-19,0.1849349358262854,-3.4697903689587994e-17,-3.8061557370736123,12.055308881236861,1.2242630127642345e-17,-0.08381864643698102,0.0,0.0,0.0,0.9218780000000003,0.0,0.0,0.0,0.0,0.0,3.044199999999996,-0.2622060266410095,-7.108580918953043e-18,-3.2948187156384816,0.17660730206784636,-3.2612894464784535e-17,-6.69891805654451,8.662100166885336e-18,0.034546150945742024,6.382850885391235,126351,7813.328547275887,3298.255182175083
-0.2548112304214276,-8.497478267203272e-18,-2.466221068754137,9.170634234848417e-18,0.031132420619836215,3.870366127805206e-19,0.19300244823777102,-3.688103298106231e-17,-3.757005780873796,12.27412784719971,1.3234540041232923e-17,-0.0868712880644969,0.0,0.0,0.0,0.8590320000000004,0.0,0.0,0.0,0.0,0.0,3.2403999999999953,-0.25859060426206815,-7.781688900496768e-18,-3.3124674535746634,0.1849349358262854,-3.4697903689587994e-17,-6.850355737073608,8.906451416625035e-18,0.032869811273245744,6.538849592208862,130793,8085.288351360267,3360.8967339965275
-0.2508734719563397,-9.257963328962939e-18,-2.5408278951811507,9.454611766293218e-18,0.029340871845388476,3.703449670611038e-19,0.2007733982710218,-3.916747319490437e-17,-3.7036768618275646,12.482494652993084,1.422439692574694e-17,-0.08957928406211176,0.0,0.0,0.0,0.7922620000000005,0.0,0.0,0.0,0.0,0.0,3.4365999999999945,-0.2548112304214276,-8.497478267203272e-18,-3.3252530687541375,0.19300244823777102,-3.688103298106231e-17,-6.997405780873791,9.170634234848417e-18,0.031132420619836215,6.692850112915039,135079,8347.39170676126,3415.6506227397454
-0.24678360265484933,-1.0065263281719761e-17,-2.6143284026182685,9.758451501387681e-18,0.027502196771445886,3.526745428278866e-19,0.20821353187801428,-4.15625220807776e-17,-3.6463738818842524,12.68060688889039,1.521740992799353e-17,-0.09193568577393633,0.0,0.0,0.0,0.7215680000000005,0.0,0.0,0.0,0.0,0.0,3.632799999999994,-0.2508734719563397,-9.257963328962939e-18,-3.333089895181151,0.2007733982710218,-3.916747319490437e-17,-7.140276861827559,9.454611766293218e-18,0.029340871845388476,6.848849058151245,139201,8599.188573081703,3462.2367586161863
-0.24254855765051786,-1.0921604403905156e-17,-2.68664512133889,1.0082323113167263e-17,0.025623528584936568,3.3403085256294635e-19,0.21529096855513308,-4.407159013776185e-17,-3.5852979901779163,12.86866101845966,1.6218682306044302e-17,-0.09393542428697801,0.0,0.0,0.0,0.6469500000000007,0.0,0.0,0.0,0.0,0.0,3.828999999999993,-0.24678360265484933,-1.0065263281719761e-17,-3.335896402618269,0.20821353187801428,-4.15625220807776e-17,-7.279173881884246,9.758451501387681e-18,0.027502196771445886,7.007774353027344,143152,8840.283513783243,3500.411854113611
-0.2381758843169005,-1.182932239154047e-17,-2.757704567239929,1.042648230217149e-17,0.0237120634475359,3.1442395716935983e-19,0.2219763648066011,-4.6700208625769345e-17,-3.520646599925988,13.046852332977032,1.7232512133650224e-17,-0.09557535016326582,0.0,0.0,0.0,0.5684080000000008,0.0,0.0,0.0,0.0,0.0,4.025199999999993,-0.24254855765051786,-1.0921604403905156e-17,-3.333595121338891,0.21529096855513308,-4.407159013776185e-17,-7.414297990177909,1.0082323113167263e-17,0.025623528584936568,7.162830114364624,146927,9070.33392820226,3529.970497676128
-0.23367369013205064,-1.2790864834593718e-17,-2.8274371672732403,1.0791271208409482e-17,0.021775021715570955,2.9386880733886804e-19,0.22824305367838427,-4.9454035679555175e-17,-3.452613403405141,13.215374903217887,1.8263220935722363e-17,-0.09685425293003957,0.0,0.0,0.0,0.485942000000001,0.0,0.0,0.0,0.0,0.0,4.221399999999994,-0.2381758843169005,-1.182932239154047e-17,-3.32611256723993,0.2219763648066011,-4.6700208625769345e-17,-7.545846599925981,1.042648230217149e-17,0.0237120634475359,7.3177759647369385,150521,9289.048305220058,3550.7461318870683
-0.2290505879974073,-1.3808793834948633e-17,-2.895777185160787,1.1177098148215174e-17,0.01981960916343369,2.723855522750852e-19,0.23406715978594905,-5.2338864355936386e-17,-3.381388385349587,13.374421528982639,1.9314120109132235e-17,-0.09777286092374379,0.0,0.0,0.0,0.39955200000000113,0.0,0.0,0.0,0.0,0.0,4.417599999999995,-0.23367369013205064,-1.2790864834593718e-17,-3.3133791672732413,0.22824305367838427,-4.9454035679555175e-17,-7.674013403405135,1.0791271208409482e-17,0.021775021715570955,7.475774526596069,153930,9496.184498595183,3562.6119368632294
-0.22431563950437503,-1.4885788746447183e-17,-2.962662647365833,1.1584463913495686e-17,0.017852978588395137,2.4999979275573745e-19,0.23942768951727744,-5.5360626793918706e-17,-3.307157835154981,13.524183686784763,2.03898392555976e-17,-0.09833382224079648,0.0,0.0,0.0,0.30923800000000123,0.0,0.0,0.0,0.0,0.0,4.613799999999996,-0.2290505879974073,-1.3808793834948633e-17,-3.295329185160788,0.23406715978594905,-5.2338864355936386e-17,-7.798988385349582,1.1177098148215174e-17,0.01981960916343369,7.629775524139404,157150,9691.548024246735,3565.4816197895384
-0.2194782966457095,-1.6024649080830426e-17,-3.028035269300359,1.2013969975195753e-17,0.015882192156623596,2.267427514443352e-19,0.24430659634927598,-5.852540664440502e-17,-3.2301043582976527,13.66485147618645,2.1495421483319337e-17,-0.09854166769879433,0.0,0.0,0.0,0.2150000000000013,0.0,0.0,0.0,0.0,0.0,4.809999999999997,-0.22431563950437503,-1.4885788746447183e-17,-3.2719006473658343,0.23942768951727744,-5.5360626793918706e-17,-7.920957835154977,1.1584463913495686e-17,0.017852978588395137,7.787775278091431,160179,9874.990380030224,3559.3101117312217
-0.21454834246754406,-1.7228297697567317e-17,-3.0918403817572724,1.246628736144177e-17,0.013914184829295894,2.0265141886631023e-19,0.24868882146726723,-6.183945502928461e-17,-3.150406887393669,13.796613565310052,2.2634357066433667e-17,-0.09840275685299704,0.0,0.0,0.0,0.11683800000000134,0.0,0.0,0.0,0.0,0.0,5.006199999999998,-0.2194782966457095,-1.6024649080830426e-17,-3.24303526930036,0.24430659634927598,-5.852540664440502e-17,-8.04010435829765,1.2013969975195753e-17,0.015882192156623596,7.944774627685547,163015,10046.407388764153,3544.0941730552395
-0.20953583115167151,-1.849978423763952e-17,-3.1540268575644625,1.294212831134588e-17,0.011955729184196923,1.7776871371649642e-19,0.25256231011998354,-6.530919897793579e-17,-3.068240693325353,13.919657136081167,2.3808722114814456e-17,-0.09792520824201682,0.0,0.0,0.0,0.014752000000001375,0.0,0.0,0.0,0.0,0.0,5.202399999999999,-0.21454834246754406,-1.7228297697567317e-17,-3.2086783817572737,0.24868882146726723,-6.183945502928461e-17,-8.156606887393668,1.246628736144177e-17,0.013914184829295894,8.099781036376953,165657,10205.737565442081,3519.8729089734334
-0.2044510280067407,-1.98422886519829e-17,-3.2145470384662636,1.344234958497181e-17,0.010013401922413857,1.521435264306703e-19,0.25591800437309564,-6.894124245640208e-17,-2.983777396854731,14.034167829771393,2.5025761466900017e-17,-0.09711881515141241,0.0,0.0,0.0,-0.09125799999999862,0.0,0.0,0.0,0.0,0.0,5.3986,-0.20953583115167151,-1.849978423763952e-17,-3.168778857564464,0.25256231011998354,-6.530919897793579e-17,-8.270640693325351,1.294212831134588e-17,0.011955729184196923,8.25577425956726,168104,10352.960509697225,3486.728196885775
-0.19930434983161124,-2.1259125043694324e-17,-3.2733566622460586,1.396780898374737e-17,0.008093552321971448,1.2583076112197076e-19,0.25874981313984924,-7.274239671474052e-17,-2.897184981124755,14.140329693405949,2.628554867355925e-17,-0.09599494828256068,0.0,0.0,0.0,-0.2011919999999986,0.0,0.0,0.0,0.0,0.0,5.594800000000001,-0.2044510280067407,-1.98422886519829e-17,-3.123289038466265,0.25591800437309564,-6.894124245640208e-17,-8.382377396854732,1.344234958497181e-17,0.010013401922413857,8.409775257110596,170356,10488.095324674097,3444.785027353042
-0.19410630609455976,-2.2753745719034023e-17,-3.330414790111515,1.4519514789464984e-17,0.006202272870873818,9.889133190183124e-20,0.2610545605652975,-7.671967081922948e-17,-2.808627805420925,14.238325127584073,2.7595632030297036e-17,-0.0945664467953429,0.0,0.0,0.0,-0.3150499999999986,0.0,0.0,0.0,0.0,0.0,5.791000000000002,-0.19930434983161124,-2.1259125043694324e-17,-3.07216466224606,0.25874981313984924,-7.274239671474052e-17,-8.491984981124755,1.396780898374737e-17,0.008093552321971448,8.565775156021118,172413,10611.199063502792,3394.211760663695
-0.18886744134871902,-2.432974547168272e-17,-3.38568373437102,1.5098519089656142e-17,0.004345372281386528,7.139208114753951e-20,0.2628319140187759,-8.08803044456402e-17,-2.718266620529545,14.328334836230134,2.895822826763044e-17,-0.09284749925585266,0.0,0.0,0.0,-0.43283199999999866,0.0,0.0,0.0,0.0,0.0,5.987200000000003,-0.19410630609455976,-2.2753745719034023e-17,-3.0153647901115166,0.2610545605652975,-7.671967081922948e-17,-8.599627805420926,1.4519514789464984e-17,0.006202272870873818,8.723774671554565,174276,10722.365204569418,3335.2203010797866
-0.18359827927747177,-2.5990866222444965e-17,-3.4391289864361703,1.5705945817838256e-17,0.0025283510558918856,4.340573642156179e-20,0.26408429310594916,-8.523177063058447e-17,-2.626258585985492,14.41053777875103,3.037695806505504e-17,-0.09085351606393424,0.0,0.0,0.0,-0.5545379999999988,0.0,0.0,0.0,0.0,0.0,6.183400000000004,-0.18886744134871902,-2.432974547168272e-17,-2.9528517343710217,0.2628319140187759,-8.08803044456402e-17,-8.705466620529549,1.5098519089656142e-17,0.004345372281386528,8.879773139953613,175947,10821.722156731463,3268.0661909513815
-0.17830926873395495,-2.7741001791223967e-17,-3.4907191451904676,1.6343005263476888e-17,0.000756379742667042,1.5010790873160083e-20,0.26481676124573517,-8.978178624731552e-17,-2.5327572894442403,14.485111125502147,3.1856169135948837e-17,-0.08860099495964761,0.0,0.0,0.0,-0.6801679999999989,0.0,0.0,0.0,0.0,0.0,6.379600000000005,-0.18359827927747177,-2.5990866222444965e-17,-2.8845909864361716,0.26408429310594916,-8.523177063058447e-17,-8.809658585985495,1.5705945817838256e-17,0.0025283510558918856,9.038774490356445,177428,10909.431796238357,3193.04862697863
-0.17301073210682125,-2.9584202918122096e-17,-3.540425845769096,1.701098210528898e-17,-0.0009657200121535252,-1.370865247038353e-20,0.2650369014676347,-9.453832644249759e-17,-2.4379127684186583,14.552230214019378,3.3399611920901024e-17,-0.08610738121311065,0.0,0.0,0.0,-0.8097219999999989,0.0,0.0,0.0,0.0,0.0,6.575800000000006,-0.17830926873395495,-2.7741001791223967e-17,-2.810551145190469,0.26481676124573517,-8.978178624731552e-17,-8.912357289444245,1.6343005263476888e-17,0.000756379742667042,9.193774700164795,178722,10985.688032103006,3110.5104009734223
-0.1677128163104264,-3.152468253548452e-17,-3.5882236887974774,1.7711250210383813e-17,-0.0026334915419753994,-4.26630712543102e-20,0.26475467817185006,-9.95096352937448e-17,-2.3418715344194743,14.612068513676867,3.5011777454583276e-17,-0.08339092408821097,0.0,0.0,0.0,-0.943199999999999,0.0,0.0,0.0,0.0,0.0,6.772000000000007,-0.17301073210682125,-2.9584202918122096e-17,-2.730703845769097,0.2650369014676347,-9.453832644249759e-17,-9.013712768418664,1.701098210528898e-17,-0.0009657200121535252,9.348775863647461,179830,11050.71541138329,3020.8377675486554
-0.1624254466621446,-3.356682129171035e-17,-3.6340901701384944,1.8445270401137336e-17,-0.004242856323247233,-7.175775552175989e-20,0.26398228665633117,-1.0470424032883807e-16,-2.2447765996822353,14.664797589054455,3.669704525409402e-17,-0.08047053114056352,0.0,0.0,0.0,-1.080601999999999,0.0,0.0,0.0,0.0,0.0,6.968200000000008,-0.1677128163104264,-3.152468253548452e-17,-2.6450236887974783,0.26475467817185006,-9.95096352937448e-17,-9.11387153441948,1.7711250210383813e-17,-0.0026334915419753994,9.504774332046509,180758,11104.767750650304,2924.46024117501
-0.15715828387303876,-3.57151733537912e-17,-3.6780056111999015,1.921455186330487e-17,-0.005790124212030426,-1.00893036055475e-19,0.2627339922542532,-1.101309658792469e-16,-2.146767506458482,14.710587069731234,3.845786485650467e-17,-0.07736562186088111,0.0,0.0,0.0,-1.2219279999999992,0.0,0.0,0.0,0.0,0.0,7.164400000000009,-0.1624254466621446,-3.356682129171035e-17,-2.5534881701384955,0.26398228665633117,-1.0470424032883807e-16,-9.212976599682243,1.8445270401137336e-17,-0.004242856323247233,9.66177487373352,181507,11148.126805029895,2821.8503251306424
-0.15192068434108527,-3.7974472356691885e-17,-3.719953089853071,2.0020728104244433e-17,-0.007272000769563424,-1.2996457421940278e-19,0.26102596094109753,-1.1579893441082207e-16,-2.0479803588584877,14.749604623526984,4.03004830151695e-17,-0.07409598211256942,0.0,0.0,0.0,-1.3671779999999996,0.0,0.0,0.0,0.0,0.0,7.3606000000000105,-0.15715828387303876,-3.57151733537912e-17,-2.4560776111999023,0.2627339922542532,-1.101309658792469e-16,-9.311167506458492,1.921455186330487e-17,-0.005790124212030426,9.814775943756104,182084,11181.100970683105,2713.5231748586393
-0.14672166389902827,-4.0349637595197314e-17,-3.7599183720134004,2.0865507804781408e-17,-0.00868559172016398,-1.5886369822732327e-19,0.25887608326460276,-1.2171758943972046e-16,-1.948547857174451,14.782015933727214,4.222868773831728e-17,-0.07068162073483122,0.0,0.0,0.0,-1.516352,0.0,0.0,0.0,0.0,0.0,7.5568000000000115,-0.15192068434108527,-3.7974472356691885e-17,-2.3527750898530715,0.26102596094109753,-1.1579893441082207e-16,-9.408580358858497,2.0020728104244433e-17,-0.007272000769563424,9.972822189331055,182491,11204.024021570955,2600.0361982779114
-0.14156986513213912,-4.28457805215407e-17,-3.7978898439308395,2.1750692066451168e-17,-0.010028404610442227,-1.8747773995788662e-19,0.2563037934243112,-1.27896703194618e-16,-1.8485993345694594,14.807984680244434,4.424712772183678e-17,-0.0671426295932872,0.0,0.0,0.0,-1.6694499999999999,0.0,0.0,0.0,0.0,0.0,7.7530000000000125,-0.14672166389902827,-4.0349637595197314e-17,-2.2435663720134005,0.25887608326460276,-1.2171758943972046e-16,-9.505347857174463,2.0865507804781408e-17,-0.00868559172016398,10.134775161743164,182734,11217.253880418222,2481.988595598652
-0.1364735283450775,-4.5468211437846274e-17,-3.8338584452363276,2.2678136578944224e-17,-0.011298347762431512,-2.1569038538750404e-19,0.2533298852818492,-1.3434638843593923e-16,-1.7482607959793315,14.82767252460822,4.635855788294382e-17,-0.06349904826034464,0.0,0.0,0.0,-1.8264720000000003,0.0,0.0,0.0,0.0,0.0,7.949200000000014,-0.14156986513213912,-4.28457805215407e-17,-2.1284398439308396,0.2563037934243112,-1.27896703194618e-16,-9.601599334569471,2.1750692066451168e-17,-0.010028404610442227,10.304775714874268,182818,11221.171423614791,2360.0208411941167
-0.13144046622205782,-4.8222446302718195e-17,-3.8678176027865425,2.364980393897237e-17,-0.012493726634711657,-2.4338206376510836e-19,0.24997632702011885,-1.4107709805125237e-16,-1.6476549590421348,14.841239098623527,4.85683466934667e-17,-0.05977073439921337,0.0,0.0,0.0,-1.9874180000000004,0.0,0.0,0.0,0.0,0.0,8.145400000000013,-0.1364735283450775,-4.5468211437846274e-17,-2.0073864452363273,0.2533298852818492,-1.3434638843593923e-16,-9.697460795979346,2.2678136578944224e-17,-0.011298347762431512,10.459775924682617,182749,11216.179319630855,2234.8141100750054
-0.12647804219094552,-5.1114213674045513e-17,-3.8997631653454063,2.4667788740081087e-17,-0.013613237724767425,-2.7043040717407183e-19,0.24626607609111317,-1.4809963908147947e-16,-1.5469012968442568,14.848841996489806,5.088311433408597e-17,-0.05597724081042054,0.0,0.0,0.0,-2.1522880000000004,0.0,0.0,0.0,0.0,0.0,8.34160000000001,-0.13144046622205782,-4.8222446302718195e-17,-1.8803996027865422,0.24997632702011885,-1.4107709805125237e-16,-9.793054959042149,2.364980393897237e-17,-0.012493726634711657,10.615775108337402,182532,11202.700900374872,2107.089651502126
-0.12159315247003427,-5.414946199578699e-17,-3.9296933391363735,2.5734261054952716e-17,-0.014655960162596179,-2.967107052863099e-19,0.242222896000011,-1.5542519309266893e-16,-1.4461160822524297,14.850636770135687,5.330665192590645e-17,-0.05213769997980584,0.0,0.0,0.0,-2.3210820000000005,0.0,0.0,0.0,0.0,0.0,8.537800000000008,-0.12647804219094552,-5.1114213674045513e-17,-1.747475165345406,0.24626607609111317,-1.4809963908147947e-16,-9.888501296844268,2.4667788740081087e-17,-0.013613237724767425,10.770773887634277,182172,11181.179064797027,1977.608112258437
-0.11679221174633839,-5.733436711227771e-17,-3.957608624294779,2.6851474118552103e-17,-0.015621345159894063,-3.2209635307548737e-19,0.23787117636957822,-1.630653185564035e-16,-1.3454124335881552,14.846776927493448,5.584313145949797e-17,-0.048270716844091316,0.0,0.0,0.0,-2.4938000000000007,0.0,0.0,0.0,0.0,0.0,8.734000000000005,-0.12159315247003427,-5.414946199578699e-17,-1.608611339136373,0.242222896000011,-1.5542519309266893e-16,-9.983916082252438,2.5734261054952716e-17,-0.014655960162596179,10.925773859024048,181677,11152.075213934435,1847.1688120836898
-0.11208114240648553,-6.06753398401349e-17,-3.983511752244603,2.802178382771219e-17,-0.0165092034909839,-3.4645933577669737e-19,0.2332357576157077,-1.710319542293151e-16,-1.2449003613942766,14.837413933415863,5.849769645327514e-17,-0.04439427036598487,0.0,0.0,0.0,-2.670442000000001,0.0,0.0,0.0,0.0,0.0,8.930200000000003,-0.11679221174633839,-5.733436711227771e-17,-1.4638086242947783,0.23787117636957822,-1.630653185564035e-16,-10.07941243358816,2.6851474118552103e-17,-0.015621345159894063,11.085775375366211,181053,11115.868216511093,1716.6089737545703
-0.10746536721588662,-6.41790336524234e-17,-4.007407624018973,2.924767450893363e-17,-0.017319691191008804,-3.6967075122269547e-19,0.2283417614441844,-1.793374269995362e-16,-1.1446868160427055,14.822697212924387,6.127677524148248e-17,-0.04052562438704719,0.0,0.0,0.0,-2.851008000000001,0.0,0.0,0.0,0.0,0.0,9.1264,-0.11208114240648553,-6.06753398401349e-17,-1.3130697522446022,0.2332357576157077,-1.710319542293151e-16,-10.175100361394279,2.802178382771219e-17,-0.0165092034909839,11.23677372932434,180306,11073.053404144746,1586.8029102710639
-0.1029498053189205,-6.785235258223454e-17,-4.029303249538771,3.053171492419174e-17,-0.018053293663842288,-3.9160133467289194e-19,0.2232144282524272,-1.8799446598157833e-16,-1.0448757359370004,14.802774156471955,6.418459271704643e-17,-0.0366812481047754,0.0,0.0,0.0,-3.035498000000001,0.0,0.0,0.0,0.0,0.0,9.322599999999998,-0.10746536721588662,-6.41790336524234e-17,-1.156399624018972,0.2283417614441844,-1.793374269995362e-16,-10.271086816042706,2.924767450893363e-17,-0.017319691191008804,11.394773960113525,179444,11024.1415951745,1458.6611715861695
-0.09853887141249687,-7.170245926318342e-17,-4.049207687858871,3.187657702285169e-17,-0.01871080839672566,-4.121219868724534e-19,0.21787896238993631,-1.9701620211330952e-16,-0.9455680960730328,14.777790126905163,6.722630773919534e-17,-0.03287674640194798,0.0,0.0,0.0,-3.223912000000001,0.0,0.0,0.0,0.0,0.0,9.518799999999995,-0.1029498053189205,-6.785235258223454e-17,-0.9938052495387697,0.2232144282524272,-1.8799446598157833e-16,-10.367475735937,3.053171492419174e-17,-0.018053293663842288,11.551773309707642,178472,10969.658146105474,1333.129653291503
-0.09423647792760484,-7.573678300271713e-17,-4.067131988386949,3.3285080537712484e-17,-0.01929332648092934,-4.3110433552348067e-19,0.21236038609926677,-2.0641617184006094e-16,-0.8468619567347457,14.747888467818802,7.040930541398454e-17,-0.02912680014249905,0.0,0.0,0.0,-3.416250000000001,0.0,0.0,0.0,0.0,0.0,9.714999999999993,-0.09853887141249687,-7.170245926318342e-17,-0.82529568785887,0.21787896238993631,-1.9701620211330952e-16,-10.464368096073027,3.187657702285169e-17,-0.01871080839672566,11.705774068832397,177400,10910.142029669285,1211.1886696458937
-0.09004604003833963,-7.996302804517612e-17,-4.0830891330754895,3.4760145693775256e-17,-0.019802213137860774,-4.484212976179744e-19,0.20668340282725484,-2.1620833240583663e-16,-0.7488525121192038,14.713210513009757,7.373860270259092e-17,-0.025445116440163472,0.0,0.0,0.0,-3.612512000000001,0.0,0.0,0.0,0.0,0.0,9.91119999999999,-0.09423647792760484,-7.573678300271713e-17,-0.6508819883869479,0.21236038609926677,-2.0641617184006094e-16,-10.561861956734738,3.3285080537712484e-17,-0.01929332648092934,11.863795757293701,176233,10846.144938519308,1093.8519933079858
-0.08597048330541196,-8.438918198470541e-17,-4.0970939795837324,3.6304772415501457e-17,-0.020239087448142686,-4.639476276144812e-19,0.20087227046551115,-2.2640706154709217e-16,-0.6516321387050961,14.673895596756166,7.721817356397248e-17,-0.021844388804812626,0.0,0.0,0.0,-3.812698000000001,0.0,0.0,0.0,0.0,0.0,10.107399999999988,-0.09004604003833963,-7.996302804517612e-17,-0.47057713307548843,0.20668340282725484,-2.1620833240583663e-16,-10.660052512119194,3.4760145693775256e-17,-0.019802213137860774,12.022774934768677,174979,10778.230413614707,982.1658641070715
-0.08201225375124384,-8.902352409528639e-17,-4.109163205402791,3.792212046177774e-17,-0.02060580147741014,-4.775604877233109e-19,0.19495068495130097,-2.3702714951100524e-16,-0.5552904432007932,14.630081064670676,8.085599568329428e-17,-0.01833626697757689,0.0,0.0,0.0,-4.016808,0.0,0.0,0.0,0.0,0.0,10.303599999999985,-0.08597048330541196,-8.438918198470541e-17,-0.2843959795837314,0.20087227046551115,-2.2640706154709217e-16,-10.759032138705084,3.6304772415501457e-17,-0.020239087448142686,12.176774740219116,173646,10706.972996395521,877.2079691589071
-0.0781733301563694,-9.387463371984903e-17,-4.119315252934112,3.961547717630625e-17,-0.020904418987086528,-4.891400238322745e-19,0.18894167453614286,-2.4808381294525975e-16,-0.4599143099312638,14.581902284902664,8.465843131154316e-17,-0.014931336180165691,0.0,0.0,0.0,-4.224842,0.0,0.0,0.0,0.0,0.0,10.499799999999983,-0.08201225375124384,-8.902352409528639e-17,-0.09235520540279119,0.19495068495130097,-2.3702714951100524e-16,-10.858890443200778,3.792212046177774e-17,-0.02060580147741014,12.330775022506714,172243,10632.957403909131,780.0863966049145
-0.07445523836189887,-9.895139882452658e-17,-4.127570275508894,4.1388211534919347e-17,-0.02113719391136959,-4.985699209020774e-19,0.18286750491091108,-2.595926975224931e-16,-0.36558794754695245,14.529492659492304,8.862954239270984e-17,-0.011639105426728897,0.0,0.0,0.0,-4.4368,0.0,0.0,0.0,0.0,0.0,10.69599999999998,-0.0781733301563694,-9.387463371984903e-17,0.1055267470658876,0.18894167453614286,-2.4808381294525975e-16,-10.959714309931247,3.961547717630625e-17,-0.020904418987086528,12.487773656845093,170775,10556.777726114027,691.9385652238032
-0.07085906736015067,-1.0426302445457038e-16,-4.1339500843339785,4.324384650946467e-17,-0.021306548773266373,-5.057379602111384e-19,0.17674959526390777,-2.71569865481887e-16,-0.2723929349614761,14.47298363570872,9.277700688301973e-17,-0.00846800447848089,0.0,0.0,0.0,-4.652681999999999,0.0,0.0,0.0,0.0,0.0,10.892199999999978,-0.07445523836189887,-9.895139882452658e-17,0.30922972449110553,0.18286750491091108,-2.595926975224931e-16,-11.061587947546933,4.1388211534919347e-17,-0.02113719391136959,12.647772550582886,169252,10479.036644657164,613.9301321340968
-0.0673854869550805,-1.0981904113444307e-16,-4.1384780963480745,4.5186038455262946e-17,-0.021415053202944824,-5.105365720489406e-19,0.17060844524310792,-2.840318025053825e-16,-0.18040826644813845,14.41250471723429,9.710747012238762e-17,-0.005425388962329419,0.0,0.0,0.0,-4.872487999999999,0.0,0.0,0.0,0.0,0.0,11.088399999999975,-0.07085906736015067,-1.0426302445457038e-16,0.5187319156660202,0.17674959526390777,-2.71569865481887e-16,-11.164592934961453,4.324384650946467e-17,-0.021306548773266373,12.802774429321289,167682,10400.344672494146,547.2538807740361
-0.06403476677568691,-1.1562931332678275e-16,-4.141179282971029,4.721855639552426e-17,-0.02146540271110253,-5.128633697744487e-19,0.16446357269625111,-2.9699541672858513e-16,-0.08971039584732945,14.348183475086289,1.0162654004886392e-16,-0.0025175531249623,0.0,0.0,0.0,-5.096217999999999,0.0,0.0,0.0,0.0,0.0,11.284599999999973,-0.0673854869550805,-1.0981904113444307e-16,0.7340099036519243,0.17060844524310792,-2.840318025053825e-16,-11.268808266448113,4.5186038455262946e-17,-0.021415053202944824,12.954772233963013,166072,10321.319413794174,493.1285913116841
-0.06080679642899253,-1.2170404779393724e-16,-4.142080119728076,4.934534291994673e-17,-0.021460397858671744,-5.126216700732589e-19,0.15833346197318732,-3.104780299868618e-16,-0.00037327985743709075,14.280145558195679,1.0634286840457656e-16,0.00025025034681510407,0.0,0.0,0.0,-5.323871999999998,0.0,0.0,0.0,0.0,0.0,11.48079999999997,-0.06403476677568691,-1.1562931332678275e-16,0.9550387170289696,0.16446357269625111,-2.9699541672858513e-16,-11.374310395847303,4.721855639552426e-17,-0.02146540271110253,13.113774299621582,164431,10242.584843643124,452.7978956026061
-0.05770110658453582,-1.2805380194090244e-16,-4.141208536720508,5.157042600381732e-17,-0.021402923994324693,-5.097209943288338e-19,0.15223552247248384,-3.2449738470965794e-16,0.08753158061425274,14.208514754346476,1.1126069690972147e-16,0.0028737819323465847,0.0,0.0,0.0,-5.555449999999998,0.0,0.0,0.0,0.0,0.0,11.676999999999968,-0.06080679642899253,-1.2170404779393724e-16,1.1817918802719216,0.15833346197318732,-3.104780299868618e-16,-11.481173279857407,4.934534291994673e-17,-0.021460397858671744,13.27277398109436,162767,10164.770679243215,427.5291187749875
-0.054716890788190656,-1.346894920234511e-16,-4.13859386995507,5.3897996650685554e-17,-0.02129593146288862,-5.040775414797459e-19,0.1461860571620326,-3.390716235452085e-16,0.17393509592950443,14.133412795489278,1.163881490829086e-16,0.005349791728218933,0.0,0.0,0.0,-5.790951999999996,0.0,0.0,0.0,0.0,0.0,11.873199999999965,-0.05770110658453582,-1.2805380194090244e-16,1.41424146327949,0.15223552247248384,-3.2449738470965794e-16,-11.589468419385716,5.157042600381732e-17,-0.021402923994324693,13.426774263381958,161088,10088.511407166496,418.6121094043343
-0.051853027811858424,-1.4162240115510473e-16,-4.134266813493106,5.633238093684155e-17,-0.021142416821832197,-4.956146479120122e-19,0.14020024047119028,-3.5421928962015385e-16,0.25877055026690304,14.054959675865708,1.217319505279238e-16,0.007675969040693637,0.0,0.0,0.0,-6.030377999999996,0.0,0.0,0.0,0.0,0.0,12.069399999999963,-0.054716890788190656,-1.346894920234511e-16,1.6523581300449264,0.1461860571620326,-3.390716235452085e-16,-11.69926490407046,5.3897996650685554e-17,-0.02129593146288862,13.584774255752563,159403,10014.446060054624,427.3580606911733
-0.04910810435497104,-1.488641872185488e-16,-4.128259372381602,5.887804407189207e-17,-0.02094540471839318,-4.84263210468227e-19,0.13429210521754775,-3.6995931672425585e-16,0.34197356088354075,13.973273453616398,1.2729903015821295e-16,0.009850909350466442,0.0,0.0,0.0,-6.273727999999996,0.0,0.0,0.0,0.0,0.0,12.26559999999996,-0.051853027811858424,-1.4162240115510473e-16,1.8961111865068903,0.14020024047119028,-3.5421928962015385e-16,-11.81062944973306,5.633238093684155e-17,-0.021142416821832197,13.740773916244507,157719,9943.21727625782,455.09832372151254
-0.04648043792301303,-1.5642689057411414e-16,-4.120604816380411,6.153959488551546e-17,-0.020707930727492097,-4.699620804066663e-19,0.12847453797825337,-3.86311018832278e-16,0.42348203923551647,13.888470311480802,1.3309654184803386e-16,0.011874066270050014,0.0,0.0,0.0,-6.521001999999995,0.0,0.0,0.0,0.0,0.0,12.461799999999958,-0.04910810435497104,-1.488641872185488e-16,2.145468627618394,0.13429210521754775,-3.6995931672425585e-16,-11.92362643911642,5.887804407189207e-17,-0.02094540471839318,13.89777159690857,156045,9875.470747919771,503.1832156315841
-0.04396809971972664,-1.6432294155252132e-16,-4.111337634459441,6.43217848493934e-17,-0.020433025171047798,-4.526584233005841e-19,0.12275928235038455,-4.0329407900843813e-16,0.5032361528614157,13.800664564971823,1.391315915050093e-16,0.013745702470684839,0.0,0.0,0.0,-6.7721999999999944,0.0,0.0,0.0,0.0,0.0,12.657999999999955,-0.04648043792301303,-1.5642689057411414e-16,2.4003971836195834,0.12847453797825337,-3.86311018832278e-16,-12.038317960764441,6.153959488551546e-17,-0.020707930727492097,14.135774374008179,154390,9811.854612641433,572.9808240614967
-0.04156893740114629,-1.725651677042785e-16,-4.100493490051118,6.722950890089424e-17,-0.02012369797169727,-4.3230804273190426e-19,0.11715694950765079,-4.2092853616728205e-16,0.5811782879709558,13.709968670250321,1.4541132745622755e-16,0.015466837959369874,0.0,0.0,0.0,-7.027321999999993,0.0,0.0,0.0,0.0,0.0,12.854199999999953,-0.04396809971972664,-1.6432294155252132e-16,2.660862365540553,0.12275928235038455,-4.0329407900843813e-16,-12.15476384713854,6.43217848493934e-17,-0.020433025171047798,14.283772945404053,152761,9753.018863080892,665.8758098035105
-0.039280597551658455,-1.8116680076809991e-16,-4.088109177044629,7.026780750076724e-17,-0.019782924581817084,-4.0887566507469598e-19,0.11167703544113292,-4.392347702148581e-16,0.6572530126779771,13.61649323178152,1.5194300241734684e-16,0.017039196311308395,0.0,0.0,0.0,-7.286367999999992,0.0,0.0,0.0,0.0,0.0,13.05039999999995,-0.04156893740114629,-1.725651677042785e-16,2.9268285099488747,0.11715694950765079,-4.2092853616728205e-16,-12.273021712028997,6.722950890089424e-17,-0.02012369797169727,14.440772771835327,151166,9699.614774391746,783.2682093997388
-0.0371005477546491,-1.9014148332947095e-16,-4.0742225765096975,7.344186668137164e-17,-0.01941363301711594,-3.823351831674665e-19,0.10632794425980327,-4.582334859222464e-16,0.7314070408151475,13.520347009827459,1.5873387325060104e-16,0.01846514943911426,0.0,0.0,0.0,-7.549337999999992,0.0,0.0,0.0,0.0,0.0,13.246599999999948,-0.039280597551658455,-1.8116680076809991e-16,3.1982588229553635,0.11167703544113292,-4.392347702148581e-16,-12.393146987321973,7.026780750076724e-17,-0.019782924581817084,14.599830627441406,149615,9652.294349369367,926.5722393890622
-0.03502609814283377,-1.9950327513868753e-16,-4.058872614138865,7.67570180429855e-17,-0.01901869201300573,-3.526698572316276e-19,0.10111701692172995,-4.779456949994117e-16,0.8035891962680085,13.421636927853324,1.6579119856837726e-16,0.019747661451897262,0.0,0.0,0.0,-7.8162319999999905,0.0,0.0,0.0,0.0,0.0,13.442799999999945,-0.0371005477546491,-1.9014148332947095e-16,3.475115423490294,0.10632794425980327,-4.582334859222464e-16,-12.5151929591848,7.344186668137164e-17,-0.01941363301711594,14.875773429870605,148115,9611.709781210266,1097.2151038462434
-0.033054422325930345,-2.0926665905257646e-16,-4.0420992183985085,8.021873959627009e-17,-0.018600900311531724,-3.198724712081891e-19,0.09605056476861171,-4.98392696389482e-16,0.8737503777675698,13.320468079919529,1.731222812062769e-16,0.020890232125523375,0.0,0.0,0.0,-8.08704999999999,0.0,0.0,0.0,0.0,0.0,13.638999999999943,-0.03502609814283377,-1.9950327513868753e-16,3.7573593858611254,0.10111701692172995,-4.779456949994117e-16,-12.639210803731936,7.67570180429855e-17,-0.01901869201300573,15.17277193069458,146675,9578.512933781669,1296.6358067979654
-0.031182577605803705,-2.1944654656692973e-16,-4.023943279379997,8.383265625895914e-17,-0.01816297707691217,-2.8394544291409535e-19,0.0911339072440526,-5.195960550458438e-16,0.9418435240834712,13.216943738131404,1.8073445106132692e-16,0.021896840470560987,0.0,0.0,0.0,-8.36179199999999,0.0,0.0,0.0,0.0,0.0,13.83519999999994,-0.033054422325930345,-2.0926665905257646e-16,4.044950781601482,0.09605056476861171,-4.98392696389482e-16,-12.765249622232373,8.021873959627009e-17,-0.018600900311531724,15.393774032592773,145302,9553.354839296477,1526.283971040833
-0.029407524401471447,-2.3005828290872126e-16,-4.004446608343526,8.760453693278122e-17,-0.017707553428748392,-2.4490088763857875e-19,0.08637141318917321,-5.41577579133307e-16,1.0078235795635686,13.111165360215864,1.886348941884786e-16,0.022771888847315305,0.0,0.0,0.0,-8.64045799999999,0.0,0.0,0.0,0.0,0.0,14.031399999999937,-0.031182577605803705,-2.1944654656692973e-16,4.337848720619993,0.0911339072440526,-5.195960550458438e-16,-12.89335647591647,8.383265625895914e-17,-0.01816297707691217,15.548772096633911,144005,9536.885213281326,1787.6186648256894
-0.027726144818308072,-2.411176516480876e-16,-3.983651897948186,9.154029719511135e-17,-0.01723716507375526,-2.0276063391654135e-19,0.08176654512716433,-5.64359294803328e-16,1.0716474599703945,13.00323259729018,1.968309336001116e-16,0.02352014803852134,0.0,0.0,0.0,-8.923047999999989,0.0,0.0,0.0,0.0,0.0,14.227599999999935,-0.029407524401471447,-2.3005828290872126e-16,4.636011391656464,0.08637141318917321,-5.41577579133307e-16,-13.023576420436369,8.760453693278122e-17,-0.017707553428748392,15.706772327423096,142792,9529.751986714467,2082.1072378110553
-0.026135260307330346,-2.5264087879690827e-16,-3.9616026831627806,9.56459948984616e-17,-0.016754246009448744,-1.575561912562756e-19,0.07732190597060831,-5.879634200787401e-16,1.13327401857014,12.89324330188296,2.0532967466608007e-16,0.02414670365029836,0.0,0.0,0.0,-9.209561999999988,0.0,0.0,0.0,0.0,0.0,14.423799999999932,-0.027726144818308072,-2.411176516480876e-16,4.939396102051803,0.08176654512716433,-5.64359294803328e-16,-13.15595254002954,9.154029719511135e-17,-0.01723716507375526,15.858779907226562,141671,9532.600855196515,2411.2241676263557
-0.024631648371512067,-2.6464463635822575e-16,-3.9383433028527257,9.992783159095606e-17,-0.016261123266626463,-1.0932866993487218e-19,0.07303928761121933,-6.124123360530027e-16,1.19266401243535,12.78129353626134,2.141382961573821e-16,0.024656904171399954,0.0,0.0,0.0,-9.499999999999986,0.0,0.0,0.0,0.0,0.0,14.61999999999993,-0.026135260307330346,-2.5264087879690827e-16,5.247959316837207,0.07732190597060831,-5.879634200787401e-16,-13.290525981429793,9.56459948984616e-17,-0.016754246009448744,16.017772912979126,140649,9546.074845001674,2776.4499183231246
-0.023212058286594995,-2.771460452886998e-16,-3.9139188620390892,1.0439214935673236e-16,-0.01576001265168902,-5.81286526999958e-20,0.06891972088048795,-6.377285569944022e-16,1.2497800689282978,12.667477581111749,2.232638211897914e-16,0.02505631098013521,0.0,0.0,0.0,-9.794361999999985,0.0,0.0,0.0,0.0,0.0,14.816199999999927,-0.024631648371512067,-2.6464463635822575e-16,5.56165669714726,0.07303928761121933,-6.124123360530027e-16,-13.42733598756458,9.992783159095606e-17,-0.016261123266626463,16.1727774143219,139735,9570.813895840081,3179.269811929821
-0.021873225813780275,-2.9016267784110994e-16,-3.8883751948264282,1.0904542898208664e-16,-0.015253015444868076,-4.016019640816627e-21,0.06496352640098416,-6.639346982466112e-16,1.3045866523377894,12.551887944614718,2.327131834381171e-16,0.025350650548048997,0.0,0.0,0.0,-10.092647999999983,0.0,0.0,0.0,0.0,0.0,15.012399999999925,-0.023212058286594995,-2.771460452886998e-16,5.880443137960896,0.06891972088048795,-6.377285569944022e-16,-13.56641993107163,1.0439214935673236e-16,-0.01576001265168902,16.331772804260254,138936,9607.4544601447,3621.1729142633917
-0.020611886890958213,-3.037125592472004e-16,-3.861758827996572,1.1389428910359847e-16,-0.014742116006234839,5.2940273532703845e-20,0.06117036588122203,-6.910534423624276e-16,1.357050030647853,12.434615371946805,2.424932761363194e-16,0.02554576904995236,0.0,0.0,0.0,-10.394857999999982,0.0,0.0,0.0,0.0,0.0,15.208599999999922,-0.021873225813780275,-2.9016267784110994e-16,6.204272805173554,0.06496352640098416,-6.639346982466112e-16,-13.707813347662135,1.0904542898208664e-16,-0.015253015444868076,16.487770795822144,138261,9656.62911867823,4103.650936088624
-0.01942479029773107,-3.178141687088777e-16,-3.834116945265871,1.1894548017892947e-16,-0.014229180237937485,1.1266246161490383e-19,0.05753929344149218,-7.191075038053065e-16,1.4071382424222578,12.315748855235789,2.5261069307908435e-16,0.025647589551558082,0.0,0.0,0.0,-10.70099199999998,0.0,0.0,0.0,0.0,0.0,15.40479999999992,-0.020611886890958213,-3.037125592472004e-16,6.533099172003409,0.06117036588122203,-6.910534423624276e-16,-13.85154996935207,1.1389428910359847e-16,-0.014742116006234839,16.64277148246765,137716,9718.9662122387,4628.197150654693
-0.018308709297381792,-3.3248643965730704e-16,-3.8054973522037083,1.242058860792859e-16,-0.013715954848427789,1.75064279595799e-19,0.05406880659343545,-7.481195910376299e-16,1.4548210637939778,12.195375643988239,2.6307210957387427e-16,0.025662071909131154,0.0,0.0,0.0,-11.011049999999978,0.0,0.0,0.0,0.0,0.0,15.600999999999917,-0.01942479029773107,-3.178141687088777e-16,6.866875054734109,0.05753929344149218,-7.191075038053065e-16,-13.997661757577662,1.1894548017892947e-16,-0.014229180237937485,16.811771631240845,137309,9795.089489225793,5196.305328577422
-0.017260452266128372,-3.4774875924764157e-16,-3.775948441810233,1.296825164279633e-16,-0.013204067362450425,2.400513137487806e-19,0.050756896531906195,-7.781123679958183e-16,1.5000699755534963,12.073581256001845,2.7388381957114457e-16,0.02559517548048475,0.0,0.0,0.0,-11.325031999999977,0.0,0.0,0.0,0.0,0.0,15.797199999999915,-0.018308709297381792,-3.3248643965730704e-16,7.205552647796269,0.05406880659343545,-7.481195910376299e-16,-14.14617893620594,1.242058860792859e-16,-0.013715954848427789,16.98577070236206,137048,9885.617768814636,5809.468690975653
-0.016276872326474928,-3.636209670555249e-16,-3.7455191607513556,1.3538250529841593e-16,-0.012695026819243477,3.0752139131833365e-19,0.04760109743343817,-8.091084127925137e-16,1.5428581303342195,11.950449488768708,2.8505205347785654e-16,0.025452824713572547,0.0,0.0,0.0,-11.642937999999976,0.0,0.0,0.0,0.0,0.0,15.993399999999912,-0.017260452266128372,-3.4774875924764157e-16,7.549083558189745,0.050756896531906195,-7.781123679958183e-16,-14.29713002444642,1.296825164279633e-16,-0.013204067362450425,17.14177656173706,136940,9991.164619469797,6469.178881711203
-0.015354876007230508,-3.801233529368534e-16,-3.714258976249042,1.4131310528649728e-16,-0.012190225100691763,3.773650069338456e-19,0.04459853449100397,-8.411301753403346e-16,1.5831603198971134,11.826062431370207,2.9658274667730197e-16,0.02524087764803648,0.0,0.0,0.0,-11.964767999999975,0.0,0.0,0.0,0.0,0.0,16.189599999999917,-0.016276872326474928,-3.636209670555249e-16,7.897418839248621,0.04760109743343817,-8.091084127925137e-16,-14.450541869665694,1.3538250529841593e-16,-0.012695026819243477,17.30077075958252,136993,10112.338052519877,7176.924959523672
-0.014491430957826333,-3.972766540193968e-16,-3.68221784362487,1.4748168358384644e-16,-0.011690938831038201,4.494657825132337e-19,0.04174597044941343,-8.741999329140044e-16,1.620952942520083,11.700500476858561,3.0848163940162956e-16,0.024965097336508053,0.0,0.0,0.0,-12.290521999999973,0.0,0.0,0.0,0.0,0.0,16.38579999999992,-0.015354876007230508,-3.801233529368534e-16,8.250509023750933,0.04459853449100397,-8.411301753403346e-16,-14.606439680102804,1.4131310528649728e-16,-0.012190225100691763,17.454771995544434,137213,10249.740230502057,7934.192410794894
-0.013683572748938872,-4.151020507913838e-16,-3.6494461744946647,1.538957180958711e-16,-0.011198331790145824,5.237009583759654e-19,0.03903985043933268,-9.083397442846899e-16,1.6562139705004737,11.573842335115868,3.207542787715446e-16,0.024631126166330557,0.0,0.0,0.0,-12.62019999999997,0.0,0.0,0.0,0.0,0.0,16.581999999999926,-0.014491430957826333,-3.972766540193968e-16,8.608304156375102,0.04174597044941343,-8.741999329140044e-16,-14.76484705747984,1.4748168358384644e-16,-0.011690938831038201,17.61477041244507,137607,10403.967189976805,8742.462183622156
-0.012928410795142847,-4.3362116226002553e-16,-3.6159948056118454,1.6056279047382263e-16,-0.010713457783161772,5.999419117865734e-19,0.036476344940269925,-9.435714025794835e-16,1.6889229177814629,11.446165046177502,3.334058643056256e-16,0.024244463038740758,0.0,0.0,0.0,-12.95380199999997,0.0,0.0,0.0,0.0,0.0,16.77819999999993,-0.013683572748938872,-4.151020507913838e-16,8.970753825505305,0.03903985043933268,-9.083397442846899e-16,-14.925786029499452,1.538957180958711e-16,-0.011198331790145824,17.76777195930481,138183,10575.608578505799,9603.209743825246
-0.012223133438402627,-4.528560401489293e-16,-3.5819149683568803,1.6749057997055898e-16,-0.010237263910716653,6.780546992121493e-19,0.034051390733752004,-9.799163863108942e-16,1.719060807715018,11.317543994003056,3.464412889183362e-16,0.02381044334143738,0.0,0.0,0.0,-13.291327999999968,0.0,0.0,0.0,0.0,0.0,16.974399999999935,-0.012928410795142847,-4.3362116226002553e-16,9.337807194388123,0.036476344940269925,-9.435714025794835e-16,-15.089277082218468,1.6056279047382263e-16,-0.010713457783161772,17.9257709980011,138947,10765.247405479782,10517.904153459665
-0.011565012233693776,-4.728291621015668e-16,-3.5472582588699746,1.7468685787791977e-16,-0.009770594185445524,7.579006193454986e-19,0.03176072973713319,-1.0173958089528525e-15,1.7466101409755515,11.18805292067556,3.5986516781976935e-16,0.02333422163187806,0.0,0.0,0.0,-13.632777999999966,0.0,0.0,0.0,0.0,0.0,17.17059999999994,-0.012223133438402627,-4.528560401489293e-16,9.709413031643088,0.034051390733752004,-9.799163863108942e-16,-15.255339192284918,1.6749057997055898e-16,-0.010237263910716653,18.075714588165283,139906,10973.45980647924,11488.007172357167
-0.010951405479963495,-4.93563423864822e-16,-3.5120766088238247,1.8215947981529426e-16,-0.009314193442592496,8.393367930926003e-19,0.02959994563589488,-1.0560303673726682e-15,1.7715548636394336,11.057763941007412,3.7368173089769573e-16,0.022820756932540095,0.0,0.0,0.0,-13.978151999999966,0.0,0.0,0.0,0.0,0.0,17.366799999999945,-0.011565012233693776,-4.728291621015668e-16,10.085519741129993,0.03176072973713319,-1.0173958089528525e-15,-15.423989859024388,1.7468685787791977e-16,-0.009770594185445524,18.236714124679565,141068,11200.814820847976,12514.972383164704
-0.010379761041026446,-5.150821304267647e-16,-3.4764222568329686,1.8991637997955953e-16,-0.008868711494709578,9.222167569758376e-19,0.027564498257809933,-1.095840288821596e-15,1.7938803354461859,10.926747557529717,3.8789492062472955e-16,0.022274800525702066,0.0,0.0,0.0,-14.327449999999965,0.0,0.0,0.0,0.0,0.0,17.56299999999995,-0.010951405479963495,-4.93563423864822e-16,10.46607539117614,0.02959994563589488,-1.0560303673726682e-15,-15.59524513636051,1.8215947981529426e-16,-0.009314193442592496,18.389712810516357,142437,11447.874182158117,13600.244340304875
-0.009847618501889487,-5.374089860861161e-16,-3.440347720495932,1.9796556139892725e-16,-0.008434707482936296,1.006391065932852e-18,0.02564975565588587,-1.1368452771135469e-15,1.813573298257485,10.79507267584067,4.025081920941688e-16,0.02170088612396142,0.0,0.0,0.0,-14.680671999999964,0.0,0.0,0.0,0.0,0.0,17.759199999999954,-0.010379761041026446,-5.150821304267647e-16,10.851027743166997,0.027564498257809933,-1.095840288821596e-15,-15.769119664553763,1.8991637997955953e-16,-0.008868711494709578,18.54470133781433,144021,11715.192121245229,14745.257743233733
-0.009352610706445356,-5.605680834303976e-16,-3.403905769066056,2.0631509013545103e-16,-0.0080126543800044,1.0917079019441803e-18,0.023851023888527167,-1.1790644573145978e-15,1.8306218447301192,10.662806620287915,4.1752471031860644e-16,0.021103322283601574,0.0,0.0,0.0,-15.037817999999964,0.0,0.0,0.0,0.0,0.0,17.95539999999996,-0.009847618501889487,-5.374089860861161e-16,11.240324279504032,0.02564975565588587,-1.1368452771135469e-15,-15.94562670174247,1.9796556139892725e-16,-0.008434707482936296,18.702704906463623,145826,12003.315181493088,15951.436634326696
-0.008892464722511546,-5.845838912036662e-16,-3.3671493967465667,2.1497308305178144e-16,-0.007602943602909298,1.1780136844106373e-18,0.02216357450485386,-1.2225163200122544e-15,1.8450153872187893,10.530015149959375,4.3294702830500056e-16,0.020486186920937063,0.0,0.0,0.0,-15.398887999999962,0.0,0.0,0.0,0.0,0.0,18.151599999999963,-0.009352610706445356,-5.605680834303976e-16,11.633912230933909,0.023851023888527167,-1.1790644573145978e-15,-16.12477815526984,2.0631509013545103e-16,-0.0080126543800044,18.860701084136963,147857,12312.782046049611,17220.19362167928
-0.008465002279857088,-6.094812410437852e-16,-3.330131796605137,2.2394770308076723e-16,-0.0072058896960874325,1.2651536790288767e-18,0.020582669760592018,-1.2672186639996486e-15,1.8567446269241754,10.396762474957109,4.487774620961116e-16,0.019853323786766634,0.0,0.0,0.0,-15.763881999999962,0.0,0.0,0.0,0.0,0.0,18.347799999999967,-0.008892464722511546,-5.845838912036662e-16,12.031738603253395,0.02216357450485386,-1.2225163200122544e-15,-16.306584612781172,2.1497308305178144e-16,-0.007602943602909298,19.015700101852417,150122,12644.123376658235,18552.929127066815
-0.008068139726196723,-6.352853130756727e-16,-3.292906335102885,2.332471473865746e-16,-0.006821735048898981,1.3529726017817676e-18,0.019103585605444465,-1.3131885391891056e-15,1.8658015233010656,10.263111272929304,4.650177352372379e-16,0.01920834075091127,0.0,0.0,0.0,-16.13279999999996,0.0,0.0,0.0,0.0,0.0,18.543999999999972,-0.008465002279857088,-6.094812410437852e-16,12.433750203394824,0.020582669760592018,-1.2672186639996486e-15,-16.491055373075792,2.2394770308076723e-16,-0.0072058896960874325,19.170637845993042,152626,12997.861663792815,19951.030659266577
-0.007699887545178209,-6.620216203522346e-16,-3.2555265272324694,2.428796368530624e-16,-0.006450654614205264,1.4413152135640092e-18,0.01772163249640693,-1.3604421884670938e-15,1.8721792637405181,10.12912270583562,4.816690450574975e-16,0.018554609747354425,0.0,0.0,0.0,-16.50564199999996,0.0,0.0,0.0,0.0,0.0,18.740199999999977,-0.008068139726196723,-6.352853130756727e-16,12.839893664897076,0.019103585605444465,-1.3131885391891056e-15,-16.678198476698906,2.332471473865746e-16,-0.006821735048898981,19.32665753364563,155375,13374.51108778757,21415.872112905658
-0.007358349479182296,-6.897159921270962e-16,-3.2180460122596726,2.528534077189799e-16,-0.006092760597817672,1.5300269029806385e-18,0.01643217410318433,-1.4089949890190573e-15,1.8758722335391782,9.99485643692242,4.987321699459222e-16,0.01789526823058802,0.0,0.0,0.0,-16.88240799999996,0.0,0.0,0.0,0.0,0.0,18.93639999999998,-0.007699887545178209,-6.620216203522346e-16,13.25011547276749,0.01772163249640693,-1.3604421884670938e-15,-16.86802073625946,2.428796368530624e-16,-0.006450654614205264,19.480568647384644,158374,13774.577390658893,22948.81309296036
-0.007041721298332819,-7.183945559551494e-16,-3.180518530062602,2.6317669821984186e-16,-0.0057481070915537955,1.6189542537308816e-18,0.015230643981763436,-1.458861393786266e-15,1.8768759861678628,9.860370647884908,5.162072196230923e-16,0.017233221995237084,0.0,0.0,0.0,-17.263097999999957,0.0,0.0,0.0,0.0,0.0,19.132599999999986,-0.007358349479182296,-6.897159921270962e-16,13.664361987740286,0.01643217410318433,-1.4089949890190573e-15,-17.060527766460805,2.528534077189799e-16,-0.006092760597817672,19.640616416931152,161630,14198.557758320005,24551.198264995455
-0.006748289255511139,-7.480837186158487e-16,-3.1429978980624185,2.738577392815165e-16,-0.005416694625540527,1.7079455935806434e-18,0.014112560300404434,-1.510054872283662e-15,1.8751872138505383,9.725722056194593,5.340938376927008e-16,0.016571149213741396,0.0,0.0,0.0,-17.647711999999956,0.0,0.0,0.0,0.0,0.0,19.32879999999999,-0.007041721298332819,-7.183945559551494e-16,14.082579469937354,0.015230643981763436,-1.458861393786266e-15,-17.255724013832122,2.6317669821984186e-16,-0.0057481070915537955,19.791569471359253,165147,14646.940712895084,26224.356731196523
-0.0064764282654178554,-7.788101458570095e-16,-3.1055379887392762,2.849047440392061e-16,-0.005098474618232823,1.796851522743053e-18,0.013073538708923936,-1.562587851832411e-15,1.8708037184637492,9.590965932571336,5.523911428821776e-16,0.01591150555065399,0.0,0.0,0.0,-18.036249999999956,0.0,0.0,0.0,0.0,0.0,19.524999999999995,-0.006748289255511139,-7.480837186158487e-16,14.504714101937537,0.014112560300404434,-1.510054872283662e-15,-17.453612786149453,2.738577392815165e-16,-0.005416694625540527,19.952568531036377,168931,15120.206014844289,27969.60143221448
-0.006224599843855978,-8.106007409672456e-16,-3.0681927077269835,2.9632589267112954e-16,-0.004793353705350988,1.8855254182042237e-18,0.012109303447263818,-1.6164716591911897e-15,1.863724382765535,9.456156118580717,5.710974947551965e-16,0.015256530216830837,0.0,0.0,0.0,-18.42871199999996,0.0,0.0,0.0,0.0,0.0,19.7212,-0.0064764282654178554,-7.788101458570095e-16,14.930712011260681,0.013073538708923936,-1.562587851832411e-15,-17.654196281536247,2.849047440392061e-16,-0.005098474618232823,20.105642080307007,172986,15618.824574616934,29788.22857480836
-0.005991349841452502,-8.434826221784818e-16,-3.0310159724797097,3.081293214534391e-16,-0.004501197931564147,1.9738239117884096e-18,0.011215696793083756,-1.6717164619324336e-15,1.853949141961819,9.321345044338411,5.902107047762233e-16,0.014608252832284143,0.0,0.0,0.0,-18.825097999999958,0.0,0.0,0.0,0.0,0.0,19.917400000000004,-0.006224599843855978,-8.106007409672456e-16,15.360519292272976,0.012109303447263818,-1.6164716591911897e-15,-17.857475617234464,2.9632589267112954e-16,-0.004793353705350988,20.26356863975525,177319,16143.258373554985,31681.51708524112
-0.005775306004015718,-8.774830989040934e-16,-2.994061691503919,3.2032311256948876e-16,-0.004221836791248653,2.0616073407477684e-18,0.010388686950594674,-1.728331210628717e-15,1.8414789556172744,9.186583746304718,6.097280740361091e-16,0.013968500972622004,0.0,0.0,0.0,-19.22540799999996,0.0,0.0,0.0,0.0,0.0,20.11360000000001,-0.005991349841452502,-8.434826221784818e-16,15.794082027520249,0.011215696793083756,-1.6717164619324336e-15,-18.063450858038184,3.081293214534391e-16,-0.004501197931564147,20.417569398880005,181934,16693.960393774792,33650.72808835287
-0.005575175389667971,-9.126296468323873e-16,-2.957383744148579,3.3291527729314386e-16,-0.0039550671070186175,2.1487401682154253e-18,0.009624374484179986,-1.7863235822006726e-15,1.8263157799167,9.051921885153357,6.296460619592329e-16,0.01333890828066325,0.0,0.0,0.0,-19.629641999999958,0.0,0.0,0.0,0.0,0.0,20.309800000000013,-0.005775306004015718,-8.774830989040934e-16,16.23134630849604,0.010388686950594674,-1.728331210628717e-15,-18.272121044382736,3.2032311256948876e-16,-0.004221836791248653,20.57556962966919,186835,17271.37455676004,35697.10441220696
-0.00538974167081972,-9.489498818887992e-16,-2.9210359609465915,3.45913744883205e-16,-0.0037006567369523686,2.2350913719852424e-18,0.008918997400645105,-1.84569992344051e-15,1.8084625402820291,8.917407763699924,6.499605718920847e-16,0.012720923031882835,0.0,0.0,0.0,-20.037799999999958,0.0,0.0,0.0,0.0,0.0,20.506000000000018,-0.005575175389667971,-9.126296468323873e-16,16.67225825585138,0.009624374484179986,-1.7863235822006726e-15,-18.483484220083312,3.3291527729314386e-16,-0.0039550671070186175,20.7385675907135,192029,17875.935670404102,37821.87011817661
-0.005217862346980214,-9.864715330833019e-16,-2.8850721045002787,3.593263487320949e-16,-0.0034583481035185045,2.3205348008253653e-18,0.008268934983305498,-1.9064651960097365e-15,1.7879231043492572,8.783088344876635,6.70666813842935e-16,0.012115817049692215,0.0,0.0,0.0,-20.44988199999996,0.0,0.0,0.0,0.0,0.0,20.702200000000023,-0.00538974167081972,-9.489498818887992e-16,17.116764039053365,0.008918997400645105,-1.84569992344051e-15,-18.69753745971799,3.45913744883205e-16,-0.0037006567369523686,20.905569314956665,197518,18508.06938424532,40026.23005631304
-0.005058465892350372,-1.0252224142697137e-15,-2.8495458509036986,3.7316081305393126e-16,-0.003227861539134494,2.4049494970498912e-18,0.00767071047967869,-1.9686229226314348e-15,1.7647022553087488,8.649009269740592,6.91759331488565e-16,0.011524694874089846,0.0,0.0,0.0,-20.86588799999996,0.0,0.0,0.0,0.0,0.0,20.898400000000027,-0.005217862346980214,-9.864715330833019e-16,17.564809895499682,0.008268934983305498,-1.9064651960097365e-15,-18.914276895650765,3.593263487320949e-16,-0.0034583481035185045,21.06056809425354,203308,19168.192152643187,42311.36944581123
-0.004910548860129677,-1.0652303948440308e-15,-2.814510771694494,3.874247374752151e-16,-0.0030088984450675612,2.4882199844797867e-18,0.007120992742390822,-2.0321751348002733e-15,1.7388056656116964,8.515214875504455,7.132318973429569e-16,0.0109485030948344,0.0,0.0,0.0,-21.28581799999996,0.0,0.0,0.0,0.0,0.0,21.09460000000003,-0.005058465892350372,-1.0252224142697137e-15,18.01634214909626,0.00767071047967869,-1.9686229226314348e-15,-19.13369774469128,3.7316081305393126e-16,-0.003227861539134494,21.218602180480957,209402,19856.711205648822,44678.45348036425
-0.004773172963504323,-1.1065233694107594e-15,-2.780020316327929,4.0212558268925453e-16,-0.0028011442620121444,2.5702365212803914e-18,0.006616596920144664,-2.097122321872619e-15,1.710239871044794,8.381748213578616,7.350775659907856e-16,0.010388039767911778,0.0,0.0,0.0,-21.70967199999996,0.0,0.0,0.0,0.0,0.0,21.290800000000036,-0.004910548860129677,-1.0652303948440308e-15,18.471307228305466,0.007120992742390822,-2.0321751348002733e-15,-19.355794334388335,3.874247374752151e-16,-0.0030088984450675612,21.369568586349487,215806,20574.024527327307,47128.62695817544
-0.004645462151379695,-1.1491292264489923e-15,-2.746127795165735,4.172706582206752e-16,-0.00260427125215181,2.6508953178493443e-18,0.006154484292318185,-2.163463381950676e-15,1.6790122451746112,8.24865106761542,7.57288779642884e-16,0.009843963841612166,0.0,0.0,0.0,-22.13744999999996,0.0,0.0,0.0,0.0,0.0,21.48700000000004,-0.004773172963504323,-1.1065233694107594e-15,18.92965168367203,0.006616596920144664,-2.097122321872619e-15,-19.58056012895524,4.0212558268925453e-16,-0.0028011442620121444,21.52850842475891,222523,21320.52084129418,49663.01393637429
-0.004526599695085907,-1.1930758160196493e-15,-2.712886362972363,4.3286710644400575e-16,-0.0024179410938390358,2.7300987195880863e-18,0.005731761337060569,-2.231195575115027e-15,1.6451309741626072,8.115963971546348,7.798571808834012e-16,0.009316804525938364,0.0,0.0,0.0,-22.56915199999996,0.0,0.0,0.0,0.0,0.0,21.683200000000046,-0.004645462151379695,-1.1491292264489923e-15,19.391322204834225,0.006154484292318185,-2.163463381950676e-15,-19.80798775482543,4.172706582206752e-16,-0.00260427125215181,21.683510303497314,229557,22096.579603232793,52282.71740956261
-0.00441582530052821,-1.2383909165565597e-15,-2.6803490029112242,4.489218867501462e-16,-0.0022418072912076437,2.8077553545047965e-18,0.005345678118709153,-2.3003144785760068e-15,1.6086050319512182,7.983726227603885,8.027736201146059e-16,0.008806970546274287,0.0,0.0,0.0,-23.004777999999963,0.0,0.0,0.0,0.0,0.0,21.87940000000005,-0.004526599695085907,-1.1930758160196493e-15,19.856265637027597,0.005731761337060569,-2.231195575115027e-15,-20.038069025837437,4.3286710644400575e-16,-0.0024179410938390358,21.839507818222046,236912,22902.571000163327,54988.81901219668
-0.004312432258580684,-1.2851022007821725e-15,-2.6485685110335013,4.654417643351017e-16,-0.002075517402074777,2.8837802466314526e-18,0.004993626076043402,-2.37081394398527e-15,1.5694441558210481,7.851975924320668,8.260283867280997e-16,0.008314759229204218,0.0,0.0,0.0,-23.444327999999963,0.0,0.0,0.0,0.0,0.0,22.075600000000055,-0.00441582530052821,-1.2383909165565597e-15,20.324428997088738,0.005345678118709153,-2.3003144785760068e-15,-20.270794968048833,4.489218867501462e-16,-0.0022418072912076437,21.99850845336914,244591,23738.855956238545,57782.37874449322
-0.004215764644936339,-1.3332372008002904e-15,-2.6175974812521035,4.8243328989810415e-16,-0.0019187150883980106,2.9580948955463958e-18,0.00467313528839115,-2.442686057826512e-15,1.5276588223187983,7.72074995449864,8.496107546096449e-16,0.00784036537504843,0.0,0.0,0.0,-23.887801999999965,0.0,0.0,0.0,0.0,0.0,22.27180000000006,-0.004312432258580684,-1.2851022007821725e-15,20.79575948896646,0.004993626076043402,-2.37081394398527e-15,-20.506155844179005,4.654417643351017e-16,-0.002075517402074777,22.15250873565674,252599,24605.786144845275,60664.43472152926
-0.004125214579132704,-1.3828232724148283e-15,-2.587488290793363,4.99902790101215e-16,-0.0017710419943346837,3.0306273230870685e-18,0.004381871291972428,-2.515921103627287e-15,1.483260223555236,7.59008403314179,8.735095202793205e-16,0.007383889878036471,0.0,0.0,0.0,-24.335199999999965,0.0,0.0,0.0,0.0,0.0,22.468000000000064,-0.004215764644936339,-1.3332372008002904e-15,21.27020451874786,0.00467313528839115,-2.442686057826512e-15,-20.74414117768126,4.8243328989810415e-16,-0.0019187150883980106,22.307445526123047,260939,25503.704006794454,63636.002945189655
-0.004040219551071331,-1.4338875587296156e-15,-2.5582930861190887,5.178563498483351e-16,-0.0016321394576118986,3.1013120885168412e-18,0.004117631514164791,-2.5905075278514218e-15,1.4362602438722323,7.460012715346437,8.977125938960936e-16,0.006945348061049837,0.0,0.0,0.0,-24.786521999999966,0.0,0.0,0.0,0.0,0.0,22.66420000000007,-0.004125214579132704,-1.3828232724148283e-15,21.7477117092066,0.004381871291972428,-2.515921103627287e-15,-20.98473977644483,4.99902790101215e-16,-0.0017710419943346837,22.46344566345215,269614,26432.942774386484,66698.07709860013
-0.003960259822043152,-1.4864569530916012e-15,-2.53006376931159,5.362997980323049e-16,-0.001501650060464043,3.1700902730170495e-18,0.0038783413886530962,-2.6664319083471434e-15,1.3866714368776278,7.330569414143336,9.222071727129542e-16,0.00652467769751194,0.0,0.0,0.0,-25.241767999999965,0.0,0.0,0.0,0.0,0.0,22.860400000000073,-0.004040219551071331,-1.4338875587296156e-15,22.228228913880876,0.004117631514164791,-2.5905075278514218e-15,-21.227939756127835,5.178563498483351e-16,-0.0016321394576118986,22.623445749282837,278628,27393.826501142372,69851.62836267016
-0.0038848559060593066,-1.5405580614354895e-15,-2.502851984914349,5.552386928401964e-16,-0.00137921902683775,3.2369094351354345e-18,0.0036620502097314805,-2.74367892604168e-15,1.334507002846492,7.201786418286272,9.469797190287938e-16,0.006121746698271975,0.0,0.0,0.0,-25.70093799999997,0.0,0.0,0.0,0.0,0.0,23.056600000000078,-0.003960259822043152,-1.4864569530916012e-15,22.711704230688376,0.0038783413886530962,-2.6664319083471434e-15,-21.473728563122446,5.362997980323049e-16,-0.001501650060464043,22.77944564819336,287983,28386.67009699456,73097.60525435553
-0.0038135661361680348,-1.5962171640953655e-15,-2.476709107221013,5.746783079662604e-16,-0.001264495472909554,3.3017235387131386e-18,0.0034669267793957376,-2.8222313399459294e-15,1.27978076648714,7.07369490998217,9.720160056124908e-16,0.005736360446213195,0.0,0.0,0.0,-26.16403199999997,0.0,0.0,0.0,0.0,0.0,23.252800000000082,-0.0038848559060593066,-1.5405580614354895e-15,23.19808601508562,0.0036620502097314805,-2.74367892604168e-15,-21.722092997153585,5.552386928401964e-16,-0.00137921902683775,22.93244504928589,297682,29411.779368735217,76436.9334862387
-0.00374598431941073,-1.653460177151996e-15,-2.4516862280054403,5.94623616870847e-16,-0.0011571335182170215,3.3644928548332747e-18,0.003291254896334741,-2.902069965717124e-15,1.2225071550701345,6.946324982558013,9.973010180357086e-16,0.00536826876581209,0.0,0.0,0.0,-26.631049999999973,0.0,0.0,0.0,0.0,0.0,23.449000000000087,-0.0038135661361680348,-1.5962171640953655e-15,23.68732289277896,0.0034669267793957376,-2.8222313399459294e-15,-21.973019233512943,5.746783079662604e-16,-0.001264495472909554,23.08844566345215,307729,30469.451065523066,79870.51584701355
-0.003681737483132094,-1.7123126133852665e-15,-2.4278341446855554,6.150792815422865e-16,-0.0010567932648773055,3.4251838396384872e-18,0.003133428731528873,-2.983173657609931e-15,1.1627011769183493,6.819705658059887,1.0228191798625994e-15,0.005017172518985199,0.0,0.0,0.0,-27.101991999999974,0.0,0.0,0.0,0.0,0.0,23.64520000000009,-0.00374598431941073,-1.653460177151996e-15,24.179363771994534,0.003291254896334741,-2.902069965717124e-15,-22.226492844929954,5.94623616870847e-16,-0.0011571335182170215,23.245445251464844,318127,31559.97292925351,83399.2321024498
-0.0036204837145076448,-1.7727995429067105e-15,-2.4052033489138114,6.360496329446592e-16,-0.0009631416524658432,3.48376898958466e-18,0.00299194813091601,-3.065519294534464e-15,1.1003784002560726,6.693864904780152,1.0485539369616698e-15,0.0046827298222894605,0.0,0.0,0.0,-27.576857999999977,0.0,0.0,0.0,0.0,0.0,23.841400000000096,-0.003681737483132094,-1.7123126133852665e-15,24.67415785531442,0.003133428731528873,-2.983173657609931e-15,-22.48249882308174,6.150792815422865e-16,-0.0010567932648773055,23.40244483947754,328878,32683.623749599883,87023.93891640357
-0.003561910094383374,-1.834945553543711e-15,-2.3838440155871004,6.575386635866165e-16,-0.000875853196159371,3.540226676183696e-18,0.0028654138815110385,-3.1490817691656238e-15,1.0355549324150333,6.568829654708441,1.0744883636060843e-15,0.004364561883899889,0.0,0.0,0.0,-28.055647999999977,0.0,0.0,0.0,0.0,0.0,24.0376000000001,-0.0036204837145076448,-1.7727995429067105e-15,25.171654651086165,0.00299194813091601,-3.065519294534464e-15,-22.741021599744023,6.360496329446592e-16,-0.0009631416524658432,23.556445121765137,339984,33840.67342353777,90745.46979143149
-0.0035057307258334765,-1.8987747110535354e-15,-2.3638059922689987,6.795500087102104e-16,-0.0007946106157190401,3.59454096212138e-18,0.0027525229734787233,-3.2338339818168693e-15,0.9682473993951495,6.444625820902538,1.1006045934806452e-15,0.0040622584617852914,0.0,0.0,0.0,-28.538361999999978,0.0,0.0,0.0,0.0,0.0,24.233800000000105,-0.003561910094383374,-1.834945553543711e-15,25.671803984412875,0.0028654138815110385,-3.1490817691656238e-15,-23.00204506758507,6.575386635866165e-16,-0.000875853196159371,23.71344494819641,351448,35031.38301916674,94564.63502855724
-0.003451684857228952,-1.964310519247689e-15,-2.3451387890172697,7.020869386651969e-16,-0.0007191053628080058,3.6467014006200304e-18,0.0026520638869737666,-3.3197468375984768e-15,0.8984729257777284,6.321278314775471,1.1268843789954398e-15,0.0037753829471533786,0.0,0.0,0.0,-29.02499999999998,0.0,0.0,0.0,0.0,0.0,24.43000000000011,-0.0035057307258334765,-1.8987747110535354e-15,26.174556007730978,0.0027525229734787233,-3.2338339818168693e-15,-23.265552600604956,6.795500087102104e-16,-0.0007946106157190401,23.86844301223755,363274,36256.00484364813,98482.2217057335
-0.0033995350990683702,-2.0315758801073227e-15,-2.3278915686096044,7.251523417202624e-16,-0.000649038054010017,3.696702820002679e-18,0.0025629119290843834,-3.4067892483649028e-15,0.8262491149888038,6.198811063295117,1.1533086131357184e-15,0.0035034770795564114,0.0,0.0,0.0,-29.515561999999985,0.0,0.0,0.0,0.0,0.0,24.626200000000114,-0.003451684857228952,-1.964310519247689e-15,26.67986121098271,0.0026520638869737666,-3.3197468375984768e-15,-23.53152707422238,7.020869386651969e-16,-0.0007191053628080058,24.024444818496704,375462,37514.782515080464,102498.99367453423
