-0.3,0.0,-0.0019620000015638612,-1.1507851969435747e-21,0.05998188502570298,-3.4523484099154535e-23,0.0,0.0,-0.19620000015638614,-7.81930449272071e-09,-5.748747472874349e-20,2.999993759986407,0.0,0.0,0.0,0.218038,0.0,0.0,0.0,0.0,0.0,-4.803799999999999,-0.3,0.0,-0.12,0.0,0.0,5.0,0.0,-0.0,0.15099668502807617,109598,5.349499981279979,149.9031587452
-0.30000000000009114,-1.7454802342607513e-33,-0.007848000006208358,1.988683193574734e-21,0.11993679009192659,-9.30723379344901e-24,-9.108818635137706e-12,-1.745480234260751e-31,-0.39240000030806343,-7.597529584400851e-09,1.5693067054944803e-19,2.9999926289754155,0.0,0.0,0.0,0.312152,0.0,0.0,0.0,0.0,0.0,-4.607599999999998,-0.3,0.0,-0.22000000000156386,0.0,0.0,4.607599999843613,-1.1507851969435747e-21,0.05998188502570298,0.3869955539703369,90262.9,7.030667855846809,112.05258149662447
-0.30000000000044863,-2.3211729459486976e-33,-0.017658000013824213,-4.984605849989867e-23,0.17986474663762994,4.943812319699791e-23,-2.663875882103928e-11,1.1697875225728045e-31,-0.5886000004535219,-7.325541377657115e-09,-1.0245739816156262e-19,2.999991251776664,0.0,0.0,0.0,0.4023419999999999,0.0,0.0,0.0,0.0,0.0,-4.411399999999997,-0.30000000000009114,-1.7454802342607513e-33,-0.3200000000062083,-9.108818635137706e-12,-1.745480234260751e-31,4.215199999691935,1.988683193574734e-21,0.11993679009192659,0.5719974040985107,72818,9.713411453311872,83.54706870980479
-0.3000000000012313,-6.357783588463219e-35,-0.031392000024268944,-5.361606395506022e-22,0.23976578028105094,3.149606363001169e-23,-5.162739798169632e-11,1.087807587491261e-31,-0.7848000005909508,-6.984104958688566e-09,-2.4161349066777533e-20,2.9999893402358504,0.0,0.0,0.0,0.4886079999999999,0.0,0.0,0.0,0.0,0.0,-4.215199999999996,-0.30000000000044863,-2.3211729459486976e-33,-0.42000000001382415,-2.663875882103928e-11,1.1697875225728045e-31,3.8227999995464748,-4.984605849989867e-23,0.17986474663762994,0.7469956874847412,57263,13.397730724432916,64.38647768714978
-0.3000000000025746,1.4006592584938049e-33,-0.049050000037359064,-1.700889181909503e-21,0.294631234078237,-3.2122149324317426e-23,-8.270210500787647e-11,3.7642950688717614e-32,-0.9810000007180621,-6.542729168764953e-09,-5.74994737754307e-20,2.748895716672164,0.0,0.0,0.0,0.5709499999999998,0.0,0.0,0.0,0.0,0.0,-4.018999999999995,-0.3000000000012313,-6.357783588463219e-35,-0.5200000000242688,-5.162739798169632e-11,1.087807587491261e-31,3.430399999409045,-5.361606395506022e-22,0.23976578028105094,0.9249958992004395,43598,18.082903874056182,54.57066608443525
-0.30000000000457416,1.4055473042314417e-34,-0.07063200005285904,-4.9902169466059015e-21,0.33300853841686096,-1.670997018458251e-22,-1.172582528177258e-10,-1.636534034957837e-31,-1.1772000008319348,-5.950016440732811e-09,-1.6273591978482193e-19,1.9232756616803854,0.0,0.0,0.0,0.6493679999999997,0.0,0.0,0.0,0.0,0.0,-3.8227999999999955,-0.3000000000025746,1.4006592584938049e-33,-0.6200000000373589,-8.270210500787647e-11,3.7642950688717614e-32,3.037999999281933,-1.700889181909503e-21,0.294631234078237,1.1059958934783936,31823.2,23.768430754827552,54.15007851062748
-0.3000000000072536,-8.178688857131308e-33,-0.09613800007046396,-1.0528334843822177e-21,0.35985307572347797,-2.533317047266281e-22,-1.5067941732616554e-10,-6.682709552596616e-31,-1.3734000009285587,-5.112024425467039e-09,1.9880133971491515e-19,1.3454752888177643,0.0,0.0,0.0,0.7238619999999997,0.0,0.0,0.0,0.0,0.0,-3.6265999999999963,-0.30000000000457416,1.4055473042314417e-34,-0.7200000000528588,-1.172582528177258e-10,-1.636534034957837e-31,2.645599999168061,-4.9902169466059015e-21,0.33300853841686096,1.2839949131011963,21938.2,30.456455626030753,63.20211625623635
-0.3000000000105374,-2.2283552122970136e-32,-0.12556800008975333,-1.364500717157261e-21,0.3786131275090964,-2.7764461280646846e-22,-1.7770083644428854e-10,-7.422153713242214e-31,-1.5696000010003797,-3.836779482811215e-09,-1.5181723976323053e-20,0.9403285312258239,0.0,0.0,0.0,0.7944319999999996,0.0,0.0,0.0,0.0,0.0,-3.430399999999997,-0.3000000000072536,-8.178688857131308e-33,-0.8200000000704636,-1.5067941732616554e-10,-6.682709552596616e-31,2.2531999990714375,-1.0528334843822177e-21,0.35985307572347797,1.4579946994781494,13942.9,38.14647413722855,81.62982808654083
-0.30000000001421423,-3.7547113869316884e-32,-0.15892200011006966,1.7455761355988817e-21,0.3916643209456141,-2.7496132528215103e-22,-1.899817649981661e-10,-7.841408033104536e-31,-1.7658000010312511,-1.661236416713899e-09,1.5584119699166714e-19,0.65419668705111,0.0,0.0,0.0,0.8610779999999996,0.0,0.0,0.0,0.0,0.0,-3.2341999999999977,-0.3000000000105374,-2.2283552122970136e-32,-0.9200000000897529,-1.7770083644428854e-10,-7.422153713242214e-31,1.8607999989996173,-1.364500717157261e-21,0.3786131275090964,1.6279969215393066,7837.31,46.83824361790906,109.37922005456176
-0.30000000001779337,-5.429883737592111e-32,-0.19620000013016078,3.6777505769082975e-22,0.4007499596840041,-2.6455459009827973e-22,-1.679324236055243e-10,-8.910315473499692e-31,-1.9620000009778629,2.8881016946878595e-09,-6.926467877808626e-20,0.4554279165682122,0.0,0.0,0.0,0.9237999999999995,0.0,0.0,0.0,0.0,0.0,-3.0379999999999985,-0.30000000001421423,-3.7547113869316884e-32,-1.0200000001100693,-1.899817649981661e-10,-7.841408033104536e-31,1.4683999989687466,1.7455761355988817e-21,0.3916643209456141,1.8009967803955078,3621.36,56.53165171643346,146.4194603015377
-0.3000000000197195,-7.38489753599865e-32,-0.23740200014633683,-1.6822068393829282e-22,0.40706407058736865,-2.6386945588731266e-22,-2.4678785437172685e-11,-1.0639822510565699e-30,-2.1582000006397433,1.8360719868939192e-08,-2.6880982551980647e-20,0.31650408971491467,0.0,0.0,0.0,0.9825979999999995,0.0,0.0,0.0,0.0,0.0,-2.841799999999999,-0.30000000001779337,-5.429883737592111e-32,-1.1200000001301602,-1.679324236055243e-10,-8.910315473499692e-31,1.0759999990221356,3.6777505769082975e-22,0.4007499596840041,1.976996660232544,1295.01,67.22664198517154,192.73163977695322
-0.29993587411706973,1.0325550109543493e-26,-0.2823792662350878,-8.45571280721512e-22,0.4114519975241578,-2.6629389579566503e-22,0.006412590289659213,1.0325634598341364e-24,-2.3395266082353547,0.8098443000887066,-3.3904890731823114e-20,0.2199520055105038,0.0,0.0,0.0,1.0374719999999995,0.0,0.0,0.0,0.0,0.0,-2.6456,-0.3000000000197195,-7.38489753599865e-32,-1.2200000001463365,-2.4678785437172685e-11,-1.0639822510565699e-30,0.683599999360256,-1.6822068393829282e-22,0.40706407058736865,2.1400506496429443,832.238,78.92351718236563,248.30435739019472
-0.29936780257516776,8.437410227561917e-25,-0.3301238664964439,4.03494821561759e-22,0.4136479815812394,-2.6682374580417715e-22,0.05039456390054398,8.230898380483068e-23,-2.4349334179002504,5.498563726246449,6.262217798915368e-20,0.1100774206089259,0.0,0.0,0.0,1.0884219999999996,0.0,0.0,0.0,0.0,0.0,-2.4494000000000007,-0.29993587411706973,1.0325550109543493e-26,-1.3198512662350872,0.006412590289659213,1.0325634598341364e-24,0.3060733917646452,-8.45571280721512e-22,0.4114519975241578,2.322995185852051,1037.76,91.6148829122254,312.079362083022
-0.29761522365521353,1.5436749322781064e-24,-0.3790881118651539,-4.4651508950023705e-23,0.40929151961313265,-2.6767657071211373e-22,0.12486332809487855,-1.2315592852639237e-23,-2.4614911189707485,9.2633830789186,-2.244700052365185e-20,-0.21837542475642893,0.0,0.0,0.0,1.1354479999999993,0.0,0.0,0.0,0.0,0.0,-2.2532000000000014,-0.29936780257516776,8.437410227561917e-25,-1.4185458664964434,0.05039456390054398,8.230898380483068e-23,0.01446658209975027,4.03494821561759e-22,0.4136479815812394,2.496994972229004,1248.44,105.13847107332165,377.7982983108504
-0.2941408817583587,1.1454518745513906e-24,-0.4280275142875541,-1.604050397987649e-22,0.3963581997313557,-2.662351757983096e-22,0.222570861590611,-2.750671292003234e-23,-2.4324491232692704,12.27606601576868,-5.830681676806587e-21,-0.6483152719609694,0.0,0.0,0.0,1.1785499999999995,0.0,0.0,0.0,0.0,0.0,-2.057000000000002,-0.29761522365521353,1.5436749322781064e-24,-1.5145361118651532,0.12486332809487855,-1.2315592852639237e-23,-0.20829111897074704,-4.4651508950023705e-23,0.40929151961313265,2.676994562149048,1460.29,119.1964163074505,443.72291928882316
-0.2885567882337859,7.643761000465129e-25,-0.47593202766329973,-3.4473763897395426e-22,0.3714718483987957,-2.5945629254254554e-22,0.3358384908666674,-1.060086453045544e-23,-2.3580022143052908,14.669637450664418,-9.367487951419535e-21,-1.2475641975238847,0.0,0.0,0.0,1.2177279999999997,0.0,0.0,0.0,0.0,0.0,-1.8608000000000022,-0.2941408817583587,1.1454518745513906e-24,-1.6065775142875536,0.222570861590611,-2.750671292003234e-23,-0.37544912326926827,-1.604050397987649e-22,0.3963581997313557,2.845996141433716,1669.67,133.49062372475382,508.4879331728911
-0.2806388132543837,1.3815116231379556e-24,-0.5219705593230894,-6.608105935796708e-22,0.3334741594393174,-2.391018328834954e-22,0.4559590070735493,7.23144168395997e-23,-2.245850951673681,16.54610525020283,-1.6197618488998827e-20,-1.9051199448083926,0.0,0.0,0.0,1.2529819999999998,0.0,0.0,0.0,0.0,0.0,-1.664600000000002,-0.2885567882337859,7.643761000465129e-25,-1.6936600276632994,0.3358384908666674,-1.060086453045544e-23,-0.49720221430528855,-3.4473763897395426e-22,0.3714718483987957,3.0229945182800293,1873.08,147.7286569518298,570.9517747127436
-0.2703424270885623,4.92287602193757e-24,-0.5654512881277622,-3.3909793139554134e-22,0.284340469627367,-2.1331932548439975e-22,0.5736796095085896,2.818220230403617e-22,-2.102221928793597,17.982067805824038,1.5737791168336257e-20,-2.4640983019619065,0.0,0.0,0.0,1.284312,0.0,0.0,0.0,0.0,0.0,-1.468400000000002,-0.2806388132543837,1.3815116231379556e-24,-1.7749525593230893,0.4559590070735493,7.23144168395997e-23,-0.581250951673679,-6.608105935796708e-22,0.3334741594393174,3.1870534420013428,2067.19,161.628734620628,630.0729446358824
-0.25780063530533875,1.1622688378369346e-23,-0.6058027583389071,-4.0162309209594855e-22,0.22454785630062374,-1.904412024273351e-22,0.6804995688137634,3.8815921260281597e-22,-1.9329250923208878,19.03933042267487,-3.424964788333152e-21,-2.999848256806729,0.0,0.0,0.0,1.311718,0.0,0.0,0.0,0.0,0.0,-1.2722000000000018,-0.2703424270885623,4.92287602193757e-24,-1.8497632881277621,0.5736796095085896,2.818220230403617e-22,-0.6338219287935949,-3.3909793139554134e-22,0.284340469627367,3.3649959564208984,2248.87,174.92526853589436,684.9080903945027
-0.24330995455428986,2.08066571129657e-23,-0.6425673453288918,1.13399105899711e-21,0.16477964261986563,-2.1274537154580705e-22,0.7685685062911212,5.302376608568195e-22,-1.7435336066775875,19.77605443136966,7.727118549505827e-20,-2.9999639434842087,0.0,0.0,0.0,1.3352,0.0,0.0,0.0,0.0,0.0,-1.0760000000000016,-0.25780063530533875,1.1622688378369346e-23,-1.917520758338907,0.6804995688137634,3.8815921260281597e-22,-0.660725092320886,-4.0162309209594855e-22,0.22454785630062374,3.5329957008361816,2415.45,187.37214766274272,734.6575858501004
-0.22727428771316172,2.667773076764772e-23,-0.6754051465433764,4.71364687735558e-22,0.10503779592783638,-2.61131352834278e-22,0.8349981778216922,5.686970461138215e-23,-1.5402465147708648,20.248631920437848,-3.2937508098423927e-20,-2.999979190309072,0.0,0.0,0.0,1.354758,0.0,0.0,0.0,0.0,0.0,-0.8798000000000015,-0.24330995455428986,2.08066571129657e-23,-1.9777673453288918,0.7685685062911212,5.302376608568195e-22,-0.6675336066775859,1.13399105899711e-21,0.16477964261986563,3.7079944610595703,2564.65,198.7529910515986,778.7539882983081
-0.21014402218008382,2.576819299223277e-23,-0.704090514490371,-3.127933469346414e-21,0.045322549192902344,-1.8159965428118625e-22,0.8780283754860991,-1.4782348215287704e-22,-1.3282902799285932,20.520910673728487,-1.810683359057309e-19,-2.9999809603266687,0.0,0.0,0.0,1.3703919999999998,0.0,0.0,0.0,0.0,0.0,-0.6836000000000013,-0.22727428771316172,2.667773076764772e-23,-2.0301631465433765,0.8349981778216922,5.686970461138215e-23,-0.6604465147708634,4.71364687735558e-22,0.10503779592783638,3.8779866695404053,2694.9,208.8815762247142,816.858523682422
-0.19239636266305304,3.5694314651875774e-23,-0.7284931354047733,-1.8800267024254922e-21,-0.01436604262177626,-3.2144892227573686e-23,0.8967375762169789,1.1404356481171766e-21,-1.1119718115116326,20.64712576710514,6.25855094318141e-20,-2.999978179388497,0.0,0.0,0.0,1.3821019999999997,0.0,0.0,0.0,0.0,0.0,-0.4874000000000012,-0.21014402218008382,2.576819299223277e-23,-2.074482514490371,0.8780283754860991,-1.4782348215287704e-22,-0.6446902799285918,-3.127933469346414e-21,0.045322549192902344,4.052985906600952,2805.09,217.6055055525688,848.7524737124523
-0.17452100503745455,6.627784683829774e-23,-0.7485605303905776,5.581154969320991e-22,-0.07402743794725987,7.321332521750647e-24,0.8907981863428689,1.917917570525019e-21,-0.8947676870687928,20.67233939703169,1.226481188897738e-19,-2.9999463588878457,0.0,0.0,0.0,1.389888,0.0,0.0,0.0,0.0,0.0,-0.2912000000000013,-0.19239636266305304,3.5694314651875774e-23,-2.110595135404773,0.8967375762169789,1.1404356481171766e-21,-0.6245718115116314,-1.8800267024254922e-21,-0.01436604262177626,4.221038818359375,2894.6,224.805554118222,874.3254233175483
-0.1570102480874348,1.0233081349528e-22,-0.764302530903642,2.7656182065255713e-22,-0.13366218308191924,-1.7697642260266236e-23,0.8602775086591059,1.6873790951732081e-21,-0.6794323642376616,20.63327613976992,-1.428990977454767e-20,-2.9999401961497316,0.0,0.0,0.0,1.3937499999999998,0.0,0.0,0.0,0.0,0.0,-0.09500000000000125,-0.17452100503745455,6.627784683829774e-23,-2.1384485303905776,0.8907981863428689,1.917917570525019e-21,-0.6035676870687916,5.581154969320991e-22,-0.07402743794725987,4.392988204956055,2963.11,230.39416725628166,893.5677874441903
-0.1403526650394605,1.3495090555398078e-22,-0.7757779792851272,-1.3435459064263221e-21,-0.19326949354310782,1.4527260252016463e-23,0.8054807961383226,1.5746301106968704e-21,-0.46811247391085375,20.559373817984998,-8.124801749964424e-20,-2.9998927375920927,0.0,0.0,0.0,1.393688,0.0,0.0,0.0,0.0,0.0,0.10119999999999876,-0.1570102480874348,1.0233081349528e-22,-2.1580525309036416,0.8602775086591059,1.6873790951732081e-21,-0.5844323642376603,2.7656182065255713e-22,-0.13366218308191924,4.562986850738525,3010.55,234.3134883321142,906.5668592181173
-0.12502952807589057,1.7193361119280666e-22,-0.7830836845139975,-1.5396925675156218e-21,-0.2528453126914864,1.0258169578099653e-22,0.7268329002186724,2.123640453185717e-21,-0.26245804897618275,20.47391452386202,-8.892154072408485e-21,-2.999639045180814,0.0,0.0,0.0,1.3897019999999998,0.0,0.0,0.0,0.0,0.0,0.2973999999999988,-0.1403526650394605,1.3495090555398078e-22,-2.1694659792851274,0.8054807961383226,1.5746301106968704e-21,-0.5693124739108525,-1.3435459064263221e-21,-0.19326949354310782,4.736985206604004,3037.21,236.53321614364387,913.505951379612
-0.11151327868855984,2.2058219247859373e-22,-0.7863455130101413,-1.699012140892816e-21,-0.28026545059812435,1.48608659498703e-22,0.6247920385143999,2.7412176753929876e-21,-0.06372480063819763,20.395134720083558,-7.412329157712626e-21,-1.3808930713154304,0.0,0.0,0.0,1.381792,0.0,0.0,0.0,0.0,0.0,0.4935999999999987,-0.12502952807589057,1.7193361119280666e-22,-2.1727856845139972,0.7268329002186724,2.123640453185717e-21,-0.5598580489761815,-1.5396925675156218e-21,-0.2528453126914864,4.9159886837005615,3043.57,237.04496316821437,914.6662361394373
-0.10014253898863135,2.8214999726563928e-22,-0.7856732602773442,-3.0658577592696327e-21,-0.26796856435077304,1.1817610064009987e-22,0.5122819314784488,3.415562803311567e-21,0.130950073917911,20.337262091078948,-6.925213703284876e-20,0.6193050902212506,0.0,0.0,0.0,1.369958,0.0,0.0,0.0,0.0,0.0,0.6897999999999989,-0.11151327868855984,2.2058219247859373e-22,-2.1681375130101412,0.6247920385143999,2.7412176753929876e-21,-0.5573248006381963,-1.699012140892816e-21,-0.28026545059812435,5.084985733032227,3030.17,235.8736658400996,910.3840407022806
-0.0909703166249892,3.627636933593583e-22,-0.781106847121975,-4.8801689314484615e-21,-0.22779019175084936,-4.647495002705025e-23,0.4049403048857674,4.645806806060337e-21,0.32569124161900337,20.27049712038757,-9.340921165280477e-20,2.0237786093943275,0.0,0.0,0.0,1.3542,0.0,0.0,0.0,0.0,0.0,0.885999999999999,-0.10014253898863135,2.8214999726563928e-22,-2.155631260277344,0.5122819314784488,3.415562803311567e-21,-0.5588499260820878,-3.0658577592696327e-21,-0.26796856435077304,5.241987228393555,2996.64,233.0494600525262,900.3679728280778
-0.08378163732228673,4.753903023739735e-22,-0.7726289076577945,-5.0328090749608785e-21,-0.17263540087306858,-3.2538586145182055e-22,0.31392762538447916,6.616854095401184e-21,0.5221027047990465,20.151120865250807,-1.0484204958022104e-20,2.7790299598262016,0.0,0.0,0.0,1.334518,0.0,0.0,0.0,0.0,0.0,1.0821999999999992,-0.0909703166249892,3.627636933593583e-22,-2.135306847121975,0.4049403048857674,4.645806806060337e-21,-0.5603087583809956,-4.8801689314484615e-21,-0.22779019175084936,5.403987169265747,2942.29,228.6000908880973,884.1834591952573
-0.07818889301819683,6.280434370168476e-22,-0.7602158155989728,-6.2496687181368316e-21,-0.11439175760586887,-6.57318127567465e-22,0.2453468050245111,8.64845936888624e-21,0.7192065010831263,19.961914054814187,-6.371379189660479e-20,2.935866919088284,0.0,0.0,0.0,1.310912,0.0,0.0,0.0,0.0,0.0,1.2783999999999993,-0.08378163732228673,4.753903023739735e-22,-2.1071469076577944,0.31392762538447916,6.616854095401184e-21,-0.5600972952009526,-5.0328090749608785e-21,-0.17263540087306858,5.5799853801727295,2867.18,222.56013163643817,861.7571769154896
-0.07373197826437873,8.259485590774585e-22,-0.7438768236696559,-8.013438219148205e-21,-0.06265252525871527,-1.0277083477424818e-21,0.20034467035729817,1.1142052837174849e-20,0.9146926918485652,19.713146892425986,-9.0569627139895e-20,2.608952054230166,0.0,0.0,0.0,1.283382,0.0,0.0,0.0,0.0,0.0,1.4745999999999995,-0.07818889301819683,6.280434370168476e-22,-2.071127815598973,0.2453468050245111,8.64845936888624e-21,-0.559193498916873,-6.2496687181368316e-21,-0.11439175760586887,5.746924877166748,2772.31,214.9838338620619,833.4107131040554
-0.06996838724299756,1.0801791029313103e-21,-0.723666691131007,-1.0260128640382659e-20,-0.022324791381328576,-1.396481971209542e-21,0.17601443178081885,1.4281001548210335e-20,1.1063205620163248,19.42951475127782,-1.1409216199512352e-19,2.0340294753498194,0.0,0.0,0.0,1.251928,0.0,0.0,0.0,0.0,0.0,1.6707999999999996,-0.07373197826437873,8.259485590774585e-22,-2.027258823669656,0.20034467035729817,1.1142052837174849e-20,-0.5599073081514343,-8.013438219148205e-21,-0.06265252525871527,5.923918962478638,2659.33,205.95334659554908,799.7168067518796
-0.06653352971427423,1.405184513165466e-21,-0.6996761785796779,-1.302785060364527e-20,0.004641539252974039,-1.7104804047312815e-21,0.16747132109151439,1.8219539475205232e-20,1.2927306931165794,19.135274832152525,-1.397464430401883e-19,1.36028850188597,0.0,0.0,0.0,1.2165500000000002,0.0,0.0,0.0,0.0,0.0,1.8669999999999998,-0.06996838724299756,1.0801791029313103e-21,-1.975594691131007,0.17601443178081885,1.4281001548210335e-20,-0.5644794379836748,-1.0260128640382659e-20,-0.022324791381328576,6.092919826507568,2530.19,195.5792530883375,761.3192795688241
-0.06316660890548628,1.818648718429697e-21,-0.6720145001093264,-1.6433627412955383e-20,0.017749275515875757,-1.9035777653412623e-21,0.16922075978728066,2.312688105121789e-20,1.4734371539185651,18.84552604267316,-1.7169702113970663e-19,0.6612356246965625,0.0,0.0,0.0,1.177248,0.0,0.0,0.0,0.0,0.0,2.0631999999999997,-0.06653352971427423,1.405184513165466e-21,-1.9162261785796781,0.16747132109151439,1.8219539475205232e-20,-0.5742693068834204,-1.302785060364527e-20,0.004641539252974039,6.26092004776001,2386.84,183.9970587118246,718.8279459911786
-0.0597162899382752,2.342082807796439e-21,-0.6407951068691409,-2.126634891047406e-20,0.019279124991366896,-1.9324203501573946e-21,0.17581113693382774,2.921652788545632e-20,1.6485021700999885,18.56617524634021,-2.437672951684679e-19,0.0771756764483429,0.0,0.0,0.0,1.1340220000000003,0.0,0.0,0.0,0.0,0.0,2.259399999999999,-0.06316660890548628,1.818648718429697e-21,-1.8492625001093264,0.16922075978728066,2.312688105121789e-20,-0.5897628460814346,-1.6433627412955383e-20,0.017749275515875757,6.429919004440308,2231.21,171.3623290038269,672.8070038857882
-0.056129520336640586,3.004100443904157e-21,-0.606128281111746,-2.4165790262909062e-20,0.01260522961426117,-1.7807966923181857e-21,0.1828658232296336,3.698523572531546e-20,1.8181804056395081,18.297312086768656,-1.46388854702874e-19,-0.33667649042571435,0.0,0.0,0.0,1.086872,0.0,0.0,0.0,0.0,0.0,2.4555999999999982,-0.0597162899382752,2.342082807796439e-21,-1.7748171068691412,0.17581113693382774,2.921652788545632e-20,-0.6108978299000105,-2.126634891047406e-20,0.019279124991366896,6.598919868469238,2065.24,157.84656478329248,623.8054964518491
-0.052426733089212876,3.8308996291946635e-21,-0.5681195689723567,-3.293704336111397e-20,0.0013608644882001388,-1.459748000508982e-21,0.18741290151313725,4.569468280373522e-20,1.9826908082994241,18.03695307611538,-4.425953397454884e-19,-0.5672489734453964,0.0,0.0,0.0,1.0357980000000002,0.0,0.0,0.0,0.0,0.0,2.6517999999999975,-0.056129520336640586,3.004100443904157e-21,-1.693000281111746,0.1828658232296336,3.698523572531546e-20,-0.6374195943604901,-2.4165790262909062e-20,0.01260522961426117,6.757919073104858,1890.96,143.6350499814195,572.3950766203812
-0.04867363488347669,4.861933165787743e-21,-0.5268710632700543,-4.222328724398243e-20,-0.011307195651014276,-9.836775025448196e-22,0.18789691906048198,5.740867085557276e-20,2.142159761930817,17.78346414862947,-4.683498772094318e-19,-0.6390825971665751,0.0,0.0,0.0,0.9808000000000002,0.0,0.0,0.0,0.0,0.0,2.8479999999999968,-0.052426733089212876,3.8308996291946635e-21,-1.6039175689723568,0.18741290151313725,4.569468280373522e-20,-0.6691091917005734,-3.293704336111397e-20,0.0013608644882001388,6.927918910980225,1710.52,128.92575069466608,519.1914721084646
-0.04495535265043008,6.1582325858109425e-21,-0.4824828571576251,-5.429773879017435e-20,-0.023006795406003474,-4.189689240751625e-22,0.183931304244179,7.222127114674708e-20,2.2966608493121012,17.53617538057303,-6.086513359039206e-19,-0.5902360583540094,0.0,0.0,0.0,0.9218780000000003,0.0,0.0,0.0,0.0,0.0,3.044199999999996,-0.04867363488347669,4.861933165787743e-21,-1.5076710632700545,0.18789691906048198,5.740867085557276e-20,-0.7058402380691797,-4.222328724398243e-20,-0.011307195651014276,7.084918975830078,1526.24,113.92865901825546,464.8564238059714
-0.041356299896722654,7.790506862904769e-21,-0.4350535622620736,-7.329227722680876e-20,-0.03225935360104681,1.7152142552629568e-22,0.17597397112656374,9.100615656263548e-20,2.4462686402430522,17.29496656681427,-9.574426323984008e-19,-0.4667906340321071,0.0,0.0,0.0,0.8590320000000004,0.0,0.0,0.0,0.0,0.0,3.2403999999999953,-0.04495535265043008,6.1582325858109425e-21,-1.4043608571576254,0.183931304244179,7.222127114674708e-20,-0.7475391506878948,-5.429773879017435e-20,-0.023006795406003474,7.254975318908691,1340.53,98.8651527975385,410.09017446118037
-0.037946868345328955,9.86067992939072e-21,-0.38468002521480593,-1.066699663063552e-19,-0.0383184081330938,7.170607613998562e-22,0.16496918401280566,1.1601115008595957e-19,2.591085064483713,17.059697164758344,-1.6829360357359767e-18,-0.30568071971986843,0.0,0.0,0.0,0.7922620000000005,0.0,0.0,0.0,0.0,0.0,3.4365999999999945,-0.041356299896722654,7.790506862904769e-21,-1.294085562262074,0.17597397112656374,9.100615656263548e-20,-0.794131359756943,-7.329227722680876e-20,-0.03225935360104681,7.412917613983154,1155.96,83.96726591444741,355.6236712877436
-0.03477643227757515,1.253985993692522e-20,-0.3314568101121636,-1.2235428047303554e-19,-0.041162949501409585,1.043052512758472e-21,0.15207442276257452,1.5190685066749043e-19,2.7312364457805183,16.829923244623686,-7.906251130470853e-19,-0.14350809429616093,0.0,0.0,0.0,0.7215680000000005,0.0,0.0,0.0,0.0,0.0,3.632799999999994,-0.037946868345328955,9.86067992939072e-21,-1.1769420252148064,0.16496918401280566,1.1601115008595957e-19,-0.8455149355162814,-1.066699663063552e-19,-0.0383184081330938,7.580853223800659,975.149,69.47697612538519,302.21471163985984
-0.03187160676352156,1.5984191146655372e-20,-0.2754759092134797,-1.557709374318339e-19,-0.04121825185144048,1.0507495305434133e-21,0.13840812864278504,1.9252627030552466e-19,2.866853644087871,16.604925525842468,-1.6858664607463131e-18,-0.0027900235971716134,0.0,0.0,0.0,0.6469500000000007,0.0,0.0,0.0,0.0,0.0,3.828999999999993,-0.03477643227757515,1.253985993692522e-20,-1.0530248101121642,0.15207442276257452,1.5190685066749043e-19,-0.9015635542194755,-1.2235428047303554e-19,-0.041162949501409585,7.750854969024658,800.857,55.64558251674114,250.64728007984903
-0.02923846925191762,2.0345002368010048e-20,-0.2168268356198414,-1.90979964980562e-19,-0.039152868648860875,6.923735214776461e-22,0.12490562251760924,2.435548518299429e-19,2.998053715275957,16.383919272080853,-1.777034565407012e-18,0.10419936799031308,0.0,0.0,0.0,0.5684080000000008,0.0,0.0,0.0,0.0,0.0,4.025199999999993,-0.03187160676352156,1.5984191146655372e-20,-0.9224259092134803,0.13840812864278504,1.9252627030552466e-19,-0.9621463559121222,-1.557709374318339e-19,-0.04121825185144048,7.910853147506714,635.921,42.73322260623417,201.73248588783838
-0.02686691547741975,2.5833497768581043e-20,-0.1555969891038327,-2.188196208038168e-19,-0.03570800048468053,-1.397365453453509e-23,0.11224975493217727,3.0529468822715663e-19,3.124930936324909,16.166250473212216,-1.4058550151522584e-18,0.17379511165236647,0.0,0.0,0.0,0.485942000000001,0.0,0.0,0.0,0.0,0.0,4.221399999999994,-0.02923846925191762,2.0345002368010048e-20,-0.7852348356198422,0.12490562251760924,2.435548518299429e-19,-1.0271462847240356,-1.90979964980562e-19,-0.039152868648860875,8.081853151321411,483.274,31.008481506566945,156.3089249556576
-0.024735815362146526,3.263749309661778e-20,-0.0918721052822705,-2.9388784265173344e-19,-0.03157414096935261,-1.0743031555011764e-21,0.10086025659514515,3.751048445765176e-19,3.247557445831311,15.951493961100065,-3.7890258938551815e-18,0.2085554279990786,0.0,0.0,0.0,0.39955200000000113,0.0,0.0,0.0,0.0,0.0,4.417599999999995,-0.02686691547741975,2.5833497768581043e-20,-0.6415389891038337,0.11224975493217727,3.0529468822715663e-19,-1.0964690636750847,-2.188196208038168e-19,-0.03570800048468053,8.25185513496399,345.943,20.748032709242647,115.24188790788126
-0.02281798563623425,4.1064823320130756e-20,-0.02573663543894435,-3.610389675551685e-19,-0.027316722958488273,-2.469055306087529e-21,0.09092271599608238,4.676281777747801e-19,3.365989538501304,15.739449517935562,-3.389884315622295e-18,0.214789497686929,0.0,0.0,0.0,0.30923800000000123,0.0,0.0,0.0,0.0,0.0,4.613799999999996,-0.024735815362146526,3.263749309661778e-20,-0.49142410528227165,0.10086025659514515,3.751048445765176e-19,-1.1700425541686839,-2.9388784265173344e-19,-0.03157414096935261,8.40785551071167,227.037,12.23626464001507,79.42162826043688
-0.021084366927579985,5.1538988942832343e-20,0.04272601197172861,-4.405278887439243e-19,-0.023343880877629897,-4.061814476706441e-21,0.08243915486934407,5.797883844953784e-19,3.480275202565992,15.530077140751892,-4.01230583867177e-18,0.20043287259816805,0.0,0.0,0.0,0.2150000000000013,0.0,0.0,0.0,0.0,0.0,4.809999999999997,-0.02281798563623425,4.1064823320130756e-20,-0.33497463543894557,0.09092271599608238,4.676281777747801e-19,-1.247810461498692,-3.610389675551685e-19,-0.027316722958488273,8.58085560798645,129.747,5.7648752979218685,49.761235133772026
-0.019507118940236337,6.448512576443382e-20,0.11343336457114109,-5.510765021155348e-19,-0.019905840271443705,-5.7668003573674634e-21,0.07528564386502053,7.1482529766476955e-19,3.590460057375256,15.323417697774133,-5.579124384201278e-18,0.17345202067714854,0.0,0.0,0.0,0.11683800000000134,0.0,0.0,0.0,0.0,0.0,5.006199999999998,-0.021084366927579985,5.1538988942832343e-20,-0.1722739880282727,0.08243915486934407,5.797883844953784e-19,-1.3297247974340047,-4.405278887439243e-19,-0.023343880877629897,8.735855102539062,57.3325,1.6324400277067856,27.194570157901243
-0.018061595460947606,8.044838189674868e-20,0.1863038717994559,-6.783736597096543e-19,-0.017114170373626236,-7.483203332772946e-21,0.06926670406385262,8.81500315566715e-19,3.696590665456225,15.119525804314948,-6.423853871586196e-18,0.14084223930586098,0.0,0.0,0.0,0.014752000000001375,0.0,0.0,0.0,0.0,0.0,5.202399999999999,-0.019507118940236337,6.448512576443382e-20,-0.003404635428860256,0.07528564386502053,7.1482529766476955e-19,-1.4157399426247421,-5.510765021155348e-19,-0.019905840271443705,8.89085602760315,13.123,0.14396782890841897,12.674489995435355
-0.01672009131856654,9.981613769558354e-20,0.26083446711952163,-8.388492047838055e-19,-0.014976638870762646,-9.104967620117402e-21,0.06488371017425366,1.0552752643167706e-18,3.756468866550345,12.805785383083386,-8.097449953793788e-18,0.10784044921409723,0.0,0.0,0.0,-0.09125799999999862,0.0,0.0,0.0,0.0,0.0,5.3986,-0.018061595460947606,8.044838189674868e-20,0.17155187179945453,0.06926670406385262,8.81500315566715e-19,-1.5058093345437742,-6.783736597096543e-19,-0.017114170373626236,9.07185435295105,0.231583,1.5811759444602027,7.171373042628788
-0.015422980176550343,1.2095318664849478e-19,0.33403943762313093,-1.0228929543651351e-18,-0.013750542892794489,-1.0246422581627141e-20,0.06482740402736605,1.0584296309743522e-18,3.5640281838105805,0.18798694532651067,-9.286006970237159e-18,0.061857700156941114,0.0,0.0,0.0,-0.2011919999999986,0.0,0.0,0.0,0.0,0.0,5.594800000000001,-0.01672009131856654,9.981613769558354e-20,0.35209246711952025,0.06488371017425366,1.0552752643167706e-18,-1.642131133449655,-8.388492047838055e-19,-0.014976638870762646,9.239855289459229,3.82776,6.225958069808937,11.79440098992257
-0.01412643219891616,1.4212178692491162e-19,0.4033580087831672,-1.1469013804304891e-18,-0.014816972186625296,-9.089338480887431e-21,0.06482739373605219,1.058430396667331e-18,3.3678289321930484,3.742266119652085e-05,-6.255508814699437e-18,-0.05380237360338406,0.0,0.0,0.0,-0.3150499999999986,0.0,0.0,0.0,0.0,0.0,5.791000000000002,-0.015422980176550343,1.2095318664849478e-19,0.5352314376231295,0.06482740402736605,1.0584296309743522e-18,-2.0307718161894206,-1.0228929543651351e-18,-0.013750542892794489,9.42485523223877,12.9628,14.356171583426677,25.959007007519805
-0.012829884379714447,1.632903991563701e-19,0.4687525911737631,-1.2409669375241298e-18,-0.017085276765375492,-6.380788169688064e-21,0.06482738818411916,1.0584308264785172e-18,3.171629306866543,1.873573133690556e-05,-4.743517560420517e-18,-0.11443818095400576,0.0,0.0,0.0,-0.43283199999999866,0.0,0.0,0.0,0.0,0.0,5.987200000000003,-0.01412643219891616,1.4212178692491162e-19,0.7184080087831658,0.06482739373605219,1.058430396667331e-18,-2.423171067806954,-1.1469013804304891e-18,-0.014816972186625296,9.582855463027954,28.6525,25.844868607359498,47.38576241083072
-0.011533336655505915,1.8445901855346393e-19,0.5302231796212709,-1.315236063124687e-18,-0.019971179003010014,-2.6916802614890724e-21,0.06482738423673397,1.0584311132308645e-18,2.9754295378842306,1.1552570465669054e-05,-3.743502448158044e-18,-0.14559671817992298,0.0,0.0,0.0,-0.5545379999999988,0.0,0.0,0.0,0.0,0.0,6.183400000000004,-0.012829884379714447,1.632903991563701e-19,0.9015845911737618,0.06482738818411916,1.0584308264785172e-18,-2.81557069313346,-1.2409669375241298e-18,-0.017085276765375492,9.751855373382568,50.9233,40.690639312084905,76.05886552981497
-0.010236788998827125,2.0562764266594817e-19,0.5877697717835877,-1.381562597455471e-18,-0.02317447234349973,1.6286417582941702e-21,0.06482738143114476,1.0584312980175626e-18,2.7792296783474546,7.024562041684412e-06,-3.3415408679548098e-18,-0.16160961806385804,0.0,0.0,0.0,-0.6801679999999989,0.0,0.0,0.0,0.0,0.0,6.379600000000005,-0.011533336655505915,1.8445901855346393e-19,1.0847611796212697,0.06482738423673397,1.0584311132308645e-18,-3.2079704621157736,-1.315236063124687e-18,-0.019971179003010014,9.911854982376099,80.264,58.89348317183897,111.97835409560827
-0.008940241393670396,2.2679627002533853e-19,0.6413923663629423,-1.4435402851864917e-18,-0.02654086722295834,6.3853149593848706e-21,0.0648273790845282,1.0584314379214748e-18,2.583029779588011,5.063387436171966e-06,-3.1208780789722286e-18,-0.16983850034362533,0.0,0.0,0.0,-0.8097219999999989,0.0,0.0,0.0,0.0,0.0,6.575800000000006,-0.010236788998827125,2.0562764266594817e-19,1.2679377717835867,0.06482738143114476,1.0584312980175626e-18,-3.6003703216525507,-1.381562597455471e-18,-0.02317447234349973,10.08184027671814,116.883,80.4534007012777,155.1442785080798
-0.0076436938329988435,2.4796489992697824e-19,0.6910909627464655,-1.500111687523334e-18,-0.02999087894034526,1.1465158499693975e-20,0.06482737698262704,1.0584315522424946e-18,2.3868298587643073,3.9602095792378036e-06,-2.8468506362277647e-18,-0.17405732099105298,0.0,0.0,0.0,-0.943199999999999,0.0,0.0,0.0,0.0,0.0,6.772000000000007,-0.008940241393670396,2.2679627002533853e-19,1.4511143663629413,0.0648273790845282,1.0584314379214748e-18,-3.9927702204119955,-1.4435402851864917e-18,-0.02654086722295834,10.246841669082642,160.777,105.37039236222901,205.55667154725126
-0.0063471463128207655,2.6913353194584266e-19,0.7368655605709031,-1.560501583152156e-18,-0.03348424937191258,1.6813777265963983e-20,0.06482737503518078,1.0584316496439494e-18,2.190629923679455,3.247217637970171e-06,-3.0381830030696322e-18,-0.17624508792392712,0.0,0.0,0.0,-1.080601999999999,0.0,0.0,0.0,0.0,0.0,6.968200000000008,-0.0076436938329988435,2.4796489992697824e-19,1.6342909627464646,0.06482737698262704,1.0584315522424946e-18,-4.3851701412357,-1.500111687523334e-18,-0.02999087894034526,10.402840852737427,211.943,133.64445847572048,263.21555096746357
-0.005050598830751206,2.90302165806993e-19,0.7787161596007863,-1.6128809267230244e-18,-0.03699907481923439,2.23941821974907e-20,0.06482737317177524,1.0584317364710898e-18,1.994429979308866,2.7830305336799853e-06,-2.6326875857087538e-18,-0.1773277941384158,0.0,0.0,0.0,-1.2219279999999992,0.0,0.0,0.0,0.0,0.0,7.164400000000009,-0.0063471463128207655,2.6913353194584266e-19,1.817467560570902,0.06482737503518078,1.0584316496439494e-18,-4.777570076320553,-1.560501583152156e-18,-0.03348424937191258,10.55984091758728,270.385,165.2755992203547,328.1209256311128
-0.0037540513848324706,3.1147080129979595e-19,0.8166427596601856,-1.6748948167449296e-18,-0.0405261718141686,2.819668987135918e-20,0.06482737142009827,1.0584318128092073e-18,1.7982300266310653,2.367730428431755e-06,-3.1173432112931172e-18,-0.17794718672598886,0.0,0.0,0.0,-1.3671779999999996,0.0,0.0,0.0,0.0,0.0,7.3606000000000105,-0.005050598830751206,2.90302165806993e-19,2.0006441596007853,0.06482737317177524,1.0584317364710898e-18,-5.169970020691143,-1.6128809267230244e-18,-0.03699907481923439,10.718839883804321,336.156,200.2638147349382,400.27279997866094
-0.0024575039732373546,3.3263943825030193e-19,0.8506453606072958,-1.7352907403552177e-18,-0.04405894429144475,3.4225782774582384e-20,0.06482736973941335,1.0584318822413916e-18,1.6020300680799529,2.0741473920340983e-06,-3.03420340138825e-18,-0.17823380084413873,0.0,0.0,0.0,-1.516352,0.0,0.0,0.0,0.0,0.0,7.5568000000000115,-0.0037540513848324706,3.1147080129979595e-19,2.1838207596601853,0.06482737142009827,1.0584318128092073e-18,-5.562369973368945,-1.6748948167449296e-18,-0.0405261718141686,10.87484073638916,409.359,238.60910506826994,479.67117589131783
-0.0011609565947023886,3.538080765349277e-19,0.8807239623375551,-1.7936166436956726e-18,-0.04759461165792088,4.0470857336601736e-20,0.06482736811408325,1.0584319462211826e-18,1.4058301049459812,1.8450919500484502e-06,-2.9281992071892046e-18,-0.17838013104114622,0.0,0.0,0.0,-1.6694499999999999,0.0,0.0,0.0,0.0,0.0,7.7530000000000125,-0.0024575039732373546,3.3263943825030193e-19,2.3669973606072956,0.06482736973941335,1.0584318822413916e-18,-5.954769931920058,-1.7352907403552177e-18,-0.04405894429144475,11.028841018676758,489.995,280.31147027572234,566.3160544407082
0.0001355907517705204,3.7497671605469405e-19,0.9068785647683784,-1.8518627247492957e-18,-0.05113117185489707,4.69249443183377e-20,0.06482736653320766,1.0584320057554535e-18,1.2096301381363292,1.6613987877382102e-06,-2.9225434173557796e-18,-0.178425454687011,0.0,0.0,0.0,-1.8264720000000003,0.0,0.0,0.0,0.0,0.0,7.949200000000014,-0.0011609565947023886,3.538080765349277e-19,2.550173962337555,0.06482736811408325,1.0584319462211826e-18,-6.347169895054032,-1.7936166436956726e-18,-0.04759461165792088,11.184839248657227,578.063,325.37091038561044,660.207436074856
0.0014321380669332765,3.9614535673074825e-19,0.92910916783401,-1.9276009078316442e-18,-0.05464673640737947,5.357771762214892e-20,0.06482736498306792,1.0584320618499612e-18,1.0134301684268263,1.516506791509451e-06,-3.8033780618949165e-18,-0.17736646395237285,0.0,0.0,0.0,-1.9874180000000004,0.0,0.0,0.0,0.0,0.0,8.145400000000013,0.0001355907517705204,3.7497671605469405e-19,2.7333505647683785,0.06482736653320766,1.0584320057554535e-18,-6.739569861863684,-1.8518627247492957e-18,-0.05113117185489707,11.342875242233276,673.564,373.78742523919016,761.3453210032673
0.0027286853514638374,4.1731399850092406e-19,0.9474157714791547,-1.977260147837914e-18,-0.058196201466584406,6.051884312027826e-20,0.06482736346998814,1.0584321151676192e-18,0.817230196087642,1.3851084277054237e-06,-2.4856500710160824e-18,-0.17907708484443782,0.0,0.0,0.0,-2.1522880000000004,0.0,0.0,0.0,0.0,0.0,8.34160000000001,0.0014321380669332765,3.9614535673074825e-19,2.91652716783401,0.06482736498306792,1.0584320618499612e-18,-7.131969831573187,-1.9276009078316442e-18,-0.05464673640737947,11.50186538696289,776.497,425.56101553362447,869.7297085174164
0.004025232605990047,4.38482641309002e-19,0.9617983756561949,-2.0309349918252936e-18,-0.06174041465135858,6.763457939746827e-20,0.06482736198263285,1.0584321656401679e-18,0.6210302216163837,1.2786016459737362e-06,-2.6864808007665227e-18,-0.17881239909972382,0.0,0.0,0.0,-2.3210820000000005,0.0,0.0,0.0,0.0,0.0,8.537800000000008,0.0027286853514638374,4.1731399850092406e-19,3.099703771479155,0.06482736346998814,1.0584321151676192e-18,-7.524369803912368,-1.977260147837914e-18,-0.058196201466584406,11.674864053726196,886.862,480.691680470884,985.3606005154804
0.005321779831261496,4.596512850941995e-19,0.9722569803211567,-2.0869663214131843e-18,-0.0652818864445376,7.494102218407867e-20,0.064827360544512,1.0584322128795832e-18,0.4248302448798017,1.1653913585685589e-06,-2.803494197979643e-18,-0.17867437086186613,0.0,0.0,0.0,-2.4938000000000007,0.0,0.0,0.0,0.0,0.0,8.734000000000005,0.004025232605990047,4.38482641309002e-19,3.2828803756561955,0.06482736198263285,1.0584321656401679e-18,-7.916769778383625,-2.0309349918252936e-18,-0.06174041465135858,11.844839334487915,1004.87,539.1794204215181,1108.2379961055458
0.006618327028058807,4.808199298015855e-19,0.9787915854343241,-2.143899268339895e-18,-0.0688215830802281,8.244587296326227e-20,0.06482735913521905,1.0584322578590177e-18,0.22863026643693543,1.0801575412608407e-06,-2.84701396330843e-18,-0.1785850903883682,0.0,0.0,0.0,-2.670442000000001,0.0,0.0,0.0,0.0,0.0,8.930200000000003,0.005321779831261496,4.596512850941995e-19,3.4660569803211576,0.064827360544512,1.0584322128795832e-18,-8.309169755120204,-2.0869663214131843e-18,-0.0652818864445376,12.012837171554565,1130.69,601.0242353866507,1238.3618952005509
0.007914874196609776,5.019885753988479e-19,0.9814021909683917,-2.2013475779180807e-18,-0.07236084513685165,9.015455125285198e-20,0.06482735771987781,1.058432301867231e-18,0.0324302869698249,1.0290805890416014e-06,-2.8709572313703414e-18,-0.17856344458343903,0.0,0.0,0.0,-2.851008000000001,0.0,0.0,0.0,0.0,0.0,9.1264,0.006618327028058807,4.808199298015855e-19,3.6492335854343247,0.06482735913521905,1.0584322578590177e-18,-8.701569733563067,-2.143899268339895e-18,-0.0688215830802281,12.170838117599487,1264.17,666.2261253823016,1375.7322977824342
0.009211421336062512,5.231572218898907e-19,0.9800887969139596,-2.2590901660290738e-18,-0.07589928051668403,9.806776515084643e-20,0.06482735622539583,1.0584323472370383e-18,-0.16376969241304912,1.0335610289514425e-06,-2.8836717277431584e-18,-0.1785220163890425,0.0,0.0,0.0,-3.035498000000001,0.0,0.0,0.0,0.0,0.0,9.322599999999998,0.007914874196609776,5.019885753988479e-19,3.8324101909683925,0.06482735771987781,1.058432301867231e-18,-9.093969713030175,-2.2013475779180807e-18,-0.07236084513685165,12.343841791152954,1405.32,734.7850904077507,1520.3492039977662
