-0.3,0.0,-0.0019620000018094014,-5.0787939183929744e-17,0.002124331734483272,-5.3945235755654725e-20,0.0,0.0,-0.1962000001809401,-9.047006050910906e-09,-2.539394094256004e-15,0.1062166266685694,0.0,0.0,0.0,0.218038,0.0,0.0,0.0,0.0,0.0,-4.803799999999999,-0.3,0.0,-0.12,0.0,0.0,5.0,0.0,-0.0,0.025999069213867188,54338.8,5.345564098589042,149.9031587452
-0.30000000000000376,-9.094489000864544e-29,-0.007848000007218884,-9.251803327476882e-17,0.004055660372910834,-1.9233133924163555e-19,-3.8040016913139117e-13,-9.094489000864543e-27,-0.3924000003600081,-8.953414597809693e-09,-2.086484500922291e-15,0.09656651641068861,0.0,0.0,0.0,0.312152,0.0,0.0,0.0,0.0,0.0,-4.607599999999998,-0.3,0.0,-0.22000000000180941,0.0,0.0,4.607599999819059,-5.0787939183929744e-17,0.002124331734483272,0.35899829864501953,45001.3,7.026616165999981,113.08827739614333
-0.30000000000001853,-4.363947830113653e-28,-0.01765800001618692,-1.2601338518669353e-16,0.005811521172500577,-3.8418902510724765e-19,-1.0973934077539906e-12,-2.545050029940744e-26,-0.5886000005367954,-8.839438442361108e-09,-1.6747219939570477e-15,0.08779315299315005,0.0,0.0,0.0,0.4023419999999999,0.0,0.0,0.0,0.0,0.0,-4.411399999999997,-0.30000000000000376,-9.094489000864544e-29,-0.32000000000721884,-3.8040016913139117e-13,-9.094489000864543e-27,4.21519999963999,-9.251803327476882e-17,0.004055660372910834,0.514998197555542,36545.2,9.709225019543469,85.51630647919569
-0.3000000000000506,-1.1646038034855713e-27,-0.03139200002866232,-1.520221664122936e-16,0.007407856168902844,-6.061127898582797e-19,-2.108313884260006e-12,-4.737040174801317e-26,-0.7848000007107444,-8.697603750856434e-09,-1.3003675604130483e-15,0.07981687976908927,0.0,0.0,0.0,0.4886079999999999,0.0,0.0,0.0,0.0,0.0,-4.215199999999996,-0.30000000000001853,-4.363947830113653e-28,-0.42000000001618687,-1.0973934077539906e-12,-2.545050029940744e-26,3.8227999994632014,-1.2601338518669353e-16,0.005811521172500577,0.6939990520477295,28970.6,13.39338770544358,67.18688633382791
-0.3000000000001054,-2.3709366910210803e-27,-0.04905000004458042,-1.7122448679604358e-16,0.008859158948011326,-8.406849112347677e-19,-3.3700490773868047e-12,-7.326288700553774e-26,-0.9810000008810652,-8.516274508658964e-09,-9.600222904433066e-16,0.07256527753988709,0.0,0.0,0.0,0.5709499999999998,0.0,0.0,0.0,0.0,0.0,-4.018999999999995,-0.3000000000000506,-1.1646038034855713e-27,-0.5200000000286622,-2.108313884260006e-12,-4.737040174801317e-26,3.4303999992892513,-1.520221664122936e-16,0.007407856168902844,1.016998291015625,22277.4,18.07910178262446,58.09969343201362
-0.30000000000018745,-4.119602679510197e-27,-0.0706320000638569,-1.8423862794340625e-16,0.010178606259262523,-1.0752029443765385e-18,-4.836448619001255e-12,-1.016037118433739e-25,-1.1772000010465844,-8.27628633852022e-09,-6.505967411488167e-16,0.06597250691722752,0.0,0.0,0.0,0.6493679999999997,0.0,0.0,0.0,0.0,0.0,-3.8227999999999955,-0.3000000000001054,-2.3709366910210803e-27,-0.6200000000445802,-3.3700490773868047e-12,-7.326288700553774e-26,3.0379999991189295,-1.7122448679604358e-16,0.008859158948011326,1.3200018405914307,16465.8,23.766365233747305,58.25443649582632
-0.30000000000030036,-6.4443661895790956e-27,-0.09613800008637724,-1.9162668708131622e-16,0.011378177667137803,-1.300654669075216e-18,-6.4535331746147795e-12,-1.30872639163516e-25,-1.3734000012054495,-7.943683238676973e-09,-3.6928227689592546e-16,0.059978710449033135,0.0,0.0,0.0,0.7238619999999997,0.0,0.0,0.0,0.0,0.0,-3.6265999999999963,-0.30000000000018745,-4.119602679510197e-27,-0.7200000000638567,-4.836448619001255e-12,-1.016037118433739e-25,2.6455999989534114,-1.8423862794340625e-16,0.010178606259262523,1.5959978103637695,11535.6,30.4551763916811,67.65085307180381
-0.30000000000040006,-8.56835508439501e-27,-0.12556800010791105,-1.9389973323308854e-16,0.012468763707417785,-1.5108944693641501e-18,-3.5233399097476916e-12,-8.152625031807533e-26,-1.569600000947933,1.2876651150904235e-08,-1.135272430373566e-16,0.05452943801884896,0.0,0.0,0.0,0.7944319999999996,0.0,0.0,0.0,0.0,0.0,-3.430399999999997,-0.30000000000030036,-6.4443661895790956e-27,-0.820000000086377,-6.4535331746147795e-12,-1.30872639163516e-25,2.253199998794547,-1.9162668708131622e-16,0.011378177667137803,1.750009536743164,7486.82,38.14553387855993,86.28870650251955
-0.3000000000004348,-9.644048919534575e-27,-0.1589220001240082,-1.9152233720835943e-16,0.01346026689171307,-1.7019841254291012e-18,4.47679864994193e-14,-2.604313319588122e-26,-1.7658000006617842,1.4308557116470452e-08,1.1899396970660699e-16,0.04957528938137511,0.0,0.0,0.0,0.8610779999999996,0.0,0.0,0.0,0.0,0.0,-3.2341999999999977,-0.30000000000040006,-8.56835508439501e-27,-0.9200000001079106,-3.5233399097476916e-12,-8.152625031807533e-26,1.860799999052064,-1.9389973323308854e-16,0.012468763707417785,1.901005744934082,4319.54,46.83743655593834,114.16778324634987
-0.300000000000388,-9.511773238457979e-27,-0.1962000001338335,-1.8491691773966097e-16,0.014361689192179986,-1.8716659070219604e-18,4.635461040473911e-12,3.9270701303540674e-26,-1.9620000003207496,1.705327136726101e-08,3.303898726337794e-16,0.0450712382620722,0.0,0.0,0.0,0.9237999999999995,0.0,0.0,0.0,0.0,0.0,-3.0379999999999985,-0.3000000000004348,-9.644048919534575e-27,-1.0200000001240077,4.47679864994193e-14,-2.604313319588122e-26,1.4683999993382135,-1.9152233720835943e-16,0.01346026689171307,2.0599992275238037,2033.72,56.530883482171966,151.2878904757742
-0.30000000000022503,-7.822112205531154e-27,-0.23740200013535828,-1.7446753943303633e-16,0.015181214621817622,-2.0189443212086205e-18,1.1659132058573964e-11,1.2969540198914192e-25,-2.158199999831727,2.445364322438921e-08,5.225791337712823e-16,0.04097638720472098,0.0,0.0,0.0,0.9825979999999995,0.0,0.0,0.0,0.0,0.0,-2.841799999999999,-0.300000000000388,-9.511773238457979e-27,-1.120000000133833,4.635461040473911e-12,3.9270701303540674e-26,1.0759999996792489,-1.8491691773966097e-16,0.014361689192179986,2.2120039463043213,629.338,67.22587387950348,197.64885399827708
-0.29999999999964344,-1.2246566969132103e-27,-0.2825280001090442,-1.6052339643590962e-16,0.015926283945262045,-2.1437551500543832e-18,4.6500603144385126e-11,5.300501488726523e-25,-2.354399997536865,1.1475632979491631e-07,6.973061985667115e-16,0.03725357414721646,0.0,0.0,0.0,1.0374719999999995,0.0,0.0,0.0,0.0,0.0,-2.6456,-0.30000000000022503,-7.822112205531154e-27,-1.2200000001353577,1.1659132058573964e-11,1.2969540198914192e-25,0.6836000001682723,-1.7446753943303633e-16,0.015181214621817622,2.352999687194824,106.407,78.92240710510727,253.25051635431208
-0.2999974136469728,2.6063792707088706e-20,-0.33141561861080227,-1.4741805886508218e-16,0.016603661591377838,-2.248065274410096e-18,0.0002586352205631181,2.6063788631243916e-18,-2.5343618526389347,0.8120102245037735,6.553536194945985e-16,0.03386898254938787,0.0,0.0,0.0,1.0884219999999996,0.0,0.0,0.0,0.0,0.0,-2.4494000000000007,-0.29999999999964344,-1.2246566969132103e-27,-1.3200000001090437,4.6500603144385126e-11,5.300501488726523e-25,0.29120000246313493,-1.6052339643590962e-16,0.015926283945262045,2.497999906539917,181.783,91.65345065545674,318.0927350315432
-0.2999863681572617,1.3032295408128255e-19,-0.38371118393974746,-1.3599439372519847e-16,0.01721585165447463,-2.334828820955238e-18,0.0008459137505427687,7.819537274294994e-18,-2.695194680255583,1.7686023991173887,5.712583127256836e-16,0.030609595292658564,0.0,0.0,0.0,1.1354479999999993,0.0,0.0,0.0,0.0,0.0,-2.2532000000000014,-0.2999974136469728,2.6063792707088706e-20,-1.419837618610802,0.0002586352205631181,2.6063788631243916e-18,-0.08496185263893397,-1.4741805886508218e-16,0.016603661591377838,2.6530001163482666,301.108,105.45334761186206,390.97477582363643
-0.2999602170756646,3.596291070076253e-19,-0.43904083370420066,-1.261195999635146e-16,0.01776410727771231,-2.4066925467943536e-18,0.0017691944091667315,1.511107801833928e-17,-2.8377702961897353,2.681616589678731,4.938040237456007e-16,0.027412864791961353,0.0,0.0,0.0,1.1785499999999995,0.0,0.0,0.0,0.0,0.0,-2.057000000000002,-0.2999863681572617,1.3032295408128255e-19,-1.5191591839397467,0.0008459137505427687,7.819537274294994e-18,-0.4419946802555814,-1.3599439372519847e-16,0.01721585165447463,2.8120033740997314,446.173,120.25239159338534,470.9851053332133
-0.29991221210718644,7.51430723802935e-19,-0.4970478322607416,-1.1766612242057041e-16,0.018249417474135783,-2.4658579863667208e-18,0.0030313024386492,2.4069083661191685e-17,-2.9629295594643588,3.5525973565697044,4.227284381081818e-16,0.024265584629826448,0.0,0.0,0.0,1.2177279999999997,0.0,0.0,0.0,0.0,0.0,-1.8608000000000022,-0.2999602170756646,3.596291070076253e-19,-1.6175908337042002,0.0017691944091667315,1.511107801833928e-17,-0.7807702961897331,-1.261195999635146e-16,0.01776410727771231,2.9720723628997803,613.592,135.96293830016648,557.3598368916313
-0.29983558936579335,1.3359199849280118e-18,-0.557391961680738,-1.105127416715827e-16,0.01867259398875196,-2.514146182500042e-18,0.004630971700660111,3.437984245131601e-17,-3.0714833825352827,4.383038692514262,3.5771471366522466e-16,0.02115889148520293,0.0,0.0,0.0,1.2529819999999998,0.0,0.0,0.0,0.0,0.0,-1.664600000000002,-0.29991221210718644,7.51430723802935e-19,-1.7147758322607414,0.0030313024386492,2.4069083661191685e-17,-1.1021295594643565,-1.1766612242057041e-16,0.018249417474135783,3.1249990463256836,800.183,152.4868234467449,649.3149001799021
-0.2997236472143312,2.1378353620345762e-18,-0.6197489326157658,-1.0454531215122101e-16,0.019034344678194152,-2.5530517962678896e-18,0.006563243445551301,4.5811695259340416e-17,-3.164213710967497,5.174385617742849,2.9840907871287465e-16,0.018087591014192834,0.0,0.0,0.0,1.284312,0.0,0.0,0.0,0.0,0.0,-1.468400000000002,-0.29983558936579335,1.3359199849280118e-18,-1.810373961680738,0.004630971700660111,3.437984245131601e-17,-1.4068833825352807,-1.105127416715827e-16,0.01867259398875196,3.279043436050415,1002.96,169.71639122801838,746.0508588424589
-0.2995698164530403,3.177961324469079e-18,-0.6838098144593502,-9.965723697017827e-17,0.019335335181755103,-2.5837889665546215e-18,0.008819832683538704,5.820090098410983e-17,-3.2418744733909386,5.928035728683858,2.444340070656556e-16,0.015049572418917766,0.0,0.0,0.0,1.311718,0.0,0.0,0.0,0.0,0.0,-1.2722000000000018,-0.2997236472143312,2.1378353620345762e-18,-1.9040609326157658,0.006563243445551301,4.5811695259340416e-17,-1.6958137109674951,-1.0454531215122101e-16,0.019034344678194152,3.436105728149414,1219.11,187.5355876427869,846.757666224855
-0.2993677234225905,4.4743642087305946e-18,-0.7492804842187709,-9.57496957073173e-17,0.019576240347813238,-2.6073306917372307e-18,0.011389470361444436,7.143938744204176e-17,-3.305192502551137,6.645340700834223,1.9540057694229923e-16,0.012045296217023176,0.0,0.0,0.0,1.3352,0.0,0.0,0.0,0.0,0.0,-1.0760000000000016,-0.2995698164530403,3.177961324469079e-18,-1.9955278144593502,0.008819832683538704,5.820090098410983e-17,-1.9696744733909368,-9.965723697017827e-17,0.019335335181755103,3.5920469760894775,1446.02,205.82110191237598,950.6193323935586
-0.29911124644567566,6.043400402002473e-18,-0.8158810935266952,-9.273170048415046e-17,0.019757786635577528,-2.624443049959324e-18,0.014258227330037253,8.546423188514613e-17,-3.3548684282412915,7.327607747229302,1.509170629184219e-16,0.00907734300719888,0.0,0.0,0.0,1.354758,0.0,0.0,0.0,0.0,0.0,-0.8798000000000015,-0.2993677234225905,4.4743642087305946e-18,-2.084480484218771,0.011389470361444436,7.143938744204176e-17,-2.229192502551135,-9.57496957073173e-17,0.019576240347813238,3.74904203414917,1681.23,224.44354109139115,1056.8184794048605
-0.29879456592916875,7.900529810256029e-18,-0.883345553237802,-9.051999609502444e-17,0.019880786520303388,-2.6357152325371622e-18,0.01740982432065302,1.002487089402093e-16,-3.3915775428693817,7.976101033761281,1.1059673789640361e-16,0.006150013642213412,0.0,0.0,0.0,1.3703919999999998,0.0,0.0,0.0,0.0,0.0,-0.6836000000000013,-0.29911124644567566,6.043400402002473e-18,-2.1706390935266953,0.014258227330037253,8.546423188514613e-17,-2.47506842824129,-9.273170048415046e-17,0.019757786635577528,3.9010465145111084,1922.45,243.26862466796402,1164.5407652364013
-0.29841220837845506,1.0060964290934288e-17,-0.9514210350702936,-8.903885446802462e-17,0.01994616577982717,-2.641586108880856e-18,0.020825930750717547,1.1579473912761646e-16,-3.4159706403797814,8.592043052471949,7.406316018906597e-17,0.0032689732944212913,0.0,0.0,0.0,1.3821019999999997,0.0,0.0,0.0,0.0,0.0,-0.4874000000000012,-0.29879456592916875,7.900529810256029e-18,-2.253737553237802,0.01740982432065302,1.002487089402093e-16,-2.70797754286938,-9.051999609502444e-17,0.019880786520303388,4.058042287826538,2167.56,262.15838750384336,1272.9791599091345
-0.29795908453017855,1.2540177452012314e-17,-1.0198674897671849,-8.821980658019801e-17,0.019954984419829173,-2.642367854612552e-18,0.024486454076935584,1.32126576980186e-16,-3.4286748293093603,9.176615949168477,4.095330342631071e-17,0.00044093339194995444,0.0,0.0,0.0,1.389888,0.0,0.0,0.0,0.0,0.0,-0.2912000000000013,-0.29841220837845506,1.0060964290934288e-17,-2.3335230350702933,0.020825930750717547,1.1579473912761646e-16,-2.92857064037978,-8.903885446802462e-17,0.01994616577982717,4.2160468101501465,2414.56,280.97238087711986,1381.3380601367041
-0.29743052178369594,1.53542991105335e-17,-1.0884571812627621,-8.8001244977106e-17,0.01990845191846828,-2.638267036906309e-18,0.028369820571330053,1.4928558887193266e-16,-3.430294320248365,9.73096283028634,1.0924028090855676e-17,-0.0023266324127170115,0.0,0.0,0.0,1.3937499999999998,0.0,0.0,0.0,0.0,0.0,-0.09500000000000125,-0.29795908453017855,1.2540177452012314e-17,-2.4097554897671847,0.024486454076935584,1.32126576980186e-16,-3.137474829309359,-8.821980658019801e-17,0.019954984419829173,4.369042158126831,2661.63,299.5688627072008,1488.8372313835237
-0.2968222911006945,1.8520414636424556e-17,-1.156974236354483,-8.832811473150625e-17,0.019807937368770807,-2.6294034562055e-18,0.032453247728814,1.6732596371717317e-16,-3.4214111889237313,10.256189001191883,-1.6352339499397788e-17,-0.005025743354734284,0.0,0.0,0.0,1.393688,0.0,0.0,0.0,0.0,0.0,0.10119999999999876,-0.29743052178369594,1.53542991105335e-17,-2.482207181262762,0.028369820571330053,1.4928558887193266e-16,-3.335294320248364,-8.8001244977106e-17,0.01990845191846828,4.5270466804504395,2907.06,317.80596915134,1594.715568409734
-0.29613062854290756,2.205678676392758e-17,-1.2252142093949239,-8.915144832904728e-17,0.019654975071926498,-2.615826972631494e-18,0.036713008049876567,1.8631124903312941e-16,-3.402586115120363,10.753363185782517,-4.1180203250189864e-17,-0.007648139010983692,0.0,0.0,0.0,1.3897019999999998,0.0,0.0,0.0,0.0,0.0,0.2973999999999988,-0.2968222911006945,1.8520414636424556e-17,-2.550662236354483,0.032453247728814,1.6732596371717317e-16,-3.52261118892373,-8.832811473150625e-17,0.019807937368770807,4.6850426197052,3149.29,335.5428609137046,1698.2346675622248
-0.2953522516264839,2.5983014932359468e-17,-1.292983661527284,-9.042795236307413e-17,0.019451266075376273,-2.5975325058048366e-18,0.04112468359249227,2.0631156781005932e-16,-3.3743590981156975,11.223518704344244,-6.384328807000305e-17,-0.010185482059652114,0.0,0.0,0.0,1.381792,0.0,0.0,0.0,0.0,0.0,0.4935999999999987,-0.29613062854290756,2.205678676392758e-17,-2.6149162093949236,0.036713008049876567,1.8631124903312941e-16,-3.6999861151203617,-8.915144832904728e-17,0.019654975071926498,4.8390419483184814,3386.87,352.6408385154926,1798.6822057540467
-0.29448437068594296,3.0320144816787286e-17,-1.3600997540005508,-9.211961321248126e-17,0.019198676116671327,-2.574473359203793e-18,0.04566341046159675,2.274014206327225e-16,-3.3372501492110023,11.667654614425087,-8.460558983301397e-17,-0.012629537990631618,0.0,0.0,0.0,1.369958,0.0,0.0,0.0,0.0,0.0,0.6897999999999989,-0.2953522516264839,2.5983014932359468e-17,-2.674775661527284,0.04112468359249227,2.0631156781005932e-16,-3.867959098115696,-9.042795236307413e-17,0.019451266075376273,4.998046159744263,3618.49,368.96442167319515,1895.375122760805
-0.2935246954586006,3.5090738859905614e-17,-1.4263898551119367,-9.419326447810731e-17,0.018899230405442956,-2.546573001377074e-18,0.050304112272640616,2.4965798367911016e-16,-3.291759961927609,12.086736815863576,-1.0370946450202042e-16,-0.014972333198807749,0.0,0.0,0.0,1.3542,0.0,0.0,0.0,0.0,0.0,0.885999999999999,-0.29448437068594296,3.0320144816787286e-17,-2.730057754000551,0.04566341046159675,2.274014206327225e-16,-4.027050149211001,-9.211961321248126e-17,0.019198676116671327,5.15204644203186,3842.94,384.38238872237946,1987.6626048966828
-0.2924714371201579,4.031891679340643e-17,-1.4916911603355347,-9.662022456223737e-17,0.01855510565155078,-2.513735421047976e-18,0.055021721571628435,2.7315980967097156e-16,-3.238370560432188,12.481699120746798,-1.213791367987835e-16,-0.01720629267385864,0.0,0.0,0.0,1.334518,0.0,0.0,0.0,0.0,0.0,1.0821999999999992,-0.2935246954586006,3.5090738859905614e-17,-2.780589855111937,0.050304112272640616,2.4965798367911016e-16,-4.177759961927608,-9.419326447810731e-17,0.018899230405442956,5.3100457191467285,4059.13,398.76877273956273,2074.928869411146
-0.2913233060224109,4.603037362474803e-17,-1.5558503252074012,-9.937586235734611e-17,0.01816861972631117,-2.4758541709816124e-18,0.05979138820306956,2.979858734631882e-16,-3.1775459267544446,12.853444289076094,-1.378171073643098e-16,-0.019324358344975666,0.0,0.0,0.0,1.310912,0.0,0.0,0.0,0.0,0.0,1.2783999999999993,-0.2924714371201579,4.031891679340643e-17,-2.8262091603355346,0.055021721571628435,2.7315980967097156e-16,-4.320570560432187,-9.662022456223737e-17,0.01855510565155078,5.466041564941406,4266.07,412.0038116591886,2156.5957500770605
-0.2900795054036132,5.22523811423231e-17,-1.61872311054857,-1.0243928645950946e-16,0.01774221932448009,-2.432820204205553e-18,0.06458867367670172,3.2421487829431894e-16,-3.1097326073624534,13.202845030929266,-1.5321033084893542e-16,-0.021320089041915912,0.0,0.0,0.0,1.283382,0.0,0.0,0.0,0.0,0.0,1.4745999999999995,-0.2913233060224109,4.603037362474803e-17,-2.866762325207401,0.05979138820306956,2.979858734631882e-16,-4.455945926754444,-9.937586235734611e-17,0.01816861972631117,5.6210410594940186,4462.88,423.9748502619201,2232.1250854344808
-0.28873972136001974,5.901377787924449e-17,-1.680174039618839,-1.0579300029788314e-16,0.017278465976489986,-2.3845285913593006e-18,0.06938973068264785,3.519247953978203e-16,-3.0353602996644313,13.530744975924975,-1.6772851360772382e-16,-0.02318774298120359,0.0,0.0,0.0,1.251928,0.0,0.0,0.0,0.0,0.0,1.6707999999999996,-0.2900795054036132,5.22523811423231e-17,-2.90210511054857,0.06458867367670172,3.2421487829431894e-16,-4.584332607362453,-1.0243928645950946e-16,0.01774221932448009,5.778056859970093,4648.77,434.5771924298041,2301.020912024011
-0.2873041093828613,6.634495161837628e-17,-1.7400760668055864,-1.0942258007136268e-16,0.01678002074265786,-2.3308842236591074e-18,0.07417146703319642,3.8119257851535837e-16,-2.9548424190103266,13.83795961081562,-1.8152525593542629e-16,-0.024922343666650665,0.0,0.0,0.0,1.2165500000000002,0.0,0.0,0.0,0.0,0.0,1.8669999999999998,-0.28873972136001974,5.901377787924449e-17,-2.932102039618839,0.06938973068264785,3.519247953978203e-16,-4.706160299664431,-1.0579300029788314e-16,0.017278465976489986,5.931060552597046,4823.04,443.71490252832103,2362.8314657007645
-0.285773277777937,7.427781755427785e-17,-1.7983102574634022,-1.1331642092153658e-16,0.016249627903223294,-2.2718065825390204e-18,0.07891169345923398,4.1209401507479784e-16,-2.8685766467712495,14.125277186057996,-1.94741465699432e-16,-0.026519730097157915,0.0,0.0,0.0,1.177248,0.0,0.0,0.0,0.0,0.0,2.0631999999999997,-0.2873041093828613,6.634495161837628e-17,-2.956626066805587,0.07417146703319642,3.8119257851535837e-16,-4.821842419010326,-1.0942258007136268e-16,0.01678002074265786,6.087061166763306,4985.09,451.30155518952733,2417.15099477485
-0.28414826829481293,8.284579465576032e-17,-1.854765478531904,-1.1746541890087446e-16,0.015690097939829097,-2.207233672137078e-18,0.0835892548531718,4.447036950734477e-16,-2.7769454600789136,14.393459592234274,-2.0750214976840807e-16,-0.02797659219413179,0.0,0.0,0.0,1.1340220000000003,0.0,0.0,0.0,0.0,0.0,2.259399999999999,-0.285773277777937,7.427781755427785e-17,-2.975558257463402,0.07891169345923398,4.1209401507479784e-16,-4.931776646771249,-1.1331642092153658e-16,0.016249627903223294,6.246056795120239,5134.39,457.2609331386758,2463.621389286508
-0.282430534299065,9.208378207675355e-17,-1.9093380995707945,-1.21862786261136e-16,0.015104290085240174,-2.13712519166497e-18,0.0881841447216185,4.790950470258756e-16,-2.680316643810104,14.643243207218083,-2.1992308156833574e-16,-0.02929049238937663,0.0,0.0,0.0,1.086872,0.0,0.0,0.0,0.0,0.0,2.4555999999999982,-0.28414826829481293,8.284579465576032e-17,-2.988787478531904,0.0835892548531718,4.447036950734477e-16,-5.036345460078913,-1.1746541890087446e-16,0.015690097939829097,6.4000563621521,5270.49,461.52767303281587,2501.9336312021296
-0.2806219168240031,1.0202813705529698e-16,-1.9619317038629187,-1.2650379789172561e-16,0.014495094698630216,-2.0614650184013084e-18,0.09267760278456942,5.153404508284678e-16,-2.579043785402322,14.875339714999756,-2.321073599092498e-16,-0.030459874346765878,0.0,0.0,0.0,1.0357980000000002,0.0,0.0,0.0,0.0,0.0,2.6517999999999975,-0.282430534299065,9.208378207675355e-17,-2.9962100995707948,0.0881841447216185,4.790950470258756e-16,-5.135916643810102,-1.21862786261136e-16,0.015104290085240174,6.555061340332031,5393.04,464.04785956752977,2531.829070719262
-0.2787246188378691,1.1271665540702676e-16,-2.0124568092477984,-1.3138560262412697e-16,0.013865415703655551,-1.9802630865862525e-18,0.097052195828826,5.535113843445102e-16,-2.4734667530856673,15.09043689710055,-2.441486534239846e-16,-0.031484059823193654,0.0,0.0,0.0,0.9808000000000002,0.0,0.0,0.0,0.0,0.0,2.8479999999999968,-0.2806219168240031,1.0202813705529698e-16,-2.9977297038629187,0.09267760278456942,5.153404508284678e-16,-5.230843785402319,-1.2650379789172561e-16,0.014495094698630216,6.71312141418457,5501.73,464.77956836053744,2553.100534201658
-0.2767411780587029,1.2418855527227164e-16,-2.0608305983597797,-1.3650708235367863e-16,0.013218153305850983,-1.8935567072998717e-18,0.1012918820877927,5.936786021799742e-16,-2.363912158112465,15.289199397515977,-2.5613359236638967e-16,-0.03236323470299044,0.0,0.0,0.0,0.9218780000000003,0.0,0.0,0.0,0.0,0.0,3.044199999999996,-0.2787246188378691,1.1271665540702676e-16,-2.9932568092477987,0.097052195828826,5.535113843445102e-16,-5.321466753085664,-1.3138560262412697e-16,0.013865415703655551,6.868056535720825,5596.35,463.69335834144294,2565.5932695358592
-0.27467443864208013,1.3648446473837414e-16,-2.1069766579565035,-1.4186865240190278e-16,0.01255618718474437,-1.8014114047077844e-18,0.10538205957448325,6.359123444302757e-16,-2.250693801559923,15.472269462133557,-2.6813883131894474e-16,-0.033098425262684764,0.0,0.0,0.0,0.8590320000000004,0.0,0.0,0.0,0.0,0.0,3.2403999999999953,-0.2767411780587029,1.2418855527227164e-16,-2.98270859835978,0.1012918820877927,5.936786021799742e-16,-5.408112158112461,-1.3650708235367863e-16,0.013218153305850983,7.0250632762908936,5676.74,460.7727145682638,2569.205734914873
-0.2725275220569662,1.4964641361488105e-16,-2.150824727034825,-1.4747212638758412e-16,0.011882360334649351,-1.703921335701841e-18,0.10930959893691282,6.802825432204142e-16,-2.134113106272205,15.640267653569087,-2.802342751062334e-16,-0.03369146573792231,0.0,0.0,0.0,0.7922620000000005,0.0,0.0,0.0,0.0,0.0,3.4365999999999945,-0.27467443864208013,1.3648446473837414e-16,-2.966008657956504,0.10538205957448325,6.359123444302757e-16,-5.491093801559918,-1.4186865240190278e-16,0.01255618718474437,7.187056064605713,5742.81,456.01444255619055,2563.8902372176385
-0.2703037974522664,1.637178293901308e-16,-2.192310453442514,-1.5332062822487763e-16,0.011199463706539393,-1.601209318588179e-18,0.11306286153305604,7.268590343045591e-16,-2.014459534496709,15.793793542358161,-2.9248543542651025e-16,-0.03414495827032219,0.0,0.0,0.0,0.7215680000000005,0.0,0.0,0.0,0.0,0.0,3.632799999999994,-0.2725275220569662,1.4964641361488105e-16,-2.9430867270348253,0.10930959893691282,6.802825432204142e-16,-5.5707131062721995,-1.4747212638758412e-16,0.011882360334649351,7.337056398391724,5794.51,449.42901534465057,2549.6534262701903
-0.2680068518015882,1.7874353751992231e-16,-2.2313751587050343,-1.5941840132973814e-16,0.010510221781922752,-1.4934265455740397e-18,0.11663170353476747,7.757117786745928e-16,-1.8920109917553103,15.933426375426162,-3.049482913042909e-16,-0.03446222630837835,0.0,0.0,0.0,0.6469500000000007,0.0,0.0,0.0,0.0,0.0,3.828999999999993,-0.2703037974522664,1.637178293901308e-16,-2.9138784534425146,0.11306286153305604,7.268590343045591e-16,-5.647259534496703,-1.5332062822487763e-16,0.011199463706539393,7.497055768966675,5831.89,441.04087464743424,2526.556651350391
-0.2656404600965851,1.9476976583896965e-16,-2.2679656107973374,-1.6577078657818343e-16,0.00981727918842657,-1.3807520085127977e-18,0.12000746696553959,8.269110532301409e-16,-1.767034217474976,16.05972572274051,-3.1767772659538025e-16,-0.03464726252295108,0.0,0.0,0.0,0.5684080000000008,0.0,0.0,0.0,0.0,0.0,4.025199999999993,-0.2680068518015882,1.7874353751992231e-16,-2.878325158705035,0.11663170353476747,7.757117786745928e-16,-5.721010991755303,-1.5941840132973814e-16,0.010510221781922752,7.652056455612183,5855,430.88868752940505,2494.7161863370447
-0.2632085558403775,2.1184415293935312e-16,-2.3020338046009265,-1.723841207091061e-16,0.009123188446052881,-1.2633916528386487e-18,0.12318295865522148,8.805276568082086e-16,-1.639785162883928,16.173232103023985,-3.3072355193074745e-16,-0.034704672274565765,0.0,0.0,0.0,0.485942000000001,0.0,0.0,0.0,0.0,0.0,4.221399999999994,-0.2656404600965851,1.9476976583896965e-16,-2.836373610797338,0.12000746696553959,8.269110532301409e-16,-5.792234217474968,-1.6577078657818343e-16,0.00981727918842657,7.8091185092926025,5864,419.0255601340268,2454.3033299100225
-0.26071520207226795,2.300157605166946e-16,-2.333536749796362,-1.792656502807078e-16,0.008430398912977836,-1.1415773231724972e-18,0.12615241815574008,9.366331009259395e-16,-1.5105093566596124,16.274467589378563,-3.4413128197152837e-16,-0.034639613637054256,0.0,0.0,0.0,0.39955200000000113,0.0,0.0,0.0,0.0,0.0,4.417599999999995,-0.2632085558403775,2.1184415293935312e-16,-2.7879758046009275,0.12318295865522148,8.805276568082086e-16,-5.861185162883922,-1.723841207091061e-16,0.009123188446052881,7.962052583694458,5859.05,405.5192100503541,2405.5443871843663
-0.2581645631336534,2.4933508937826117e-16,-2.3624362659508944,-1.864234593173957e-16,0.007741246980501628,-1.0155655280468116e-18,0.1289114757057208,9.952997852307208e-16,-1.3794422587936732,16.363936395635253,-3.579428193883967e-16,-0.03445773494070543,0.0,0.0,0.0,0.30923800000000123,0.0,0.0,0.0,0.0,0.0,4.613799999999996,-0.26071520207226795,2.300157605166946e-16,-2.733088749796363,0.12615241815574008,9.366331009259395e-16,-5.928109356659608,-1.792656502807078e-16,0.008430398912977836,8.118057489395142,5840.39,390.4520989577899,2348.720539111542
-0.25556087736300354,2.6985409881114696e-16,-2.3886987845700025,-1.9386643434759138e-16,0.007057947548476951,-8.85636039335437e-19,0.13145710135925892,1.0566011580578596e-15,-1.2468096031171547,16.442125444208823,-3.721983237760722e-16,-0.03416511074888485,0.0,0.0,0.0,0.2150000000000013,0.0,0.0,0.0,0.0,0.0,4.809999999999997,-0.2581645631336534,2.4933508937826117e-16,-2.6716742659508954,0.1289114757057208,9.952997852307208e-16,-5.99324225879367,-1.864234593173957e-16,0.007741246980501628,8.274056673049927,5808.28,373.92152722334714,2284.1676059081074
-0.25290843088535325,2.9162622910323244e-16,-2.4122951578902425,-2.0160418779370958e-16,0.006382586795385314,-7.520903576928099e-19,0.1337875464057695,1.120611871150681e-15,-1.1128277289068085,16.50950491619687,-3.869341285363275e-16,-0.033768177126029246,0.0,0.0,0.0,0.11683800000000134,0.0,0.0,0.0,0.0,0.0,5.006199999999998,-0.25556087736300354,2.6985409881114696e-16,-2.6036987845700037,0.13145710135925892,1.0566011580578596e-15,-6.056809603117152,-1.9386643434759138e-16,0.007057947548476951,8.432060956954956,5763.04,356.03969215064154,2212.275710679011
-0.2502115326392467,3.14706426937581e-16,-2.4332004741990194,-2.0964704176206162e-16,0.005717116241308793,-6.152500642013345e-19,0.1359022782048802,1.1874079122841764e-15,-0.9777039019709054,16.56652878442211,-4.0218576011653355e-16,-0.03327366699310385,0.0,0.0,0.0,0.014752000000001375,0.0,0.0,0.0,0.0,0.0,5.202399999999999,-0.25290843088535325,2.9162622910323244e-16,-2.529133157890244,0.1337875464057695,1.120611871150681e-15,-6.119027728906806,-2.0160418779370958e-16,0.006382586795385314,8.590056896209717,5705.02,336.93371159369906,2133.488849292049
-0.2474744907617587,3.391511733957543e-16,-2.451393879474636,-2.180059775845508e-16,0.005063348087451712,-4.754550733770207e-19,0.1378019095439218,1.257066733533153e-15,-0.8416366255907793,16.61363533007536,-4.1798622479156885e-16,-0.03268854630017382,0.0,0.0,0.0,-0.09125799999999862,0.0,0.0,0.0,0.0,0.0,5.3986,-0.2502115326392467,3.14706426937581e-16,-2.447952474199021,0.1359022782048802,1.1874079122841764e-15,-6.180103901970904,-2.0964704176206162e-16,0.005717116241308793,8.746062517166138,5634.61,316.7456146529978,2048.3043724342874
-0.244701590430349,3.6501851435333515e-16,-2.4668584051472715,-2.266925979895706e-16,0.004422951802671865,-3.3306181624679106e-19,0.13948812359704543,1.3296673622249284e-15,-0.7048159416727432,16.651247643575356,-4.343666393094352e-16,-0.03201995167584355,0.0,0.0,0.0,-0.2011919999999986,0.0,0.0,0.0,0.0,0.0,5.594800000000001,-0.2474744907617587,3.391511733957543e-16,-2.3601358794746377,0.1378019095439218,1.257066733533153e-15,-6.2402366255907795,-2.180059775845508e-16,0.005063348087451712,8.898119449615479,5552.24,295.6323011670503,1957.2723856425496
-0.24189707323912096,3.9236809294898517e-16,-2.4795808017884418,-2.357191171356001e-16,0.0037974519157300897,-1.884413592488363e-19,0.14096359552575977,1.4052904973400726e-15,-0.5674237224442508,16.679774110221253,-4.513576232241632e-16,-0.0312751301411144,0.0,0.0,0.0,-0.3150499999999986,0.0,0.0,0.0,0.0,0.0,5.791000000000002,-0.244701590430349,3.6501851435333515e-16,-2.265666405147273,0.13948812359704543,1.3296673622249284e-15,-6.299615941672744,-2.266925979895706e-16,0.004422951802671865,9.058055639266968,5458.37,273.7654717012526,1860.9950729506236
-0.2390651181667415,4.212611839181504e-16,-2.4895513785429695,-2.4509837778665344e-16,0.0031882269616843825,-4.197745996610858e-20,0.14223191171218774,1.4840185995764522e-15,-0.4296339530085208,16.699608881174502,-4.689906552101167e-16,-0.030461381401817367,0.0,0.0,0.0,-0.43283199999999866,0.0,0.0,0.0,0.0,0.0,5.987200000000003,-0.24189707323912096,3.9236809294898517e-16,-2.1645308017884433,0.14096359552575977,1.4052904973400726e-15,-6.358423722444253,-2.357191171356001e-16,0.0037974519157300897,9.212050914764404,5353.49,251.33152971757687,1760.1259496374503
-0.23620982417401892,4.517607297474032e-16,-2.4967638481235883,-2.548436935729765e-16,0.0025965095220422873,1.0593537779692017e-19,0.14329748756007243,1.56593598334883e-15,-0.2916130050533853,16.711132330269912,-4.872893265280899e-16,-0.029586003160251447,0.0,0.0,0.0,-0.5545379999999988,0.0,0.0,0.0,0.0,0.0,6.183400000000004,-0.2390651181667415,4.212611839181504e-16,-2.056719378542971,0.14223191171218774,1.4840185995764522e-15,-6.416833953008524,-2.4509837778665344e-16,0.0031882269616843825,9.369046926498413,5238.11,228.5314575847918,1655.3690493949352
-0.2333351944510586,4.839313780968823e-16,-2.501215177194053,-2.6496900549161785e-16,0.002023387287068768,2.5489388109681126e-19,0.14416548473596136,1.6511288515990833e-15,-0.15351990199312648,16.714711497117904,-5.062850523883224e-16,-0.028656240006890998,0.0,0.0,0.0,-0.6801679999999989,0.0,0.0,0.0,0.0,0.0,6.379600000000005,-0.23620982417401892,4.517607297474032e-16,-1.9422258481235897,0.14329748756007243,1.56593598334883e-15,-6.475013005053389,-2.548436935729765e-16,0.0025965095220422873,9.521054744720459,5112.8,205.5806680600218,1547.478051062831
-0.23044512231715691,5.178395203919772e-16,-2.5029054419720445,-2.754887685650265e-16,0.001469805086343495,4.0448800934307763e-19,0.14484172865420675,1.739685377910405e-15,-0.015506575806053094,16.71070051694902,-5.260035791513679e-16,-0.027679235007331878,0.0,0.0,0.0,-0.8097219999999989,0.0,0.0,0.0,0.0,0.0,6.575800000000006,-0.2333351944510586,4.839313780968823e-16,-1.8210471771940542,0.14416548473596136,1.6511288515990833e-15,-6.533119901993132,-2.6496900549161785e-16,0.002023387287068768,9.677109003067017,4978.12,182.7088328393324,1437.2553499027229
-0.2275433787611651,5.535533316252424e-16,-2.501837688888278,-2.864179268875218e-16,0.0009365677687360686,5.543029255228551e-19,0.1453326269449785,1.831695745416111e-15,0.12228188418267916,16.699441037559975,-5.464694031603482e-16,-0.02666198723079052,0.0,0.0,0.0,-0.943199999999999,0.0,0.0,0.0,0.0,0.0,6.772000000000007,-0.23044512231715691,5.178395203919772e-16,-1.6931834419720455,0.14484172865420675,1.739685377910405e-15,-6.591306575806059,-2.754887685650265e-16,0.001469805086343495,9.83505392074585,4834.68,160.15968973814364,1325.551078204477
-0.22463360159613927,5.911428107972689e-16,-2.498017800143077,-2.97771999483672e-16,0.00042434389190341445,7.039209729714986e-19,0.14564508955760402,1.9272521717865423e-15,0.25970699033742606,16.68126262379818,-5.677113108605296e-16,-0.02561131127336924,0.0,0.0,0.0,-1.080601999999999,0.0,0.0,0.0,0.0,0.0,6.968200000000008,-0.2275433787611651,5.535533316252424e-16,-1.558637688888279,0.1453326269449785,1.831695745416111e-15,-6.649718115817328,-2.864179268875218e-16,0.0009365677687360686,9.991057395935059,4683.09,138.19083002256892,1213.2620798390622
-0.22171928618965256,6.306798220864554e-16,-2.491454364006279,-3.0956695195932393e-16,-6.632988362473247e-05,8.529236220289532e-19,0.14578645109106658,2.0264489571320976e-15,0.3966366233423775,16.65648314989518,-5.897516679563972e-16,-0.024533802028037847,0.0,0.0,0.0,-1.2219279999999992,0.0,0.0,0.0,0.0,0.0,7.164400000000009,-0.22463360159613927,5.911428107972689e-16,-1.417415800143078,0.14564508955760402,1.9272521717865423e-15,-6.7084930096625826,-2.97771999483672e-16,0.00042434389190341445,10.146053075790405,4524.02,117.0734673702383,1101.3308431897462
-0.2188037777201223,6.72238136489969e-16,-2.482158549710745,-3.218193044903866e-16,-0.0005350437758573158,1.0008933822449732e-18,0.14576439586196033,2.1293824832192603e-15,0.532944806210937,16.625409180000993,-6.12618236006456e-16,-0.023435803458891232,0.0,0.0,0.0,-1.3671779999999996,0.0,0.0,0.0,0.0,0.0,7.3606000000000105,-0.22171928618965256,6.306798220864554e-16,-1.2695263640062797,0.14578645109106658,2.0264489571320976e-15,-6.767763376657632,-3.0956695195932393e-16,-6.632988362473247e-05,10.30305814743042,4358.11,97.0921898948207,990.7443967134615
-0.21589026490002022,7.158934737502115e-16,-2.4701439867939574,-3.345460449461013e-16,-0.0009815093225766652,1.1474156804438721e-18,0.14558688614824833,2.2361512428049823e-15,0.668511485467868,16.588336337233287,-6.3633442883625555e-16,-0.02232338159175692,0.0,0.0,0.0,-1.516352,0.0,0.0,0.0,0.0,0.0,7.5568000000000115,-0.2188037777201223,6.72238136489969e-16,-1.1149805497107454,0.14576439586196033,2.1293824832192603e-15,-6.827655193789074,-3.218193044903866e-16,-0.0005350437758573158,10.462052583694458,4186.05,78.54469662237389,882.5331712038828
-0.21298177509878177,7.617235445197405e-16,-2.4554266487462235,-3.4776465555446637e-16,-0.0014055533656279961,1.2920806764275997e-18,0.14526209397559775,2.3468558341479233e-15,0.8032223193054515,16.545549661543447,-6.609249894844496e-16,-0.021202301666429377,0.0,0.0,0.0,-1.6694499999999999,0.0,0.0,0.0,0.0,0.0,7.7530000000000125,-0.21589026490002022,7.158934737502115e-16,-0.9537919867939575,0.14558688614824833,2.2361512428049823e-15,-6.888288514532143,-3.345460449461013e-16,-0.0009815093225766652,10.61705732345581,4008.56,61.74151976037918,777.7698326493519
-0.2100811707915851,8.098080924472552e-16,-2.4380247408279554,-3.61493132247277e-16,-0.0018071116595532793,1.4344850328055072e-18,0.1447983367440725,2.4615989586035346e-15,0.9369684725214127,16.497323956689183,-6.864156240701703e-16,-0.020078009353439015,0.0,0.0,0.0,-1.8264720000000003,0.0,0.0,0.0,0.0,0.0,7.949200000000014,-0.21298177509878177,7.617235445197405e-16,-0.7859766487462236,0.14526209397559775,2.3468558341479233e-15,-6.949777680694561,-3.4776465555446637e-16,-0.0014055533656279961,10.773101091384888,3826.34,47.00573405216219,677.5680894024715
-0.20719114725487248,8.602289362216887e-16,-2.417958591922221,-3.757499348648582e-16,-0.002186222183172908,1.5742336131387895e-18,0.14420401692718676,2.5804854188398257e-15,1.0696464180519911,16.443924126593004,-7.128295447225525e-16,-0.01895561590105425,0.0,0.0,0.0,-1.9874180000000004,0.0,0.0,0.0,0.0,0.0,8.145400000000013,-0.2100811707915851,8.098080924472552e-16,-0.6115527408279551,0.1447983367440725,2.4615989586035346e-15,-7.012231527478601,-3.61493132247277e-16,-0.0018071116595532793,10.931056499481201,3640.13,34.67265446068814,583.081477204531
-0.20431423142546787,9.130700113598456e-16,-2.3952505502925177,-3.905540154166129e-16,-0.002543018229391531,1.7109411044396419e-18,0.14348756601327228,2.7036220949758403e-15,1.201157744918387,16.38560550135741,-7.401913724188559e-16,-0.0178398870461642,0.0,0.0,0.0,-2.1522880000000004,0.0,0.0,0.0,0.0,0.0,8.34160000000001,-0.20719114725487248,8.602289362216887e-16,-0.4305405919222207,0.14420401692718676,2.5804854188398257e-15,-7.075753581948022,-3.757499348648582e-16,-0.002186222183172908,11.08505654335022,3450.68,25.089523376713103,495.5021254372499
-0.2014527818373232,9.684174115555135e-16,-2.3699248831192437,-4.0592483436780693e-16,-0.0028777213446377664,1.8442335695326403e-18,0.14265739280119494,2.8311179245909406e-15,1.3314089724090297,16.322614153200885,-7.6852653838334595e-16,-0.016735235495711605,0.0,0.0,0.0,-2.3210820000000005,0.0,0.0,0.0,0.0,0.0,8.537800000000008,-0.20431423142546787,9.130700113598456e-16,-0.24296255029251723,0.14348756601327228,2.7036220949758403e-15,-7.140442255081624,-3.905540154166129e-16,-0.002543018229391531,11.241052389144897,3258.74,18.615188497233714,416.0595078071328
-0.1986089895482214,1.0263594296280462e-15,-2.342007679691915,-4.218822909329599e-16,-0.0031906341850399004,1.9737499046241716e-18,0.14172183610898548,2.9630838826623268e-15,1.460311370323834,16.255187202573232,-7.978569845444512e-16,-0.015645716763291854,0.0,0.0,0.0,-2.4938000000000007,0.0,0.0,0.0,0.0,0.0,8.734000000000005,-0.2014527818373232,9.684174115555135e-16,-0.04884288311924312,0.14265739280119494,2.8311179245909406e-15,-7.206391027590978,-4.0592483436780693e-16,-0.0028777213446377664,11.396056652069092,3065.09,15.619772471305215,346.0191805041258
-0.19578487996808033,1.0869865977907905e-15,-2.311526758137578,-4.3844680783443436e-16,-0.0034821333517855275,2.0991432097935e-18,0.14068912190512084,3.099632933612099e-15,1.5877807851099013,16.18355311470429,-8.282088870260082e-16,-0.014575028128208267,0.0,0.0,0.0,-2.670442000000001,0.0,0.0,0.0,0.0,0.0,8.930200000000003,-0.1986089895482214,1.0263594296280462e-15,0.15179232030808576,0.14172183610898548,2.9630838826623268e-15,-7.273688629676172,-4.218822909329599e-16,-0.0031906341850399004,11.556052207946777,2870.52,16.484335361791178,286.68151071665267
-0.1929823155007477,1.1503917271869938e-15,-2.2785115755692673,-4.55639280330424e-16,-0.003752662263201803,2.2200820687724494e-18,0.13956732482814305,3.240880006008235e-15,1.7137374717211504,16.107931986836537,-8.596058698208632e-16,-0.013526510471414404,0.0,0.0,0.0,-2.851008000000001,0.0,0.0,0.0,0.0,0.0,9.1264,-0.19578487996808033,1.0869865977907905e-15,0.3589152418624231,0.14068912190512084,3.099632933612099e-15,-7.342419214890102,-4.3844680783443436e-16,-0.0034821333517855275,11.708056688308716,2675.81,21.600530923623033,239.38039822953388
-0.1902029989122557,1.2166699467055127e-15,-2.242993141541684,-4.734810446097018e-16,-0.004002724116008357,2.3362517168287754e-18,0.13836433402106085,3.386941945843641e-15,1.838105931037178,16.02853582638893,-8.920699734061094e-16,-0.01250315273410687,0.0,0.0,0.0,-3.035498000000001,0.0,0.0,0.0,0.0,0.0,9.322599999999998,-0.1929823155007477,1.1503917271869938e-15,0.5724964244307338,0.13956732482814305,3.240880006008235e-15,-7.41266252827885,-4.55639280330424e-16,-0.003752662263201803,11.863100290298462,2481.77,31.370257651827252,205.48199267999107
-0.1874484773403198,1.2859187407162648e-15,-2.205003934704519,-4.919939536563338e-16,-0.004232874983014193,2.447355112493691e-18,0.13708782317252477,3.537937455231577e-15,1.9608147526793192,15.945568820296536,-9.25627028564143e-16,-0.011507598739927828,0.0,0.0,0.0,-3.223912000000001,0.0,0.0,0.0,0.0,0.0,9.518799999999995,-0.1902029989122557,1.2166699467055127e-15,0.792504858458317,0.13836433402106085,3.386941945843641e-15,-7.48449406896282,-4.734810446097018e-16,-0.004002724116008357,12.021056890487671,2289.21,46.20530550604006,186.38340889996616
-0.1847201468623245,1.3582379857800978e-15,-2.164577822547081,-5.112003389161783e-16,-0.004443717089323851,2.553113906371362e-18,0.13574522462700667,3.693987051151715e-15,2.0817964630645425,15.859227595768216,-9.603009467614632e-16,-0.010542156120465166,0.0,0.0,0.0,-3.416250000000001,0.0,0.0,0.0,0.0,0.0,9.714999999999993,-0.1874484773403198,1.2859187407162648e-15,1.018908065295482,0.13708782317252477,3.537937455231577e-15,-7.557985247320676,-4.919939536563338e-16,-0.004232874983014193,12.177052021026611,2098.94,66.52699917257698,183.5114426304371
-0.1820192575420444,1.4337299863682914e-15,-2.1217499841310317,-5.311229991810507e-16,-0.004635892303950071,2.6532692939124376e-18,0.1343437074010001,3.855213007667638e-15,2.2009873785404293,15.76970147270174,-9.961150813706448e-16,-0.00960880708564781,0.0,0.0,0.0,-3.612512000000001,0.0,0.0,0.0,0.0,0.0,9.91119999999999,-0.1847201468623245,1.3582379857800978e-15,1.25167217745292,0.13574522462700667,3.693987051151715e-15,-7.633203536935451,-5.112003389161783e-16,-0.004443717089323851,12.333116054534912,1911.78,92.76583868043846,198.32128875533445
-0.17934691887882032,1.5124995093525585e-15,-2.076556835711156,-5.517851482086358e-16,-0.00481007587865696,2.7475827517923173e-18,0.13289015892140843,4.021739290759062e-15,2.3183274634471545,15.677172707993197,-1.0330901647866541e-15,-0.008709220785362477,0.0,0.0,0.0,-3.812698000000001,0.0,0.0,0.0,0.0,0.0,10.107399999999988,-0.1820192575420444,1.4337299863682914e-15,1.4907620158689694,0.1343437074010001,3.855213007667638e-15,-7.710212621459561,-5.311229991810507e-16,-0.004635892303950071,12.48905634880066,1728.57,125.36113814398885,232.29526406907883
-0.1767041055867506,1.594653816992749e-15,-2.029035959147133,-5.732105609278362e-16,-0.004966970460928138,2.8358366721516534e-18,0.13139117028556913,4.1936914732599845e-15,2.4337601929551482,15.581816731974268,-1.0712542380825697e-15,-0.007844767015814675,0.0,0.0,0.0,-4.016808,0.0,0.0,0.0,0.0,0.0,10.303599999999985,-0.17934691887882032,1.5124995093525585e-15,1.7361411642888451,0.13289015892140843,4.021739290759062e-15,-7.789072536552833,-5.517851482086358e-16,-0.00481007587865696,12.644055366516113,1550.13,164.76066336249204,286.9415364626824
-0.1740916636355997,1.6803026986478425e-15,-1.9792260330122826,-5.954234047542697e-16,-0.005107300403211105,2.9178348808185573e-18,0.129853024829524,4.3711966922493875e-15,2.547232420529914,15.483802377207116,-1.110626906775233e-15,-0.007016531033464965,0.0,0.0,0.0,-4.224842,0.0,0.0,0.0,0.0,0.0,10.499799999999983,-0.1767041055867506,1.594653816992749e-15,1.987772040852867,0.13139117028556913,4.1936914732599845e-15,-7.869839807044837,-5.732105609278362e-16,-0.004966970460928138,12.799055576324463,1377.31,211.42026896527972,363.79286228877334
-0.17151031648948564,1.7695585010755893e-15,-1.9271667663081402,-6.184483247884519e-16,-0.005231806382303659,2.9934030346095807e-18,0.12828168978188037,4.554383550525303e-15,2.65869424988432,15.383292100159494,-1.1512320353466576e-15,-0.006225329062265307,0.0,0.0,0.0,-4.4368,0.0,0.0,0.0,0.0,0.0,10.69599999999998,-0.1740916636355997,1.6803026986478425e-15,2.2456159669877174,0.129853024829524,4.3711966922493875e-15,-7.9525675794700685,-5.954234047542697e-16,-0.005107300403211105,12.962052583694458,1210.95,265.8035357515502,464.40533354579304
-0.16896067148390684,1.8625361570006297e-15,-1.8728988346968016,-6.423104569982812e-16,-0.0053412403613521675,3.06238892361423e-18,0.1266828107759972,4.743382041978744e-15,2.7680989112495027,15.28044219437085,-1.1930941467475946e-15,-0.005471725424395279,0.0,0.0,0.0,-4.652681999999999,0.0,0.0,0.0,0.0,0.0,10.892199999999978,-0.17151031648948564,1.7695585010755893e-15,2.5096332336918596,0.12828168978188037,4.554383550525303e-15,-8.03730575011566,-6.184483247884519e-16,-0.005231806382303659,13.115092992782593,1051.88,328.38140883183644,590.3571364060492
-0.16644322628630603,1.959353212202853e-15,-1.8164638191655769,-6.670353163449482e-16,-0.00543636086500238,3.1246626424835254e-18,0.12506170898408508,4.9383234782435605e-15,2.8754026418729435,15.17540299904466,-1.2362321698362135e-15,-0.004756048198024427,0.0,0.0,0.0,-4.872487999999999,0.0,0.0,0.0,0.0,0.0,11.088399999999975,-0.16896067148390684,1.8625361570006297e-15,2.779783165303197,0.1266828107759972,4.743382041978744e-15,-8.124101088750475,-6.423104569982812e-16,-0.0053412403613521675,13.272052764892578,900.956,399.63183714855626,743.2473225006801
-0.16395837538997524,2.0601298507748376e-15,-1.7579041470412236,-6.926489227213451e-16,-0.005517928612778128,3.1801166647852644e-18,0.12342338064899533,5.139340378954913e-15,2.980564570562363,15.06831909862044,-1.2806713303301295e-15,-0.004078407128852814,0.0,0.0,0.0,-5.096217999999999,0.0,0.0,0.0,0.0,0.0,11.284599999999973,-0.16644322628630603,1.959353212202853e-15,3.056024180834422,0.12506170898408508,4.9383234782435605e-15,-8.212997358127032,-6.670353163449482e-16,-0.00543636086500238,13.432130813598633,759.021,480.03941490357585,924.6945942679921
-0.1615064165956933,2.1649889185488548e-15,-1.6972630352739742,-7.191777289123324e-16,-0.005586702492912854,3.2286658115706054e-18,0.12177249877919849,5.346566398446824e-15,3.083546606162587,14.959329516796686,-1.326433252101063e-15,-0.003438710652889047,0.0,0.0,0.0,-5.323871999999998,0.0,0.0,0.0,0.0,0.0,11.48079999999997,-0.16395837538997524,2.0601298507748376e-15,3.338313852958775,0.12342338064899533,5.139340378954913e-15,-8.30403542943761,-6.926489227213451e-16,-0.005517928612778128,13.586051940917969,626.923,570.0950253976497,1136.3361055689434
-0.1590875574400706,2.2740559448201224e-15,-1.6345844359140518,-7.466485935267134e-16,-0.005643435879844618,3.2702471130346233e-18,0.12011341678306825,5.56013622867996e-15,3.184313329829644,14.848567903893624,-1.3735382059975177e-15,-0.0028366830797583713,0.0,0.0,0.0,-5.555449999999998,0.0,0.0,0.0,0.0,0.0,11.676999999999968,-0.1615064165956933,2.1649889185488548e-15,3.6266089647260236,0.12177249877919849,5.346566398446824e-15,-8.397253393837383,-7.191777289123324e-16,-0.005586702492912854,13.741054773330688,505.51,670.2954877453677,1379.8262786746998
-0.1567019215340055,2.387459162035012e-15,-1.5699129837060481,-7.750888177020899e-16,-0.005688873291729364,3.304819572777108e-18,0.11845017382343942,5.780185492809024e-15,3.2828318909707264,14.736162717801804,-1.4220082987038168e-15,-0.0022718815937421027,0.0,0.0,0.0,-5.790951999999996,0.0,0.0,0.0,0.0,0.0,11.873199999999965,-0.1590875574400706,2.2740559448201224e-15,3.920865564085946,0.12011341678306825,5.56013622867996e-15,-8.492686670170324,-7.466485935267134e-16,-0.005643435879844618,13.896054029464722,395.629,781.1432068985062,1656.8356386368032
-0.15434955477896004,2.505329523449274e-15,-1.5032939457291983,-8.045260822536905e-16,-0.005723747381845393,3.3323638374072024e-18,0.11678650168110882,6.006850648617175e-15,3.3790719067142874,14.622237398316615,-1.4718624950887843e-15,-0.0017437129484607786,0.0,0.0,0.0,-6.030377999999996,0.0,0.0,0.0,0.0,0.0,12.069399999999963,-0.1567019215340055,2.387459162035012e-15,4.221039016293949,0.11845017382343942,5.780185492809024e-15,-8.590368109029239,-7.750888177020899e-16,-0.005688873291729364,14.051066637039185,298.128,903.1458273783528,1969.049665959512
-0.15203043143289877,2.62780071866157e-15,-1.4347731730145181,-8.349885305565577e-16,-0.0057487762555834265,3.3528817770919064e-18,0.11512583292501671,6.240268872612417e-15,3.4730053647537016,14.50691053383059,-1.5231239050564843e-15,-0.00125144974626365,0.0,0.0,0.0,-6.273727999999996,0.0,0.0,0.0,0.0,0.0,12.26559999999996,-0.15434955477896004,2.505329523449274e-15,4.527084054270798,0.11678650168110882,6.006850648617175e-15,-8.690328093285675,-8.045260822536905e-16,-0.005723747381845393,14.20910930633545,213.852,1036.81589108589,2318.16766840583
-0.14974446000167405,2.7550091870643775e-15,-1.3643970540740011,-8.665047044704811e-16,-0.005764661102833459,3.3663959810879073e-18,0.11347131019745638,6.4805779676683185e-15,3.564606529297997,14.390296014893941,-1.5758124357705528e-15,-0.00079424620817917,0.0,0.0,0.0,-6.521001999999995,0.0,0.0,0.0,0.0,0.0,12.461799999999958,-0.15203043143289877,2.62780071866157e-15,4.838954826985478,0.11512583292501671,6.240268872612417e-15,-8.792594635246259,-8.349885305565577e-16,-0.0057487762555834265,14.362051248550415,143.647,1182.6704995228695,2705.901672680932
-0.14749148893527206,2.8870941292383278e-15,-1.2922124702985314,-8.991035084104065e-16,-0.005772084133989075,3.3729491724998493e-18,0.11182579644274332,6.727916249726695e-15,3.6538518482489764,14.272503093934068,-1.6299461990323865e-15,-0.0003711533548816988,0.0,0.0,0.0,-6.7721999999999944,0.0,0.0,0.0,0.0,0.0,12.657999999999955,-0.14974446000167405,2.7550091870643775e-15,5.156604945925993,0.11347131019745638,6.4805779676683185e-15,-8.89719347070196,-8.665047044704811e-16,-0.005764661102833459,14.519050598144531,88.3531,1341.230980620809,3133.9753366351715
-0.1452713121121593,3.024197516020803e-15,-1.2182667531310476,-9.328142205875818e-16,-0.005771706806509723,3.37260355029317e-18,0.11019188586853407,6.9824224285208345e-15,3.740719868499392,14.153636789907978,-1.6855438699028173e-15,1.8866465317852055e-05,0.0,0.0,0.0,-7.027321999999993,0.0,0.0,0.0,0.0,0.0,12.854199999999953,-0.14749148893527206,2.8870941292383278e-15,5.479987529701463,0.11182579644274332,6.727916249726695e-15,-9.004148151750979,-8.991035084104065e-16,-0.005772084133989075,14.676054239273071,48.8117,1513.0225610799657,3604.1228822651888
-0.14308367409613076,3.1664640948687e-15,-1.1426076432927932,-9.676665159146176e-16,-0.005764168327593636,3.3654400641508605e-18,0.10857191573432118,7.244235456268903e-15,3.8251911153260316,14.033796091797118,-1.7426252699519039e-15,0.0003769257708573829,0.0,0.0,0.0,-7.286367999999992,0.0,0.0,0.0,0.0,0.0,13.05039999999995,-0.1452713121121593,3.024197516020803e-15,5.809055246868946,0.11019188586853407,6.9824224285208345e-15,-9.11348013150056,-9.328142205875818e-16,-0.005771706806509723,14.837050437927246,25.8598,1698.574040887689,4118.088051006247
-0.14092813172129892,3.314017314814199e-15,-1.0653081354191738,-1.003828138938637e-15,-0.005750084415559208,3.3515566554246103e-18,0.10698232174885819,7.511086538281004e-15,3.9047596720359206,13.788656903311304,-1.8080939022982936e-15,0.0007041990114264456,0.0,0.0,0.0,-7.549337999999992,0.0,0.0,0.0,0.0,0.0,13.246599999999948,-0.14308367409613076,3.1664640948687e-15,6.143760356707199,0.10857191573432118,7.244235456268903e-15,-9.225208884673918,-9.676665159146176e-16,-0.005764168327593636,14.998050212860107,19.9755,1898.2451474069094,4677.6230739183775
-0.13880385877288948,3.4669228543837807e-15,-0.9865013608581216,-1.0414847153953312e-15,-0.005730248526579979,3.33127102187183e-18,0.10544497309208362,7.779467418677141e-15,3.975917784069292,13.368126599391324,-1.8828437616222934e-15,0.000991799251256525,0.0,0.0,0.0,-7.8162319999999905,0.0,0.0,0.0,0.0,0.0,13.442799999999945,-0.14092813172129892,3.314017314814199e-15,6.484029864580818,0.10698232174885819,7.511086538281004e-15,-9.341840327964027,-1.003828138938637e-15,-0.005750084415559208,15.165053844451904,28.7002,2112.4969489373398,5283.964656799941
-0.1367098126427651,3.62521179231409e-15,-0.9063529414861973,-1.0805596995440915e-15,-0.005705694584930894,3.305218318603896e-18,0.10395963992035506,8.049426374353744e-15,4.038924153123143,12.96053123648027,-1.953766116002185e-15,0.0012277030270779862,0.0,0.0,0.0,-8.08704999999999,0.0,0.0,0.0,0.0,0.0,13.638999999999943,-0.13880385877288948,3.4669228543837807e-15,6.829730639141869,0.10544497309208362,7.779467418677141e-15,-9.466882215930653,-1.0414847153953312e-15,-0.005730248526579979,15.323112964630127,51.4195,2342.071289345966,5937.86840287496
-0.13464495882186595,3.7889158410498516e-15,-0.8250233863178595,-1.1209850307339946e-15,-0.00567736676437209,3.2740353315071716e-18,0.1025257421695614,8.320978499222467e-15,4.094031363710619,12.56556506449449,-2.0212852206487164e-15,0.0014163978863680506,0.0,0.0,0.0,-8.36179199999999,0.0,0.0,0.0,0.0,0.0,13.83519999999994,-0.1367098126427651,3.62521179231409e-15,7.180697058513793,0.10395963992035506,8.049426374353744e-15,-9.600075846876798,-1.0805596995440915e-15,-0.005705694584930894,15.50110149383545,88.1114,2587.410523803022,6640.604287078169
-0.13260827699337058,3.958066682316942e-15,-0.7426682657104768,-1.1626981436774846e-15,-0.005646122621065024,3.238358897515184e-18,0.10114244067997524,8.594105627486568e-15,4.1414806970276485,12.182663004126411,-2.0856758459134133e-15,0.0015622147300291774,0.0,0.0,0.0,-8.64045799999999,0.0,0.0,0.0,0.0,0.0,14.031399999999937,-0.13464495882186595,3.7889158410498516e-15,7.536768613682131,0.1025257421695614,8.320978499222467e-15,-9.74116863628932,-1.1209850307339946e-15,-0.00567736676437209,15.668093204498291,138.755,2848.945888622447,7393.40877205135
-0.13059876609335902,4.132695424179082e-15,-0.6594383630363984,-1.2056433046308157e-15,-0.005612737275429882,3.198824322166907e-18,0.09980864932118211,8.86876855872739e-15,4.181509570380199,11.811631936866805,-2.1472795732730542e-15,0.001669275365073062,0.0,0.0,0.0,-8.923047999999989,0.0,0.0,0.0,0.0,0.0,14.227599999999935,-0.13260827699337058,3.958066682316942e-15,7.897789734289513,0.10114244067997524,8.594105627486568e-15,-9.889919302972288,-1.1626981436774846e-15,-0.005646122621065024,15.839046001434326,203.33,3127.098218526179,8197.483681844702
-0.12861544906419742,4.31283229096622e-15,-0.5754796987932967,-1.2497724523445784e-15,-0.005577907274227238,3.1560625859022575e-18,0.09852305359497454,9.144918119986448e-15,4.21435685392997,11.452544570738363,-2.2064800336944316e-15,0.0017415084934875496,0.0,0.0,0.0,-9.209561999999988,0.0,0.0,0.0,0.0,0.0,14.423799999999932,-0.13059876609335902,4.132695424179082e-15,8.26360963696359,0.09980864932118211,8.86876855872739e-15,-10.046090429619735,-1.2056433046308157e-15,-0.005612737275429882,16.010042190551758,281.82,3422.277722130958,9053.998049819038
-0.12665737661523246,4.4985063936391515e-15,-0.4909335684563674,-1.295042234924171e-15,-0.005542254370704595,3.1106968684131595e-18,0.09728419130152177,9.42249214730676e-15,4.240256179762965,11.105139048572648,-2.2635127020728487e-15,0.0017826538090151946,0.0,0.0,0.0,-9.499999999999986,0.0,0.0,0.0,0.0,0.0,14.61999999999993,-0.12861544906419742,4.31283229096622e-15,8.634082301206691,0.09852305359497454,9.144918119986448e-15,-10.209443146069962,-1.2497724523445784e-15,-0.005577907274227238,16.18204140663147,374.208,3734.88337404702,9964.0904215894
-0.1247236288187655,4.68974527056359e-15,-0.405936825313265,-1.3414074884806388e-15,-0.005506330020662173,3.0633397744338587e-18,0.09609058834517498,9.701395545137103e-15,4.259418134547274,10.768263120918833,-2.31828698540226e-15,0.0017962262010197566,0.0,0.0,0.0,-9.794361999999985,0.0,0.0,0.0,0.0,0.0,14.816199999999927,-0.12665737661523246,4.4985063936391515e-15,9.00906643154362,0.09728419130152177,9.42249214730676e-15,-10.379743820236964,-1.295042234924171e-15,-0.005542254370704595,16.35211443901062,480.483,4065.3025205277663,10928.868170205444
-0.12281331625213189,4.886574502360215e-15,-0.3206221235636018,-1.388827706264025e-15,-0.005470621448712464,3.014592640278833e-18,0.09494066831818554,9.981527634525376e-15,4.272052040419047,10.44185358996784,-2.3710357492319287e-15,0.0017854372444199111,0.0,0.0,0.0,-10.092647999999983,0.0,0.0,0.0,0.0,0.0,15.012399999999925,-0.1247236288187655,4.68974527056359e-15,9.38842517468672,0.09609058834517498,9.701395545137103e-15,-10.556781865452653,-1.3414074884806388e-15,-0.005506330020662173,16.51904535293579,600.632,4413.9130522283385,11949.402102892676
-0.1209255812343072,5.08901749813029e-15,-0.23511804078765386,-1.4372633910702097e-15,-0.005435555770067372,2.965042502446966e-18,0.09383283346428262,1.026277194248201e-14,4.278356237175749,10.125361351840759,-2.4218094793431375e-15,0.0017532924237833839,0.0,0.0,0.0,-10.394857999999982,0.0,0.0,0.0,0.0,0.0,15.208599999999922,-0.12281331625213189,4.886574502360215e-15,9.77202587643638,0.09494066831818554,9.981527634525376e-15,-10.740347959580877,-1.388827706264025e-15,-0.005470621448712464,16.679044485092163,734.645,4781.081609888278,13026.73243864805
-0.11905959844150756,5.2970952933459355e-15,-0.14954922147149696,-1.4866780375426988e-15,-0.005401504991075525,2.9152605299546623e-18,0.09276544581568036,1.0545007579082456e-14,4.278525694439941,9.81861790969403,-2.470757777291797e-15,0.0017025471956044317,0.0,0.0,0.0,-10.70099199999998,0.0,0.0,0.0,0.0,0.0,15.40479999999992,-0.1209255812343072,5.08901749813029e-15,10.159739959212327,0.09383283346428262,1.026277194248201e-14,-10.930243762824173,-1.4372633910702097e-15,-0.005435555770067372,16.849045753479004,882.508,5167.164610092693,14161.866273649995
-0.11721457525530095,5.510826411753836e-15,-0.06403649198153813,-1.537036255607075e-15,-0.005368790158739426,2.8657996597142415e-18,0.09173687280498272,1.08281042617076e-14,4.272747254555941,9.521216902193983,-2.517936416198024e-15,0.001635749539518213,0.0,0.0,0.0,-11.011049999999978,0.0,0.0,0.0,0.0,0.0,15.600999999999917,-0.11905959844150756,5.2970952933459355e-15,10.551442778528482,0.09276544581568036,1.0545007579082456e-14,-11.126274305559978,-1.4866780375426988e-15,-0.005401504991075525,17.005045890808105,1044.21,5572.507686598445,15355.780321454595
-0.11538975168676331,5.730226738907639e-15,0.02130301295199857,-1.5883045572732092e-15,-0.005337685891031416,2.817193244595723e-18,0.09074548404878208,1.1111928453672767e-14,4.261203238797729,9.232932276364059,-2.5634405094062425e-15,0.0015552209182700377,0.0,0.0,0.0,-11.325031999999977,0.0,0.0,0.0,0.0,0.0,15.797199999999915,-0.11721457525530095,5.510826411753836e-15,10.94701350801844,0.09173687280498272,1.08281042617076e-14,-11.328252745443976,-1.537036255607075e-15,-0.005368790158739426,17.163045167922974,1219.75,5997.446240885168,16609.419797958893
-0.1135844001150279,5.955309446271517e-15,0.106355744818931,-1.6404506174674174e-15,-0.00530842436241391,2.769953419358452e-18,0.08978967312475866,1.139634228271501e-14,4.244069947895514,8.953463000654086,-2.6073282116232095e-15,0.0014630835176314256,0.0,0.0,0.0,-11.642937999999976,0.0,0.0,0.0,0.0,0.0,15.993399999999912,-0.11538975168676331,5.730226738907639e-15,11.346335012951975,0.09074548404878208,1.1111928453672767e-14,-11.535996761202185,-1.5883045572732092e-15,-0.005337685891031416,17.31904101371765,1409.11,6442.305313561487,17923.70010082177
-0.11179782473834024,6.186084924401226e-15,0.191011628765872,-1.6934432649579507e-15,-0.005281199282636229,2.724570019739132e-18,0.08886786454400725,1.1681205530255878e-14,4.221518446798586,8.682547279219103,-2.64965722357122e-15,0.0013612605825715303,0.0,0.0,0.0,-11.964767999999975,0.0,0.0,0.0,0.0,0.0,16.189599999999917,-0.1135844001150279,5.955309446271517e-15,11.749293744818907,0.08978967312475866,1.139634228271501e-14,-11.749330052104398,-1.6404506174674174e-15,-0.00530842436241391,17.478042125701904,1612.28,6907.399851590144,19299.506809112114
-0.11002936082718705,6.422560731228607e-15,0.2751639517753224,-1.7472520807405335e-15,-0.005256169568888115,2.6815096122852964e-18,0.08797852657131244,1.1966375152482302e-14,4.193713854146455,8.419887786942864,-2.69046516484682e-15,0.0012514917494980628,0.0,0.0,0.0,-12.290521999999973,0.0,0.0,0.0,0.0,0.0,16.38579999999992,-0.11179782473834024,6.186084924401226e-15,12.155779628765847,0.08886786454400725,1.1681205530255878e-14,-11.96808155320133,-1.6934432649579507e-15,-0.005281199282636229,17.643043041229248,1829.26,7393.034796939558,20737.69648103516
-0.10827837385696665,6.664741565598229e-15,0.35870925877600296,-1.801847635454005e-15,-0.005233462946973319,2.641215025376946e-18,0.08712017045072828,1.2251708284479783e-14,4.160816845921604,8.165262380650198,-2.7298015254485246e-15,0.0011353365952673701,0.0,0.0,0.0,-12.62019999999997,0.0,0.0,0.0,0.0,0.0,16.581999999999926,-0.11002936082718705,6.422560731228607e-15,12.565685951775295,0.08797852657131244,1.1966375152482302e-14,-12.192086145853466,-1.7472520807405335e-15,-0.005256169568888115,17.81401777267456,2060.03,7899.505344158227,22239.09685449867
-0.10654425855454538,6.912629264221214e-15,0.4415472566487836,-1.8572011482257856e-15,-0.005213179143043003,2.6041048050883116e-18,0.08629135979139718,1.2537061577818893e-14,4.122982941356454,7.918413210736816,-2.76769873716224e-15,0.001014195109295317,0.0,0.0,0.0,-12.95380199999997,0.0,0.0,0.0,0.0,0.0,16.77819999999993,-0.10827837385696665,6.664741565598229e-15,12.978909258775973,0.08712017045072828,1.2251708284479783e-14,-12.42118315407832,-1.801847635454005e-15,-0.005233462946973319,17.96802067756653,2304.61,8427.09701817082,23804.508009159097
-0.1048264378391485,7.166222805836649e-15,0.5235807168899634,-1.913284514000859e-15,-0.005195392969275165,2.5705730944046556e-18,0.08549071174829165,1.2822292583724512e-14,4.080363082761532,7.679111418532294,-2.8041905977426873e-15,0.000889312996278746,0.0,0.0,0.0,-13.291327999999968,0.0,0.0,0.0,0.0,0.0,16.974399999999935,-0.10654425855454538,6.912629264221214e-15,13.395349256648753,0.08629135979139718,1.2537061577818893e-14,-12.655217058643476,-1.8572011482257856e-15,-0.005213179143043003,18.125017881393433,2562.96,8976.085916940905,25434.702636891525
-0.10312436169028329,7.425518321367682e-15,0.6047153781967388,-1.9700700348603405e-15,-0.005180157118127408,2.5409895903850613e-18,0.0847169031382296,1.3107258969378731e-14,4.033103047916,7.447098763944839,-2.8392974703367745e-15,0.0007617962476003936,0.0,0.0,0.0,-13.632777999999966,0.0,0.0,0.0,0.0,0.0,17.17059999999994,-0.1048264378391485,7.166222805836649e-15,13.814908716889931,0.08549071174829165,1.2822292583724512e-14,-12.894036917238402,-1.913284514000859e-15,-0.005195392969275165,18.28002166748047,2835.1,9546.738853550973,27130.426858234932
-0.10143750598551328,7.690509116511064e-15,0.68485985307853,-2.0275305949378475e-15,-0.005167504838100233,2.5156998705992014e-18,0.08396866733877173,1.3391820544959497e-14,3.9813444402631175,7.222166517047622,-2.8730484634275804e-15,0.0006326170658299233,0.0,0.0,0.0,-13.978151999999966,0.0,0.0,0.0,0.0,0.0,17.366799999999945,-0.10312436169028329,7.425518321367682e-15,14.237493378196705,0.0847169031382296,1.3107258969378731e-14,-13.13749695208394,-1.9700700348603405e-15,-0.005180157118127408,18.434020519256592,3121.02,10139.31360603823,28892.400479458804
-0.09976537134631805,7.961185712908515e-15,0.7639255423425982,-2.085639522864453e-15,-0.0051574523031162,2.4950257018521053e-18,0.08324479658075173,1.3675839094785761e-14,3.925224486143713,7.00409580937898,-2.905465807239952e-15,0.0005026291840039595,0.0,0.0,0.0,-14.327449999999965,0.0,0.0,0.0,0.0,0.0,17.56299999999995,-0.10143750598551328,7.690509116511064e-15,14.663011853078496,0.08396866733877173,1.3391820544959497e-14,-13.385455559736826,-2.0275305949378475e-15,-0.005167504838100233,18.593024015426636,3420.7,10754.059063964942,30721.31801610487
-0.09810748196309814,8.237535891608738e-15,0.8418265489959441,-2.1443705632333615e-15,-0.005150000814033724,2.479265555563129e-18,0.08254414174123964,1.3959178775236635e-14,3.8648761791908735,6.792674992406199,-2.9365703047485796e-15,0.00037257625893569033,0.0,0.0,0.0,-14.680671999999964,0.0,0.0,0.0,0.0,0.0,17.759199999999954,-0.09976537134631805,7.961185712908515e-15,15.091375542342563,0.08324479658075173,1.3675839094785761e-14,-13.637775513856237,-2.085639522864453e-15,-0.0051574523031162,18.74603581428528,3734.15,11391.215445537631,32617.849179234312
-0.09646338442950718,8.519544743931059e-15,0.9184795949435441,-2.203697852377861e-15,-0.005145138805563798,2.4686952427878875e-18,0.08186561161785666,1.424170645699539e-14,3.800428415569127,6.587699179872919,-2.9663815473612453e-15,0.00024310160111591086,0.0,0.0,0.0,-15.037817999999964,0.0,0.0,0.0,0.0,0.0,17.95539999999996,-0.09810748196309814,8.237535891608738e-15,15.522498548995909,0.08254414174123964,1.3959178775236635e-14,-13.894323820809081,-2.1443705632333615e-15,-0.005150000814033724,18.901023387908936,4061.37,12051.014498479517,34582.639510472705
-0.09483264659018815,8.807194726400096e-15,0.9938039392825512,-2.263595887912841e-15,-0.005142843664976211,2.463568641371438e-18,0.08120817231404759,1.4523291789908296e-14,3.7320060183315915,6.388964703721639,-2.994917603121628e-15,0.00011475758528192194,0.0,0.0,0.0,-15.398887999999962,0.0,0.0,0.0,0.0,0.0,18.151599999999963,-0.09646338442950718,8.519544743931059e-15,15.956297594943509,0.08186561161785666,1.424170645699539e-14,-14.154971584430832,-2.203697852377861e-15,-0.005145138805563798,19.060091733932495,4402.34,12733.679699391745,36616.31101407998
-0.09321485642621173,9.100465725917667e-15,1.0677213013082667,-2.3240395632531546e-15,-0.005143083401541056,2.4641185606260406e-18,0.08057084408359405,1.48038081618487e-14,3.6597301842399554,6.196290237585122,-3.022198265577785e-15,-1.1986886308452234e-05,0.0,0.0,0.0,-15.763881999999962,0.0,0.0,0.0,0.0,0.0,18.347799999999967,-0.09483264659018815,8.807194726400096e-15,16.392691939282514,0.08120817231404759,1.4523291789908296e-14,-14.41959398166837,-2.263595887912841e-15,-0.005142843664976211,19.214025497436523,4757.07,13439.426469548347,38719.4627175598
-0.09160962097259136,9.399335129555811e-15,1.1401557858622888,-2.385004117633089e-15,-0.0051458181023946266,2.470557558717904e-18,0.079952701278443,1.508313220196564e-14,3.583718271162259,6.0094838252903875,-3.04824082887482e-15,-0.00013673570504630183,0.0,0.0,0.0,-16.13279999999996,0.0,0.0,0.0,0.0,0.0,18.543999999999972,-0.09321485642621173,9.100465725917667e-15,16.831603301308228,0.08057084408359405,1.48038081618487e-14,-14.688069815760013,-2.3240395632531546e-15,-0.005143083401541056,19.370025634765625,5125.55,14168.462359461812,40892.671490447494
-0.0900165652618054,9.703777893694722e-15,1.2110338088582366,-2.4464651504125287e-15,-0.005151001280656764,2.483078907905891e-18,0.07935286980015166,1.536114421192526e-14,3.504084028432522,5.828365029275403,-3.0730633021072897e-15,-0.00025916016851762084,0.0,0.0,0.0,-16.50564199999996,0.0,0.0,0.0,0.0,0.0,18.740199999999977,-0.09160962097259136,9.399335129555811e-15,17.272955785862248,0.079952701278443,1.508313220196564e-14,-14.960281728837714,-2.385004117633089e-15,-0.0051458181023946266,19.527023315429688,5507.79,14920.987269341025,43136.4924780413
-0.08843533132182656,1.0013766622855358e-14,1.2802840277829433,-2.508398645584176e-15,-0.005158581069472792,2.501857567990292e-18,0.07877052419773228,1.563772870413835e-14,3.4209378640381454,5.652766772020606,-3.096684919410134e-15,-0.0003789912766943265,0.0,0.0,0.0,-16.88240799999996,0.0,0.0,0.0,0.0,0.0,18.93639999999998,-0.0900165652618054,9.703777893694722e-15,17.716675808858195,0.07935286980015166,1.536114421192526e-14,-15.236115971567454,-2.4464651504125287e-15,-0.005151001280656764,19.680025100708008,5903.77,15697.193651292808,45451.459772946895
-0.08686557719970701,1.0329271643253086e-14,1.3478372710130588,-2.5707808961443786e-15,-0.005168501268367851,2.5270511394857534e-18,0.07820488801422232,1.59127733356344e-14,3.334386458973417,5.482502693928092,-3.1191211331534335e-15,-0.0004960123475192184,0.0,0.0,0.0,-17.263097999999957,0.0,0.0,0.0,0.0,0.0,19.132599999999986,-0.08843533132182656,1.0013766622855358e-14,18.162692027782903,0.07877052419773228,1.563772870413835e-14,-15.515462135961837,-2.508398645584176e-15,-0.005158581069472792,19.83808159828186,6313.5,16497.266695980972,47838.08713340956
-0.08530697603096064,1.065026107923609e-14,1.413626469525003,-2.6335885960449308e-15,-0.005180702315861021,2.558800944232095e-18,0.07765522886041382,1.618617026266595e-14,3.2445333922210073,5.3174176853885005,-3.1403919930292e-15,-0.0006100553298782069,0.0,0.0,0.0,-17.647711999999956,0.0,0.0,0.0,0.0,0.0,19.32879999999999,-0.08686557719970701,1.0329271643253086e-14,18.610935271013016,0.07820488801422232,1.59127733356344e-14,-15.79821354102657,-2.5707808961443786e-15,-0.005168501268367851,19.9950213432312,6736.97,17321.384559546612,50296.86824674634
-0.08375921517280326,1.0976700940446502e-14,1.4775865942872517,-2.6967988247914305e-15,-0.005195122104104297,2.597232990350504e-18,0.07712085695532511,1.6457815858375217e-14,3.1514790840038502,5.157353799841058,-3.160516778407092e-15,-0.0007209929048023334,0.0,0.0,0.0,-18.036249999999956,0.0,0.0,0.0,0.0,0.0,19.524999999999995,-0.08530697603096064,1.065026107923609e-14,19.06133846952496,0.07765522886041382,1.618617026266595e-14,-16.084266607778982,-2.6335885960449308e-15,-0.005180702315861021,20.154019832611084,7174.18,18169.718539881833,52828.27764430771
-0.08222199537260551,1.1308555205824057e-14,1.5396545936759058,-2.7603890451905656e-15,-0.005211696707130296,2.642458963897465e-18,0.07660112306444994,1.6727610679380166e-14,3.0553208548615496,5.002156045062373,-3.179514655800539e-15,-0.000828734165885736,0.0,0.0,0.0,-18.42871199999996,0.0,0.0,0.0,0.0,0.0,19.7212,-0.08375921517280326,1.0976700940446502e-14,19.51383659428721,0.07712085695532511,1.6457815858375217e-14,-16.373520915996146,-2.6967988247914305e-15,-0.005195122104104297,20.306021451950073,7625.13,19042.43328083176,55432.771195188776
-0.08069502998016763,1.164578590816334e-14,1.5997693325989975,-2.824337116866771e-15,-0.005230361019907571,2.694577212176507e-18,0.07609541617933874,1.6995459554548328e-14,2.956153037447609,4.851675019224814,-3.1974054673582425e-15,-0.0009332201596423163,0.0,0.0,0.0,-18.825097999999958,0.0,0.0,0.0,0.0,0.0,19.917400000000004,-0.08222199537260551,1.1308555205824057e-14,19.968366593675864,0.07660112306444994,1.6727610679380166e-14,-16.66587914513845,-2.7603890451905656e-15,-0.005211696707130296,20.464019775390625,8089.82,19939.68696847869,58110.78665050861
-0.07917804420510796,1.1988353219884057e-14,1.6578715336669618,-2.8886213078869597e-15,-0.005251049312368543,2.7536737010701947e-18,0.07560316132662914,1.726127161752339e-14,2.8540670693488375,4.705765961972983,-3.2142096362902135e-15,-0.0010344196341174115,0.0,0.0,0.0,-19.22540799999996,0.0,0.0,0.0,0.0,0.0,20.11360000000001,-0.08069502998016763,1.164578590816334e-14,20.424867332598957,0.07609541617933874,1.6995459554548328e-14,-16.961246962552394,-2.824337116866771e-15,-0.005230361019907571,20.61601996421814,8568.25,20861.63152240649,60862.74421420505
-0.07767077441745444,1.2336215539298713e-14,1.7139037201895502,-2.95322030463098e-15,-0.005273695707631215,2.8198229440972496e-18,0.0751238174387232,1.7524960323942216e-14,2.7491515829100015,4.56428860466263,-3.229948079171553e-15,-0.0011323252485577761,0.0,0.0,0.0,-19.629641999999958,0.0,0.0,0.0,0.0,0.0,20.309800000000013,-0.07917804420510796,1.1988353219884057e-14,20.883279533666922,0.07560316132662914,1.726127161752339e-14,-17.259532930651172,-2.8886213078869597e-15,-0.005251049312368543,20.77607798576355,9060.42,21808.412784887212,63689.0470937935
-0.07617296748495468,1.2689329574201429e-14,1.7678101599647713,-3.0181132244753107e-15,-0.00529823459833326,2.8930889180790834e-18,0.07465687581125224,1.778644316632948e-14,2.6414923946121034,4.427102147949228,-3.244642346617643e-15,-0.0012269504790159193,0.0,0.0,0.0,-20.037799999999958,0.0,0.0,0.0,0.0,0.0,20.506000000000018,-0.07767077441745444,1.2336215539298713e-14,21.343545720189507,0.0751238174387232,1.7524960323942216e-14,-17.56064841709001,-2.95322030463098e-15,-0.005273695707631215,20.929020166397095,9566.32,22780.170704918757,66590.08204042686
-0.07468438016129263,1.3047650431256784e-14,1.819536812785687,-3.083279611910775e-15,-0.005324600983474713,2.9735258893959075e-18,0.07420185655495337,1.8045642539206073e-14,2.5311728874794595,4.294084913477997,-3.2583137950112353e-15,-0.0013183256437591644,0.0,0.0,0.0,-20.44988199999996,0.0,0.0,0.0,0.0,0.0,20.702200000000023,-0.07617296748495468,1.2689329574201429e-14,21.80561015996473,0.07465687581125224,1.778644316632948e-14,-17.864507605387914,-3.0181132244753107e-15,-0.00529823459833326,21.08401894569397,10086,23777.03952798425,69566.21979204511
-0.07320477851270413,1.3411131704957788e-14,1.869031279545137,-3.14869946597943e-15,-0.00535273076460756,3.0611792422524026e-18,0.07375830830389618,1.8302484830894326e-14,2.4182737884655543,4.16510409238054,-3.2709851524718365e-15,-0.0014064958706068579,0.0,0.0,0.0,-20.86588799999996,0.0,0.0,0.0,0.0,0.0,20.898400000000027,-0.07468438016129263,1.3047650431256784e-14,22.269418812785645,0.07420185655495337,1.8045642539206073e-14,-18.171027112520562,-3.083279611910775e-15,-0.005324600983474713,21.23902153968811,10619.3,24799.147964301446,72617.81583624255
-0.0717339373709748,1.3779725560177765e-14,1.9162427509399063,-3.2143532415845637e-15,-0.005382560992599345,3.1560862659534533e-18,0.0733258058690352,1.85569006911034e-14,2.3028733510113897,4.040036004157167,-3.2826792125178047e-15,-0.0014915186256182422,0.0,0.0,0.0,-21.28581799999996,0.0,0.0,0.0,0.0,0.0,21.09460000000003,-0.07320477851270413,1.3411131704957788e-14,22.734919279545096,0.07375830830389618,1.8302484830894326e-14,-18.480126211534472,-3.14869946597943e-15,-0.00535273076460756,21.395018577575684,11166.4,25846.619376677067,75745.21068471538
-0.07027163982702181,1.4153382816977902e-14,1.9611219587655464,-3.2802218582100264e-15,-0.005414030068293271,3.258276892652187e-18,0.07290394852626353,1.8808824988910314e-14,2.185047431552616,3.9187607940203484,-3.2934192045483936e-15,-0.0015734614079051619,0.0,0.0,0.0,-21.70967199999996,0.0,0.0,0.0,0.0,0.0,21.290800000000036,-0.0717339373709748,1.3779725560177765e-14,23.202060750939864,0.0733258058690352,1.85569006911034e-14,-18.791726648988643,-3.2143532415845637e-15,-0.005382560992599345,21.555018186569214,11727.3,26919.57194881605,78948.73044168152
-0.06881767675780097,1.4532053034486782e-14,2.00362112871745,-3.3462867060758315e-15,-0.005447077904512551,3.3677743921031433e-18,0.07249235839581941,1.9058196761977686e-14,2.0648695636377132,3.801162313424505,-3.3032286656674904e-15,-0.0016523998168377037,0.0,0.0,0.0,-22.13744999999996,0.0,0.0,0.0,0.0,0.0,21.48700000000004,-0.07027163982702181,1.4153382816977902e-14,23.670793958765504,0.07290394852626353,1.8808824988910314e-14,-19.10575256844742,-3.2802218582100264e-15,-0.005414030068293271,21.710017442703247,12301.9,28018.118854595363,82228.68728755896
-0.06737184638471783,1.4915684593683637e-14,2.0436939346511642,-3.4125296562961355e-15,-0.005481646053966421,3.4845960232691006e-18,0.07209067891249538,1.930495915770778e-14,1.942411029733735,3.6871280044222914,-3.312131640811484e-15,-0.0017284158471152508,0.0,0.0,0.0,-22.56915199999996,0.0,0.0,0.0,0.0,0.0,21.683200000000046,-0.06881767675780097,1.4532053034486782e-14,24.141071128717407,0.07249235839581941,1.9058196761977686e-14,-19.422130436362327,-3.3462867060758315e-15,-0.005447077904512551,21.865021467208862,12890.2,29142.368423694294,85585.37995107965
-0.06593395386174078,1.5304224778935595e-14,2.0812954542564492,-3.4789330621308274e-15,-0.0055176778072060645,3.608753642976087e-18,0.07169857338520874,1.9549059367488172e-14,1.8177409307947756,3.576548787779478,-3.320152237437514e-15,-0.001801596391259019,0.0,0.0,0.0,-23.004777999999963,0.0,0.0,0.0,0.0,0.0,21.87940000000005,-0.06737184638471783,1.4915684593683637e-14,24.612845934651123,0.07209067891249538,1.930495915770778e-14,-19.740788970266312,-3.4125296562961355e-15,-0.005481646053966421,22.02010416984558,13492.2,30292.42430353315,89019.09416982158
-0.06450381089145085,1.569761985815224e-14,2.1163821261010716,-3.5454797658071446e-15,-0.005555118264394686,3.740254272202207e-18,0.07131572364378358,1.9790448554176577e-14,1.69092625366739,3.469318954802735,-3.3273149040325646e-15,-0.0018720319303093006,0.0,0.0,0.0,-23.444327999999963,0.0,0.0,0.0,0.0,0.0,22.075600000000055,-0.06593395386174078,1.5304224778935595e-14,25.08607345425641,0.07169857338520874,1.9549059367488172e-14,-20.061659069205273,-3.4789330621308274e-15,-0.0055176778072060645,22.182020664215088,14108,31468.385617485434,92530.10313917157
-0.06308123536731074,1.609581516143445e-14,2.1489117080018407,-3.612153104037903e-15,-0.005593914384296039,3.879100621043362e-18,0.07094182877022759,2.0029081774044677e-14,1.562031936409555,3.3653360629978124,-3.333644364951055e-15,-0.0019398153947451033,0.0,0.0,0.0,-23.887801999999965,0.0,0.0,0.0,0.0,0.0,22.27180000000006,-0.06450381089145085,1.569761985815224e-14,25.560710126101036,0.07131572364378358,1.9790448554176577e-14,-20.384673746332666,-3.5454797658071446e-15,-0.005555118264394686,22.336015462875366,14737.5,32670.347119340844,96118.66794975953
-0.06166605104049554,1.6498755158113628e-14,2.1788432366820616,-3.678936909435151e-15,-0.005634015013550657,4.025291573494549e-18,0.07057660391129333,2.02649178938729e-14,1.4311209316125706,3.2645008361987724,-3.3391654151908225e-15,-0.0020050411788645806,0.0,0.0,0.0,-24.335199999999965,0.0,0.0,0.0,0.0,0.0,22.468000000000064,-0.06308123536731074,1.609581516143445e-14,26.036713708001805,0.07094182877022759,2.0029081774044677e-14,-20.709768063590506,-3.612153104037903e-15,-0.005593914384296039,22.48801851272583,15380.8,33898.39934400813,99785.03801343466
-0.06025808720969779,1.6906383532091447e-14,2.2061369886769104,-3.745815513255627e-15,-0.005675370898996885,4.178822633426993e-18,0.07021977916848121,2.049791950390902e-14,1.2982542678723044,3.166717072018582,-3.3439029869894197e-15,-0.0020678042930190564,0.0,0.0,0.0,-24.786521999999966,0.0,0.0,0.0,0.0,0.0,22.66420000000007,-0.06166605104049554,1.6498755158113628e-14,26.514043236682028,0.07057660391129333,2.02649178938729e-14,-21.036879068387492,-3.678936909435151e-15,-0.005634015013550657,22.642014265060425,16037.8,35152.62875445794,103529.45147789344
-0.058857178432422844,1.7318643255424238e-14,2.230754442455411,-3.812773749311793e-15,-0.005717934685500551,4.339686333390785e-18,0.06987109855901336,2.0728052829370334e-14,1.1634911099777514,3.0718915776997306,-3.3478822081067148e-15,-0.002128199639043412,0.0,0.0,0.0,-25.241767999999965,0.0,0.0,0.0,0.0,0.0,22.860400000000073,-0.06025808720969779,1.6906383532091447e-14,26.992658988676876,0.07021977916848121,2.049791950390902e-14,-21.365945732127763,-3.745815513255627e-15,-0.005675370898996885,22.801011085510254,16708.5,36433.11788492364,107352.13563016192
-0.05746316425661119,1.7735476660277164e-14,2.2526582417720427,-3.879796946694751e-15,-0.005761660901453145,4.507872607583705e-18,0.06953031902215184,2.0955287655922138e-14,1.0268888216854193,2.979934299394477,-3.351127842423499e-15,-0.0021863213936778453,0.0,0.0,0.0,-25.70093799999997,0.0,0.0,0.0,0.0,0.0,23.056600000000078,-0.058857178432422844,1.7318643255424238e-14,27.472522442455375,0.06987109855901336,2.0728052829370334e-14,-21.69690889002232,-3.812773749311793e-15,-0.005717934685500551,22.955015420913696,17392.9,37739.94548044404,111253.30728965555
-0.05607595678151138,1.8156871171356312e-14,2.2718239293078497,-3.9468831524163466e-15,-0.00580650593355095,4.683369403369891e-18,0.0691904284878288,2.118416345199276e-14,0.8896799318952424,2.9496044689766645,-3.354275788785956e-15,-0.0022422624726122194,0.0,0.0,0.0,-26.16403199999997,0.0,0.0,0.0,0.0,0.0,23.252800000000082,-0.05746316425661119,1.7735476660277164e-14,27.95359624177201,0.06953031902215184,2.0955287655922138e-14,-22.02971117831466,-3.879796946694751e-15,-0.005761660901453145,23.114084720611572,18091.2,39073.2038169517,115233.17319549649
-0.054695783395434745,1.8583025397483722e-14,2.2882815744645093,-4.014125924984489e-15,-0.005852332404419434,4.865784978064467e-18,0.06882691011983427,2.1431259160748197e-14,0.7560845837707109,3.130285363210692,-3.3621017554687404e-15,-0.0022913346495805013,0.0,0.0,0.0,-26.631049999999973,0.0,0.0,0.0,0.0,0.0,23.449000000000087,-0.05607595678151138,1.8156871171356312e-14,28.43585592930782,0.0691904284878288,2.118416345199276e-14,-22.36312006810484,-3.9468831524163466e-15,-0.00580650593355095,23.267014741897583,18807.6,40433.04285165031,119293.29648506752
-0.05332310893124643,1.901430072241086e-14,2.3021014634476864,-4.081801058488815e-15,-0.005898669942904095,5.0533608798232805e-18,0.06844053629899643,2.1696273331965556e-14,0.6259043145469971,3.3010430686764587,-3.3837179716734994e-15,-0.0023168881548651407,0.0,0.0,0.0,-27.101991999999974,0.0,0.0,0.0,0.0,0.0,23.64520000000009,-0.054695783395434745,1.8583025397483722e-14,28.919331574464483,0.06882691011983427,2.1431259160748197e-14,-22.692915416229376,-4.014125924984489e-15,-0.005852332404419434,23.42601203918457,19551,41819.65622756985,123439.07837446599
-0.05195838271642297,1.9451052612134493e-14,2.3133499878345547,-4.150157605214164e-15,-0.005945098453971885,5.244463022613027e-18,0.06803208518335008,2.1978915640397868e-14,0.4989481241398513,3.4622507127753384,-3.417787319677307e-15,-0.0023214368066948924,0.0,0.0,0.0,-27.576857999999977,0.0,0.0,0.0,0.0,0.0,23.841400000000096,-0.05332310893124643,1.901430072241086e-14,29.404093463447662,0.06844053629899643,2.1696273331965556e-14,-23.019295685453095,-4.081801058488815e-15,-0.005898669942904095,23.583014011383057,20322.2,43233.426610788716,127671.75545614967
-0.050602038427109905,1.9893630861457244e-14,2.3220897917904653,-4.219420422879401e-15,-0.005991243741813825,5.437574755426484e-18,0.0676023437479556,2.227890929187682e-14,0.37503227145121004,3.6142712371346426,-3.463100045309026e-15,-0.0023072755773719624,0.0,0.0,0.0,-28.055647999999977,0.0,0.0,0.0,0.0,0.0,24.0376000000001,-0.05195838271642297,1.9451052612134493e-14,29.890207987834533,0.06803208518335008,2.1978915640397868e-14,-23.342451875860245,-4.150157605214164e-15,-0.005945098453971885,23.73501443862915,21121.5,44674.73918318848,131992.5683012609
-0.04925449389143616,2.0342379879616947e-14,2.328379914810581,-4.28979252387852e-15,-0.006036773574269477,5.631289778468419e-18,0.06715210981941938,2.2595992524093496e-14,0.2539800305603788,3.757455392190325,-3.5185638578196238e-15,-0.002276502659470705,0.0,0.0,0.0,-28.538361999999978,0.0,0.0,0.0,0.0,0.0,24.233800000000105,-0.050602038427109905,1.9893630861457244e-14,30.37773779179044,0.0676023437479556,2.227890929187682e-14,-23.66256772854889,-4.219420422879401e-15,-0.005991243741813825,23.891011476516724,21949.6,46143.98122805105,136402.76049321916
-0.04791615086256517,2.0797639000013057e-14,2.332275929648544,-4.361457233141282e-15,-0.006081394134737694,5.8243051279336696e-18,0.06668219306767936,2.292991951551718e-14,0.13562145323591518,3.8921420535179196,-3.583194360642182e-15,-0.002231038840249242,0.0,0.0,0.0,-29.02499999999998,0.0,0.0,0.0,0.0,0.0,24.43000000000011,-0.04925449389143616,2.0342379879616947e-14,30.86674191481056,0.06715210981941938,2.2595992524093496e-14,-23.979819969439728,-4.28979252387852e-15,-0.006036773574269477,24.04701018333435,22806.9,47641.54174232977,140903.57767140793
-0.046587394780442305,2.1259742803372498e-14,2.3338300755694292,-4.434580160354198e-15,-0.006124846811957101,6.015414373968477e-18,0.06619341514460714,2.3280460820427435e-14,0.019793138852603424,4.018658592343302,-3.656105769223105e-15,-0.002172644395214492,0.0,0.0,0.0,-29.515561999999985,0.0,0.0,0.0,0.0,0.0,24.626200000000114,-0.04791615086256517,2.0797639000013057e-14,31.357275929648523,0.06668219306767936,2.292991951551718e-14,-24.294378546764193,-4.361457233141282e-15,-0.006081394134737694,24.2050142288208,23693.9,49167.811071923876,145496.26662584458
