-0.5,0.0,-0.15196200000178314,1.2190005166149256e-17,0.05998197351192298,3.6569993413562793e-19,0.0,0.0,-0.1962000001783164,-8.915819211764385e-09,6.089517087375324e-16,2.999998188279277,0.0,0.0,0.0,0.19803800000000002,0.0,0.0,0.0,0.0,0.0,-9.803800000000003,-0.5,0.0,-0.15,0.0,0.0,10.0,0.0,-0.0,0.11300063133239746,443456,14.574999456483948,610.3865131800001
-0.5000000000001061,2.15524337321811e-29,-0.1578480000071175,2.065636212367736e-17,0.11993697094272461,1.3542015276666253e-18,-1.061779796686977e-11,2.15524337321811e-27,-0.3924000003551205,-8.856133659528681e-09,4.190640439352274e-16,2.999997257418439,0.0,0.0,0.0,0.3921520000000001,0.0,0.0,0.0,0.0,0.0,-9.607600000000005,-0.5,0.0,-0.35000000000178316,0.0,0.0,9.607599999821685,1.2190005166149256e-17,0.05998197351192298,0.357999324798584,398219,19.536547055256918,490.85658784039185
-0.5000000000005288,1.0068426209947819e-28,-0.16765800001596518,2.6426313772810588e-17,0.17986503355255956,2.7807749850463925e-18,-3.1650991442628726e-11,5.757939463511598e-27,-0.5886000005296476,-8.789493646772945e-09,2.780905008172439e-16,2.9999965726589384,0.0,0.0,0.0,0.5823420000000002,0.0,0.0,0.0,0.0,0.0,-9.411400000000008,-0.5000000000001061,2.15524337321811e-29,-0.5500000000071176,-1.061779796686977e-11,2.15524337321811e-27,9.215199999644884,2.065636212367736e-17,0.11993697094272461,0.6999993324279785,355466,28.499670451747313,395.24012374063915
-0.5000000000014736,2.6103499070856824e-28,-0.18139200002827294,3.023369087581029e-17,0.23976618897651167,4.515566282314845e-18,-6.283129897885036e-11,1.0277133397397407e-26,-0.7848000007011279,-8.714608084778531e-09,1.7252711148348312e-16,2.999995455854688,0.0,0.0,0.0,0.7686080000000004,0.0,0.0,0.0,0.0,0.0,-9.21520000000001,-0.5000000000005288,1.0068426209947819e-28,-0.7500000000159655,-3.1650991442628726e-11,5.757939463511598e-27,8.82279999947036,2.6426313772810588e-17,0.17986503355255956,0.8729991912841797,315195,41.46436939428604,323.53697755356416
-0.50000000000314,5.169092633099569e-28,-0.19905000004397208,3.2605788840013715e-17,0.2996404531944366,6.467065830164262e-18,-1.0381884473114585e-10,1.5310293862741453e-26,-0.9810000008687872,-8.629846859208678e-09,9.276135107059638e-17,2.9999933257793923,0.0,0.0,0.0,0.9509500000000006,0.0,0.0,0.0,0.0,0.0,-9.019000000000013,-0.5000000000014736,2.6103499070856824e-28,-0.9500000000282733,-6.283129897885036e-11,1.0277133397397407e-26,8.430399999298881,3.023369087581029e-17,0.23976618897651167,1.046001672744751,277407,58.43064366036347,275.7470066371693
-0.5000000000057202,8.755031280359381e-28,-0.2206320000629784,3.3922262449438796e-17,0.35948779915268536,8.57074505986546e-18,-1.5419439576789288e-10,2.0549092609856668e-26,-1.1772000010318453,-8.533117814146895e-09,3.183907812137297e-17,2.9999880257877622,0.0,0.0,0.0,1.1293680000000008,0.0,0.0,0.0,0.0,0.0,-8.822800000000015,-0.50000000000314,5.169092633099569e-28,-1.1500000000439727,-1.0381884473114585e-10,1.5310293862741453e-26,8.037999999131225,3.2605788840013715e-17,0.2996404531944366,1.2139990329742432,242101,79.39849255489348,251.87006887026357
-0.5000000000093966,1.338543037843292e-27,-0.24613800008519196,3.427650809872826e-17,0.40731954072597043,1.0329299285842264e-17,-2.1344856035323202e-10,2.5754898370878723e-26,-1.3734000011895122,-8.421693729795467e-09,-1.5230007818740717e-17,2.398492952803091,0.0,0.0,0.0,1.3038620000000012,0.0,0.0,0.0,0.0,0.0,-8.626600000000018,-0.5000000000057202,8.755031280359381e-28,-1.3500000000629793,-1.5419439576789288e-10,2.0549092609856668e-26,7.645599998968169,3.3922262449438796e-17,0.35948779915268536,1.3829987049102783,209279,104.20556058513033,251.9060232030484
-0.5000000000143225,1.9036987821710038e-27,-0.2755680001105049,3.3817353047315526e-17,0.4418353288239499,1.1618897280695611e-17,-2.791456178756131e-10,3.076067606189247e-26,-1.5696000013417835,-8.291950632760812e-09,-4.967102264630939e-17,1.731109609319429,0.0,0.0,0.0,1.4744320000000015,0.0,0.0,0.0,0.0,0.0,-8.43040000000002,-0.5000000000093966,1.338543037843292e-27,-1.5500000000851932,-2.1344856035323202e-10,2.5754898370878723e-26,7.253199998810505,3.427650809872826e-17,0.40731954072597043,1.5630030632019043,178939,133.0387111348037,276.0853243035356
-0.5000000000206014,2.5658727077558905e-27,-0.3089220001388121,3.275921892456111e-17,0.4667450590428836,1.2541672647882987e-17,-3.487499369375527e-10,3.545671649659619e-26,-1.7658000014889308,-8.138966199505879e-09,-7.33842664695598e-17,1.2494526789370848,0.0,0.0,0.0,1.641078000000002,0.0,0.0,0.0,0.0,0.0,-8.234200000000023,-0.5000000000143225,1.9036987821710038e-27,-1.7500000001105065,-2.791456178756131e-10,3.076067606189247e-26,6.860799998658237,3.3817353047315526e-17,0.4418353288239499,1.7340030670166016,151081,165.93938559529684,324.381322171278
-0.5000000000282925,3.3181528842228315e-27,-0.34620000017001173,3.1276202359192956e-17,0.4847209041244927,1.3189102712195385e-17,-4.2034998519182467e-10,3.9771301150097947e-26,-1.9620000016310288,-7.955881109807797e-09,-8.926290691212915e-17,0.9017019900685566,0.0,0.0,0.0,1.8038000000000025,0.0,0.0,0.0,0.0,0.0,-8.038000000000025,-0.5000000000206014,2.5658727077558905e-27,-1.950000000138814,-3.487499369375527e-10,3.545671649659619e-26,6.468399998511092,3.275921892456111e-17,0.4667450590428836,1.9080026149749756,125706,202.87594359949784,396.68784409779323
-0.5000000000374202,4.1524450837892604e-27,-0.38740200020400073,2.9501770572430254e-17,0.49769253517402684,1.3636151833439647e-17,-4.924141105966105e-10,4.365791880654496e-26,-2.1582000017678697,-7.732842294476182e-09,-9.958794780293833e-17,0.6506991450581535,0.0,0.0,0.0,1.962598000000003,0.0,0.0,0.0,0.0,0.0,-7.841800000000024,-0.5000000000282925,3.3181528842228315e-27,-2.150000000170014,-4.2034998519182467e-10,3.9771301150097947e-26,6.075999998368996,3.1276202359192956e-17,0.4847209041244927,2.079998254776001,102813,243.83193415851204,492.93793575917357
-0.5000000000479803,5.059885140270389e-27,-0.4325280002406683,2.7534834715982596e-17,0.5070596112884903,1.394094377559213e-17,-5.635959719542465e-10,4.7086086841567887e-26,-2.354400001898884,-7.45517068794718e-09,-1.0603068256582849e-16,0.4698896921032493,0.0,0.0,0.0,2.1174720000000034,0.0,0.0,0.0,0.0,0.0,-7.645600000000023,-0.5000000000374202,4.1524450837892604e-27,-2.3500000002040036,-4.924141105966105e-10,4.365791880654496e-26,5.683599998232154,2.9501770572430254e-17,0.49769253517402684,2.25600266456604,82402,288.7987948999465,613.0882371761066
-0.5000000000599417,6.03109311247343e-27,-0.4815780002798873,2.544290002964796e-17,0.5138174351368899,1.4146101979782837e-17,-6.325523293699267e-10,5.003471037873624e-26,-2.550600002023017,-7.099988576652811e-09,-1.0996821067163656e-16,0.33900177841525375,0.0,0.0,0.0,2.2684220000000037,0.0,0.0,0.0,0.0,0.0,-7.449400000000022,-0.5000000000479803,5.059885140270389e-27,-2.5500000002406717,-5.635959719542465e-10,4.7086086841567887e-26,5.291199998101138,2.7534834715982596e-17,0.5070596112884903,2.43900203704834,64473,337.77201570840526,757.1099354290859
-0.5000000000732444,7.05630352183228e-27,-0.5345520003215023,2.327231395688871e-17,0.5186881759833494,1.428252015383246e-17,-6.977217920542884e-10,5.248633055714877e-26,-2.7468000021384884,-6.629578467042085e-09,-1.1226427916507025e-16,0.24433845163462078,0.0,0.0,0.0,2.4154480000000045,0.0,0.0,0.0,0.0,0.0,-7.253200000000021,-0.5000000000599417,6.03109311247343e-27,-2.7500000002798908,-6.325523293699267e-10,5.003471037873624e-26,4.8987999979770045,2.544290002964796e-17,0.5138174351368899,2.612002372741699,49026.1,390.7492963927985,924.983834880605
-0.5000000000877914,8.12538593872131e-27,-0.5914500003653103,2.1053665261361273e-17,0.522182124502276,1.437177332151534e-17,-7.569828078030165e-10,5.442191113175424e-26,-2.943000002242305,-5.977010346987429e-09,-1.1352399037787373e-16,0.17527265574018772,0.0,0.0,0.0,2.5585500000000048,0.0,0.0,0.0,0.0,0.0,-7.05700000000002,-0.5000000000732444,7.05630352183228e-27,-2.9500000003215066,-6.977217920542884e-10,5.248633055714877e-26,4.506399997861532,2.327231395688871e-17,0.5186881759833494,2.787003755569458,36061.1,447.7294195155223,1116.696717482844
-0.500000000103431,9.227740331254066e-27,-0.652272000411025,1.8807088495176192e-17,0.5247047069266335,1.442982184558251e-17,-8.069705351330944e-10,5.581352812152153e-26,-3.13920000232917,-5.011073486775088e-09,-1.141543647281922e-16,0.12654456063157776,0.0,0.0,0.0,2.697728000000005,0.0,0.0,0.0,0.0,0.0,-6.860800000000019,-0.5000000000877914,8.12538593872131e-27,-3.1500000003653152,-7.569828078030165e-10,5.442191113175424e-26,4.113999997757714,2.1053665261361273e-17,0.522182124502276,3.014998197555542,25578,508.7117891465186,1332.239584548156
-0.5000000001199145,1.0351964585653894e-26,-0.7170180004582029,1.6544875938965852e-17,0.5265227124211096,1.4466971472526106e-17,-8.413835328317524e-10,5.660889731846103e-26,-3.335400002388624,-3.4347225601532205e-09,-1.1441826790052362e-16,0.09119972797162029,0.0,0.0,0.0,2.8329820000000057,0.0,0.0,0.0,0.0,0.0,-6.664600000000018,-0.500000000103431,9.227740331254066e-27,-3.35000000041103,-8.069705351330944e-10,5.581352812152153e-26,3.721599997670849,1.8807088495176192e-17,0.5247047069266335,3.188997983932495,17576.9,573.6960441202464,1571.6055364194356
-0.5000000001367826,1.1484888341203174e-26,-0.7856880005060448,1.4274476187836038e-17,0.5278165882501578,1.4490041839633813e-17,-8.454245043304422e-10,5.668347823646712e-26,-3.531600002395576,-4.0206266245121116e-10,-1.144762074007641e-16,0.06490693053985558,0.0,0.0,0.0,2.9643120000000063,0.0,0.0,0.0,0.0,0.0,-6.468400000000017,-0.5000000001199145,1.0351964585653894e-26,-3.5500000004582084,-8.413835328317524e-10,5.660889731846103e-26,3.329199997611394,1.6544875938965852e-17,0.5265227124211096,3.3659989833831787,12057.7,642.6820148080953,1834.790110463827
-0.5000000001529016,1.2607622076611625e-26,-0.8582820005526022,1.200059843138815e-17,0.5287515562600535,1.4504263857676328e-17,-7.664774787410857e-10,5.558989530437796e-26,-3.727800002260158,7.83751573980797e-09,-1.1442808260685833e-16,0.04690242368453038,0.0,0.0,0.0,3.0917180000000064,0.0,0.0,0.0,0.0,0.0,-6.272200000000016,-0.5000000001367826,1.1484888341203174e-26,-3.750000000506051,-8.454245043304422e-10,5.668347823646712e-26,2.936799997604441,1.4274476187836038e-17,0.5278165882501578,3.5489981174468994,9020.35,715.6696271113595,2121.7903284816725
-0.5000000001565242,1.3610720398556129e-26,-0.9348000005777672,9.725709642351725e-18,0.5294223578564629,1.4512705058476263e-17,4.0423179391465543e-10,4.471993689007266e-26,-3.924000000256347,1.1603685751490883e-07,-1.143329351647772e-16,0.03365058769476167,0.0,0.0,0.0,3.2152000000000065,0.0,0.0,0.0,0.0,0.0,-6.076000000000015,-0.5000000001529016,1.2607622076611625e-26,-3.950000000552609,-7.664774787410857e-10,5.558989530437796e-26,2.5443999977398577,1.200059843138815e-17,0.5287515562600535,3.722001791000366,8464.94,792.6588245918119,2432.603511622222
-0.49953617447119136,-2.20074392455158e-21,-1.014449327677733,7.986297960747347e-18,0.5298798819298062,1.451740020666955e-17,0.04638256812905979,-2.2007579824713474e-19,-4.040932709740236,4.592016423782098,-8.737613426317047e-17,0.022951577026841835,0.0,0.0,0.0,3.334758000000007,0.0,0.0,0.0,0.0,0.0,-5.879800000000014,-0.5000000001565242,1.3610720398556129e-26,-4.150000000577774,4.0423179391465543e-10,4.471993689007266e-26,2.151999999743668,9.725709642351725e-18,0.5294223578564629,3.8900017738342285,9552.49,874.7039142883203,2767.2281300814643
-0.49767427884181215,-7.801461717475373e-21,-1.09563504337609,6.756535649526462e-18,0.5246758187486387,1.4473009830729914e-17,0.13980699480885814,-3.399959810452446e-19,-4.077638860095444,9.242079254010564,-6.057020221468872e-17,-0.2610610774796316,0.0,0.0,0.0,3.4503920000000075,0.0,0.0,0.0,0.0,0.0,-5.683600000000013,-0.49953617447119136,-2.20074392455158e-21,-4.34920732767774,0.04638256812905979,-2.2007579824713474e-19,1.8388672902597776,7.986297960747347e-18,0.5298798819298062,4.065001487731934,10699.8,962.5495693124478,3108.484466716679
-0.4935734151317008,-1.3316107922317432e-20,-1.176895583153605,5.880234138175908e-18,0.5095706216839158,1.4363213925725575e-17,0.27027937620227666,-2.1146863943896117e-19,-4.048415117656045,13.022951466723503,-4.123650548085928e-17,-0.7577652912095248,0.0,0.0,0.0,3.5621020000000074,0.0,0.0,0.0,0.0,0.0,-5.487400000000012,-0.49767427884181215,-7.801461717475373e-21,-4.546027043376098,0.13980699480885814,-3.399959810452446e-19,1.6059611399045686,6.756535649526462e-18,0.5246758187486387,4.231997013092041,11855.4,1054.2250217129044,3450.3568003511173
-0.4865993445763581,-1.392436425458189e-20,-1.257018983740463,5.2314187061236106e-18,0.4825958365493683,1.4192809624746576e-17,0.4271276793319892,1.5064300621251564e-19,-3.9639249410297674,16.07703062206768,-2.8479344287738595e-17,-1.3533083813139895,0.0,0.0,0.0,3.669888000000008,0.0,0.0,0.0,0.0,0.0,-5.291200000000011,-0.4935734151317008,-1.3316107922317432e-20,-4.738997583153612,0.27027937620227666,-2.1146863943896117e-19,1.4389848823439664,5.880234138175908e-18,0.5095706216839158,4.401001453399658,13010.4,1148.1127752761756,3790.3134890736274
-0.47633879284612773,-5.8946976872976906e-21,-1.3349803264565396,4.71997061176855e-18,0.44199375170168365,1.396710837322448e-17,0.5989274936910458,6.523236505159041e-19,-3.832209330577874,18.509715272786107,-2.0608395492105632e-17,-2.037323276504556,0.0,0.0,0.0,3.773750000000008,0.0,0.0,0.0,0.0,0.0,-5.0950000000000095,-0.4865993445763581,-1.392436425458189e-20,-4.926906983740471,0.4271276793319892,1.5064300621251564e-19,1.3272750589702431,5.2314187061236106e-18,0.4825958365493683,4.570001840591431,14155.8,1242.9084646886588,4125.934046763148
-0.46261507469651736,1.2269481297540979e-20,-1.4098986427831364,4.29442676223221e-18,0.38639893263106473,1.3693420733771792e-17,0.7734443212699837,1.1640942479679628e-18,-3.6596223020817993,20.399754624454516,-1.5824881724641866e-17,-2.7905360970783524,0.0,0.0,0.0,3.8736880000000085,0.0,0.0,0.0,0.0,0.0,-4.8988000000000085,-0.47633879284612773,-5.8946976872976906e-21,-5.108730326456548,0.5989274936910458,6.523236505159041e-19,1.2627906694221354,4.71997061176855e-18,0.44199375170168365,4.741997718811035,15282.9,1337.508807288169,4454.817984831321
-0.4455024282471105,3.932871766494769e-20,-1.481012893205418,3.953728690904163e-18,0.32665719689775996,1.343054678550869e-17,0.9378203236707032,1.5418293887727085e-18,-3.4518027401463423,21.80890165687852,-1.2495347803510493e-17,-2.9999656845686156,0.0,0.0,0.0,3.9697020000000083,0.0,0.0,0.0,0.0,0.0,-4.702600000000007,-0.46261507469651736,1.2269481297540979e-20,-5.283586642783145,0.7734443212699837,1.1640942479679628e-18,1.2391776979182092,4.29442676223221e-18,0.38639893263106473,4.911997556686401,16383.1,1430.7578406441469,4774.5596577875585
-0.4252833215259563,7.178741420995036e-20,-1.5476935761802448,3.693744759447136e-18,0.266941506832715,1.3191805244706415e-17,1.0840903484447186,1.7040402657275587e-18,-3.2162655573363343,22.792099243384413,-9.548917846782345e-18,-2.9999953100295103,0.0,0.0,0.0,4.0617920000000085,0.0,0.0,0.0,0.0,0.0,-4.506400000000006,-0.4455024282471105,3.932871766494769e-20,-5.450714893205427,0.9378203236707032,1.5418293887727085e-18,1.2507972598536652,3.953728690904163e-18,0.32665719689775996,5.069997310638428,17448.6,1521.8750045466454,5082.880050530981
-0.40236568763655495,1.0486573110942358e-19,-1.609461798313084,3.5169361587554256e-18,0.20725253094552257,1.2970445328502812e-17,1.2076730404954215,1.603791424219763e-18,-2.960556655947598,23.425111362001743,-6.270229391563097e-18,-2.99998957880157,0.0,0.0,0.0,4.149958000000008,0.0,0.0,0.0,0.0,0.0,-4.310200000000005,-0.4252833215259563,7.178741420995036e-20,-5.609485576180253,1.0840903484447186,1.7040402657275587e-18,1.290134442663672,3.693744759447136e-18,0.266941506832715,5.242997884750366,18473.2,1610.261060419537,5378.30350303516
-0.3772333677971487,1.329077045810613e-19,-1.6659797238460912,3.434767011075235e-18,0.14758996336190766,1.2759791023404089e-17,1.3055589434452046,1.2004059229440086e-18,-2.6912358973531303,23.785038715475277,-2.260736197733967e-18,-2.9999974398278897,0.0,0.0,0.0,4.234200000000008,0.0,0.0,0.0,0.0,0.0,-4.114000000000004,-0.40236568763655495,1.0486573110942358e-19,-5.7594197983130915,1.2076730404954215,1.603791424219763e-18,1.3496433440524074,3.5169361587554256e-18,0.20725253094552257,5.4179980754852295,19452.4,1695.3937453808865,5659.800914696339
-0.3504181080660548,1.4945448423093067e-19,-1.7170306106886548,3.4644854204566968e-18,0.08795403577259062,1.2552665063494656e-17,1.375967029664189,4.542720420429292e-19,-2.413852786903232,23.939416299714786,2.7190160510979084e-18,-2.9999918690221934,0.0,0.0,0.0,4.3145180000000085,0.0,0.0,0.0,0.0,0.0,-3.917800000000004,-0.3772333677971487,1.329077045810613e-19,-5.900179723846099,1.3055589434452046,1.2004059229440086e-18,1.422764102646874,3.434767011075235e-18,0.14758996336190766,5.582996368408203,20382.2,1776.8448221956924,5926.557235140524
-0.3224780836389939,1.4722862303650582e-19,-1.7624990100364166,3.627844825859716e-18,0.028344607221039486,1.2340953648162599e-17,1.418035413041903,-6.7685816148541445e-19,-2.1329871478729574,23.945843732440203,8.838348421044145e-18,-2.9999916059830305,0.0,0.0,0.0,4.390912000000008,0.0,0.0,0.0,0.0,0.0,-3.721600000000005,-0.3504181080660548,1.4945448423093067e-19,-6.031548610688663,1.375967029664189,4.542720420429292e-19,1.5039472130967724,3.4644854204566968e-18,0.08795403577259062,5.7439963817596436,21259.8,1854.259558154762,6177.932696695926
-0.29398217682374633,1.180534701609599e-19,-1.8023522146794124,3.950924777124925e-18,-0.03123847671558698,1.2115203576124456e-17,1.4315552684828519,-2.2406571260691787e-18,-1.8523333164266196,23.85227258859188,1.624575449285149e-17,-2.999997344897096,0.0,0.0,0.0,4.463382000000009,0.0,0.0,0.0,0.0,0.0,-3.5254000000000056,-0.3224780836389939,1.4722862303650582e-19,-6.153411010036425,1.418035413041903,-6.7685816148541445e-19,1.5886128521270475,3.627844825859716e-18,0.028344607221039486,5.915001153945923,22082.8,1927.3421798219595,6413.434642975231
-0.2654991038780215,5.272125634283549e-20,-1.8366236375744687,4.464310446440277e-18,-0.09079493001801255,1.186418269240118e-17,1.4167520260896285,-4.292564255743262e-18,-1.5748089730790154,23.6977788761664,2.508153953253241e-17,-2.999986903873395,0.0,0.0,0.0,4.531928000000009,0.0,0.0,0.0,0.0,0.0,-3.3292000000000064,-0.29398217682374633,1.180534701609599e-19,-6.265734214679421,1.4315552684828519,-2.2406571260691787e-18,1.673066683573386,3.950924777124925e-18,-0.03123847671558698,6.090000629425049,22849.7,1995.8460181113574,6632.698598236573
-0.2375904605388474,-5.918330763647367e-20,-1.8653984625963207,5.203956220087389e-18,-0.15032514271866462,1.1574344388595418e-17,1.374112307827779,-6.897892142187654e-18,-1.3026735291062,23.513625499625974,3.550613154000181e-17,-2.9999943403871194,0.0,0.0,0.0,4.596550000000009,0.0,0.0,0.0,0.0,0.0,-3.133000000000007,-0.2654991038780215,5.272125634283549e-20,-6.368551637574477,1.4167520260896285,-4.292564255743262e-18,1.754391026920991,4.464310446440277e-18,-0.09079493001801255,6.261996507644653,23559.8,2059.5669808290704,6835.47721376439
-0.21080682514668914,-2.295029477166742e-19,-1.888801660827669,6.212045088762127e-18,-0.20982848375950855,1.1229167857704408e-17,1.304251231388045,-1.0134071865832399e-17,-1.037646294028648,23.32440419274424,4.7692247965749093e-17,-2.9999681874663797,0.0,0.0,0.0,4.657248000000009,0.0,0.0,0.0,0.0,0.0,-2.936800000000008,-0.2375904605388474,-5.918330763647367e-20,-6.461948462596329,1.374112307827779,-6.897892142187654e-18,1.8303264708938072,5.203956220087389e-18,-0.15032514271866462,6.427001714706421,24212.3,2118.339044399487,7021.635760342577
-0.185686161321521,-4.717741733738724e-19,-1.9069882876322681,7.538631618817678e-18,-0.2693034433357096,1.0808298054593822e-17,1.2078151511287678,-1.4093050699887426e-17,-0.7810163864312585,23.14923555921631,6.185430442593585e-17,-2.99986402537697,0.0,0.0,0.0,4.714022000000009,0.0,0.0,0.0,0.0,0.0,-2.7406000000000086,-0.21080682514668914,-2.295029477166742e-19,-6.546049660827678,1.304251231388045,-1.0134071865832399e-17,1.89915370597136,6.212045088762127e-18,-0.20982848375950855,6.584001064300537,24806.9,2172.031357955201,7191.15338311786
-0.16275388658321924,-8.015468635672529e-19,-1.9201358647748168,9.210632555624319e-18,-0.3172334283926036,1.0389039897802838e-17,1.0854123227014072,-1.8884218319450623e-17,-0.5337413278236054,23.002857431962617,7.82307796175764e-17,-2.4183651263198778,0.0,0.0,0.0,4.766872000000009,0.0,0.0,0.0,0.0,0.0,-2.5444000000000093,-0.185686161321521,-4.717741733738724e-19,-6.621010287632277,1.2078151511287678,-1.4093050699887426e-17,1.95958361356875,7.538631618817678e-18,-0.2693034433357096,6.755002021789551,25344,2220.388682516521,7344.128836412569
-0.14247411160981874,-1.2362501675807701e-18,-1.928421864155101,1.1226780268198906e-17,-0.3420218192697356,1.0121328289350165e-17,0.9425651746386419,-2.4586112081901107e-17,-0.2948586102048285,22.896630695377752,9.736382384754177e-17,-1.2509119005510705,0.0,0.0,0.0,4.815798000000009,0.0,0.0,0.0,0.0,0.0,-2.34820000000001,-0.16275388658321924,-8.015468635672529e-19,-6.6870078647748254,1.0854123227014072,-1.8884218319450623e-17,2.0106586721764037,9.210632555624319e-18,-0.3172334283926036,6.917996406555176,25823.6,2263.4457819733598,7480.8480743720465
-0.1251536395400149,-1.7947088325926307e-18,-1.9319811089568315,1.3631869325752377e-17,-0.34586981812005546,1.0070524804924014e-17,0.7894820323417417,-3.1259754419284934e-17,-0.06106586996820595,22.82149234338612,1.2050808006321427e-16,-0.19418915731967853,0.0,0.0,0.0,4.860800000000009,0.0,0.0,0.0,0.0,0.0,-2.152000000000011,-0.14247411160981874,-1.2362501675807701e-18,-6.744219864155109,0.9425651746386419,-2.4586112081901107e-17,2.0533413897951815,1.1226780268198906e-17,-0.3420218192697356,7.084000587463379,26244.6,2301.3090416320524,7601.0694526098905
-0.1109060572224215,-2.497439748754866e-18,-1.9308851508727047,1.648340687664206e-17,-0.3317955035244254,1.0295224681432315e-17,0.635276199417599,-3.901333719693858e-17,0.17066167838090238,22.74320918119885,1.4767203548371848e-16,0.71027206610267,0.0,0.0,0.0,4.90187800000001,0.0,0.0,0.0,0.0,0.0,-1.9558000000000113,-0.1251536395400149,-1.7947088325926307e-18,-6.792781108956841,0.7894820323417417,-3.1259754419284934e-17,2.0909341300318047,1.3631869325752377e-17,-0.34586981812005546,7.255000114440918,26603.9,2333.790408464668,7703.693874812785
-0.09967484249220139,-3.3674889859925254e-18,-1.925154755612146,1.9863142777387088e-17,-0.30333006214899433,1.0839743864846658e-17,0.48784527360441116,-4.7991586526827367e-17,0.4023778476749541,22.63007544339111,1.7914411766235008e-16,1.4366411891490516,0.0,0.0,0.0,4.93903200000001,0.0,0.0,0.0,0.0,0.0,-1.7596000000000112,-0.1109060572224215,-2.497439748754866e-18,-6.832763150872714,0.635276199417599,-3.901333719693858e-17,2.1264616783809136,1.648340687664206e-17,-0.3317955035244254,7.422000408172607,26898.1,2360.682011613506,7787.56359772662
-0.09125972003464848,-4.431092074150138e-18,-1.914782197713637,2.3875634831860618e-17,-0.2642619257190457,1.1729683864231868e-17,0.35366697215087955,-5.836872228893391e-17,0.6348779421759602,22.4603866621952,2.1509505026018113e-16,1.9720730312194776,0.0,0.0,0.0,4.97226200000001,0.0,0.0,0.0,0.0,0.0,-1.563400000000011,-0.09967484249220139,-3.3674889859925254e-18,-6.864186755612156,0.48784527360441116,-4.7991586526827367e-17,2.161977847674965,1.9863142777387088e-17,-0.30333006214899433,7.60099983215332,27124.2,2381.792667311905,7851.720012543468
-0.08534743376657515,-5.718215521080352e-18,-1.899755822613904,2.8653794363035903e-17,-0.21840441952029557,1.2969955451673375e-17,0.2375616546564531,-7.034362240408747e-17,0.8677595677973485,22.225631948067008,2.561738487944789e-16,2.315338364866328,0.0,0.0,0.0,5.0015680000000104,0.0,0.0,0.0,0.0,0.0,-1.3672000000000109,-0.09125972003464848,-4.431092074150138e-18,-6.887044197713648,0.35366697215087955,-5.836872228893391e-17,2.198277942175971,2.3875634831860618e-17,-0.2642619257190457,7.771997451782227,27280.4,2396.977417952857,7895.570046399631
-0.081546525466519,-7.2630892373916e-18,-1.8800808213710483,3.434018198099172e-17,-0.16938229377011524,1.454333289690966e-17,0.14252917534916246,-8.414374922703722e-17,1.099740556488236,21.930009758296773,3.0244240454037394e-16,2.4758322410077964,0.0,0.0,0.0,5.026950000000011,0.0,0.0,0.0,0.0,0.0,-1.1710000000000107,-0.08534743376657515,-5.718215521080352e-18,-6.901323822613914,0.2375616546564531,-7.034362240408747e-17,2.2349595677973593,2.8653794363035903e-17,-0.21840441952029557,7.944997787475586,27366.4,2406.1559840171735,7918.951566217344
-0.07942374791853793,-9.104810605781648e-18,-1.855792357216245,4.108534704881726e-17,-0.12043245826980936,1.6408732945459694e-17,0.0697485794489445,-1.0002838761196765e-16,1.3291058589920977,21.587197701114093,3.5430407958642277e-16,2.472922626133939,0.0,0.0,0.0,5.048408000000012,0.0,0.0,0.0,0.0,0.0,-0.9748000000000105,-0.081546525466519,-7.2630892373916e-18,-6.907030821371059,0.14252917534916246,-8.414374922703722e-17,2.2707405564882466,3.434018198099172e-17,-0.16938229377011524,8.115998268127441,27382.8,2409.318379042373,7922.104108472303
-0.07853855300735527,-1.1288073782404868e-17,-1.8269598399717768,4.904244981316853e-17,-0.07425563959103926,1.8499352933319207e-17,0.0187709116693221,-1.1829793005035425e-16,1.5541458654547093,21.21567024965689,4.122979507120843e-16,2.3334786960142817,0.0,0.0,0.0,5.065942000000011,0.0,0.0,0.0,0.0,0.0,-0.7786000000000104,-0.07942374791853793,-9.104810605781648e-18,-6.904200357216257,0.0697485794489445,-1.0002838761196765e-16,2.303905858992108,4.108534704881726e-17,-0.12043245826980936,8.285000562667847,27331.2,2406.5186613195146,7905.570848471224
-0.07847226000712339,-1.386410180519264e-17,-1.7936835902998323,5.836885735833442e-17,-0.03292128085259729,2.0722274701359242e-17,-0.012141611646134254,-1.3930487222842295e-16,1.7734791017397549,20.834073926818288,4.773570269380036e-16,2.0892550532153824,0.0,0.0,0.0,5.079552000000012,0.0,0.0,0.0,0.0,0.0,-0.5824000000000102,-0.07853855300735527,-1.1288073782404868e-17,-6.892901839971788,0.0187709116693221,-1.1829793005035425e-16,2.3327458654547195,4.904244981316853e-17,-0.07425563959103926,8.444995880126953,27213.9,2397.861622990623,7870.071272678562
-0.07884976706432785,-1.6891809272260854e-17,-1.7560866726355373,6.92399720449921e-17,0.0021588636155595903,2.296069279885026e-17,-0.02560909407431203,-1.6346587447839851e-16,1.9862126646897278,20.457763317987162,5.51262786255348e-16,1.7734424025095794,0.0,0.0,0.0,5.089238000000012,0.0,0.0,0.0,0.0,0.0,-0.38620000000001026,-0.07847226000712339,-1.386410180519264e-17,-6.873235590299844,-0.012141611646134254,-1.3930487222842295e-16,2.355879101739765,5.836885735833442e-17,-0.03292128085259729,8.611000299453735,27033.2,2383.4872846521007,7816.383832143909
-0.07935327159196455,-2.0439231442715165e-17,-1.7143050175110002,8.182198695750985e-17,0.03020794178710603,2.50794751495187e-17,-0.024741358689358787,-1.912763425670323e-16,2.1919528477639716,20.09705598678912,6.343704414480708e-16,1.4181594114068776,0.0,0.0,0.0,5.095000000000012,0.0,0.0,0.0,0.0,0.0,-0.19000000000001027,-0.07884976706432785,-1.6891809272260854e-17,-6.84532467263555,-0.02560909407431203,-1.6346587447839851e-16,2.372412664689738,6.92399720449921e-17,0.0021588636155595903,8.768999814987183,26791.7,2363.5576447622593,7745.2643620772005
-0.07972875302500373,-2.4585077194248145e-17,-1.6684783555942664,9.634738985586215e-17,0.051001400680465235,2.693334865200322e-17,-0.012806784614559644,-2.2330823258626554e-16,2.390713343909397,19.757038465682744,7.306221898865581e-16,1.0513881598799721,0.0,0.0,0.0,5.096838000000013,0.0,0.0,0.0,0.0,0.0,0.006199999999989755,-0.07935327159196455,-2.0439231442715165e-17,-6.809305017511012,-0.024741358689358787,-1.912763425670323e-16,2.3819528477639818,8.182198695750985e-17,0.03020794178710603,8.927995920181274,26491.6,2338.2472635806275,7657.407664470276
-0.07978669660050686,-2.942047346206965e-17,-1.6187434454487228,1.1308299119970685e-16,0.06476922061345484,2.8377455869047477e-17,0.007012427064246206,-2.60231394195885e-16,2.582777670644967,19.438492004718093,8.419997524587231e-16,0.6961714441958677,0.0,0.0,0.0,5.094752000000013,0.0,0.0,0.0,0.0,0.0,0.20239999999998978,-0.07972875302500373,-2.4585077194248145e-17,-6.76531635559428,-0.012806784614559644,-2.2330823258626554e-16,2.3845133439094073,9.634738985586215e-17,0.051001400680465235,9.08299994468689,26135,2307.738527916599,7553.445661802868
-0.07939869381519073,-3.5050936645825136e-17,-1.5652300575920715,1.3235451681904634e-16,0.0720852711027305,2.9277376488865685e-17,0.03178785146736656,-3.028149241796632e-16,2.768561115020173,19.13930337232138,9.71363299960926e-16,0.36994153064581786,0.0,0.0,0.0,5.088742000000013,0.0,0.0,0.0,0.0,0.0,0.39859999999998974,-0.07978669660050686,-2.942047346206965e-17,-6.713495445448736,0.007012427064246206,-2.60231394195885e-16,2.3803776706449775,1.1308299119970685e-16,0.06476922061345484,9.238995790481567,25724.1,2272.220192376864,7433.968182123262
-0.07849132541491768,-4.15984161521528e-17,-1.5080594462186176,1.5455390415217818e-16,0.07375969586155189,2.9518219823805714e-17,0.05894898855993757,-3.5193302645310356e-16,2.9485000223251916,18.855914520169417,1.1216437274510744e-15,0.0846687410557159,0.0,0.0,0.0,5.078808000000014,0.0,0.0,0.0,0.0,0.0,0.5947999999999898,-0.07939869381519073,-3.5050936645825136e-17,-6.653972057592084,0.03178785146736656,-3.028149241796632e-16,2.369961115020183,1.3235451681904634e-16,0.0720852711027305,9.389999866485596,25260.9,2231.8881634613745,7299.552712295641
-0.07703843690065253,-4.9203452482462055e-17,-1.4473446540510722,1.801552838536788e-16,0.07074818706780861,2.9012911742698703e-17,0.08633986286657895,-4.08570606577822e-16,3.122979194429348,18.584490080918624,1.2964007151276302e-15,-0.15227968852821888,0.0,0.0,0.0,5.064950000000014,0.0,0.0,0.0,0.0,0.0,0.7909999999999899,-0.07849132541491768,-4.15984161521528e-17,-6.586867446218632,0.05894898855993757,-3.5193302645310356e-16,2.353700022325202,1.5455390415217818e-16,0.07375969586155189,9.54699444770813,24747.5,2186.9472492409277,7150.792855128828
-0.07505261067145318,-5.802749906376425e-17,-1.3831919001119246,2.097103250655736e-16,0.06406194585121322,2.7706579920246098e-17,0.11224276005335719,-4.73834051552398e-16,3.2922961994854063,18.321683947430937,1.4989273319282484e-15,-0.33809727203302475,0.0,0.0,0.0,5.047168000000014,0.0,0.0,0.0,0.0,0.0,0.9871999999999901,-0.07703843690065253,-4.9203452482462055e-17,-6.512294654051086,0.08633986286657895,-4.08570606577822e-16,2.3319791944293584,1.801552838536788e-16,0.07074818706780861,9.702999114990234,24186.1,2137.613002653073,6988.319820030952
-0.07257645750178396,-6.825545646151754e-17,-1.3157023804993793,2.4384568571451934e-16,0.054704575207088116,2.5580794758908163e-17,0.13537255691356442,-5.489616882229314e-16,3.456655761769138,18.065034282906193,1.7324755374597487e-15,-0.47317025570647697,0.0,0.0,0.0,5.025462000000014,0.0,0.0,0.0,0.0,0.0,1.1833999999999902,-0.07505261067145318,-5.802749906376425e-17,-6.430359900111939,0.11224276005335719,-4.73834051552398e-16,2.3050961994854164,2.097103250655736e-16,0.06406194585121322,9.858995199203491,23579.3,2084.1131855077792,6812.815121976589
-0.06967421266674487,-8.009843352584373e-17,-1.2449739879309474,2.8327450670182747e-16,0.043620163726981395,2.2655867185196156e-17,0.1548519265903453,-6.353360182096875e-16,3.6161834950740666,17.81303357693933,2.001056508254665e-15,-0.5605085926020054,0.0,0.0,0.0,4.999832000000015,0.0,0.0,0.0,0.0,0.0,1.3795999999999904,-0.07257645750178396,-6.825545646151754e-17,-6.341164380499394,0.13537255691356442,-5.489616882229314e-16,2.273255761769148,2.4384568571451934e-16,0.054704575207088116,10.0189950466156,22929.4,2026.6885139400563,6625.0148616323695
-0.06642398514259572,-9.379682625982407e-17,-1.1711026608338952,3.2879264714361067e-16,0.03165591226947207,1.8991831384167316e-17,0.1701708258245701,-7.345032551883472e-16,3.7709492146311447,17.564993949469958,2.3087126591207726e-15,-0.605010025509507,0.0,0.0,0.0,4.9702780000000155,0.0,0.0,0.0,0.0,0.0,1.5757999999999905,-0.06967421266674487,-8.009843352584373e-17,-6.244805987930962,0.1548519265903453,-6.353360182096875e-16,2.2365834950740764,2.8327450670182747e-16,0.043620163726981395,10.16999888420105,22239.4,1965.5927095570921,6425.707771608255
-0.06291092574395905,-1.096237999145301e-16,-1.0941832504862121,3.8129447673640036e-16,0.019538020826722763,1.468806852122475e-17,0.18113511403909666,-8.4819411028225545e-16,3.920991820137166,17.320808113628065,2.660506347099594e-15,-0.6127904683731665,0.0,0.0,0.0,4.936800000000015,0.0,0.0,0.0,0.0,0.0,1.7719999999999907,-0.06642398514259572,-9.379682625982407e-17,-6.141380660833911,0.1701708258245701,-7.345032551883472e-16,2.1951492146311544,3.2879264714361067e-16,0.03165591226947207,10.327998161315918,21512.1,1901.0919668481183,6215.729453982907
-0.05922148313245449,-1.2788925641795497e-16,-1.0143099280042256,4.4177520067389096e-16,0.007859213258067961,9.881408663616493e-18,0.18780914711136,-9.783515400602338e-16,4.066340428061471,17.08069043485067,3.0618021872797987e-15,-0.5905967327407292,0.0,0.0,0.0,4.899398000000016,0.0,0.0,0.0,0.0,0.0,1.9681999999999908,-0.06291092574395905,-1.096237999145301e-16,-6.030983250486227,0.18113511403909666,-8.4819411028225545e-16,2.1489918201371756,3.8129447673640036e-16,0.019538020826722763,10.485994100570679,20750.6,1833.4640339102993,5995.955100623281
-0.0554388228443201,-1.489443622465968e-16,-0.9315762325211863,5.113325677526576e-16,-0.0029239073052001623,4.7426799258260576e-18,0.19045688170207975,-1.1271590428039478e-15,4.207029120242476,16.844954839498023,3.5181739422002745e-15,-0.5453102671788578,0.0,0.0,0.0,4.858072000000016,0.0,0.0,0.0,0.0,0.0,2.1643999999999903,-0.05922148313245449,-1.2788925641795497e-16,-5.913707928004241,0.18780914711136,-9.783515400602338e-16,2.0981404280614804,4.4177520067389096e-16,0.007859213258067961,10.640998363494873,19958.1,1762.9971130683361,5767.292427148148
-0.051639400672737014,-1.731866305400079e-16,-0.8460748926696031,5.912126139401584e-16,-0.012485654983697338,-5.285858698110897e-19,0.18948533545622825,-1.2970677865371649e-15,4.343104864915835,16.613858251497653,4.037557844847727e-15,-0.4835505769155255,0.0,0.0,0.0,4.812822000000016,0.0,0.0,0.0,0.0,0.0,2.3605999999999896,-0.0554388228443201,-1.489443622465968e-16,-5.789648232521202,0.19045688170207975,-1.1271590428039478e-15,2.0426291202424856,5.113325677526576e-16,-0.0029239073052001623,10.796995162963867,19137.7,1689.988754409256,5530.675859931809
-0.04789061467244294,-2.0106566577459497e-16,-0.7578975478048731,6.828173467557437e-16,-0.02062023896000489,-5.7111334274595546e-18,0.18539326457317928,-1.4908357369215448e-15,4.474629621557183,16.38751515329137,4.6282553090404304e-15,-0.4113808042249518,0.0,0.0,0.0,4.763648000000017,0.0,0.0,0.0,0.0,0.0,2.556799999999989,-0.051639400672737014,-1.731866305400079e-16,-5.658896892669619,0.18948533545622825,-1.2970677865371649e-15,1.9825048649158457,5.912126139401584e-16,-0.012485654983697338,10.954994440078735,18292.9,1614.744859762274,5287.062378762184
-0.04424941349084131,-2.3308966753519677e-16,-0.6671344680429779,7.877152474216289e-16,-0.027226860377571785,-1.0570141085876497e-17,0.17872685358698337,-1.7115644391386338e-15,4.6016783546323285,16.16587335021861,5.299015311444648e-15,-0.33411107673023155,0.0,0.0,0.0,4.7105500000000164,0.0,0.0,0.0,0.0,0.0,2.752999999999988,-0.04789061467244294,-2.0106566577459497e-16,-5.52154554780489,0.18539326457317928,-1.4908357369215448e-15,1.917829621557194,6.828173467557437e-16,-0.02062023896000489,11.108998537063599,17427,1537.5788562738012,5037.428943644042
-0.04076171247620008,-2.6983265051933554e-16,-0.5738743365110768,9.076652965429406e-16,-0.03229265840236982,-1.486626647655572e-17,0.17004324787714054,-1.9627338592752486e-15,4.7243347985577895,15.948733244439325,6.0596785945332264e-15,-0.25618933237902247,0.0,0.0,0.0,4.6535280000000165,0.0,0.0,0.0,0.0,0.0,2.9491999999999874,-0.04424941349084131,-2.3308966753519677e-16,-5.377684468042994,0.17872685358698337,-1.7115644391386338e-15,1.8486783546323404,7.877152474216289e-16,-0.027226860377571785,11.266997814178467,16543.6,1458.8110501563176,4782.771157355478
-0.03746245996354025,-3.1194238346817053e-16,-0.4782041230622029,1.044681507462224e-15,-0.035874951756681414,-1.8365236287349847e-17,0.1598820033888423,-2.248239435608255e-15,4.842686546329601,15.735791441475943,6.923209752112823e-15,-0.18116539607131454,0.0,0.0,0.0,4.592582000000017,0.0,0.0,0.0,0.0,0.0,3.1453999999999867,-0.04076171247620008,-2.6983265051933554e-16,-5.227402336511093,0.17004324787714054,-1.9627338592752486e-15,1.775134798557802,9.076652965429406e-16,-0.03229265840236982,11.423998832702637,15646.1,1378.7681382131743,4524.102715041106
-0.03437619986735828,-3.6014921629446867e-16,-0.3802090517941299,1.2010117732137803e-15,-0.03808390647351098,-2.084725002195153e-17,0.1487440062293548,-2.5724438470215568e-15,4.956820580477698,15.52669215668272,7.901370056017803e-15,-0.11171238458225356,0.0,0.0,0.0,4.527712000000017,0.0,0.0,0.0,0.0,0.0,3.341599999999986,-0.03746245996354025,-3.1194238346817053e-16,-5.07078612306222,0.1598820033888423,-2.248239435608255e-15,1.697286546329614,1.044681507462224e-15,-0.035874951756681414,11.585998296737671,14738.2,1297.7828376910454,4262.455218443234
-0.031517988809463035,-4.1527581918534815e-16,-0.27997264715247,1.3791899969003707e-15,-0.039066450791306696,-2.2115774958647534e-17,0.13707709956016956,-2.9402164420663897e-15,5.066819883688295,15.321074537861385,9.008447756445782e-15,-0.04968974647091839,0.0,0.0,0.0,4.4589180000000175,0.0,0.0,0.0,0.0,0.0,3.537799999999985,-0.03437619986735828,-3.6014921629446867e-16,-4.907921051794147,0.1487440062293548,-2.5724438470215568e-15,1.6152205804777124,1.2010117732137803e-15,-0.03808390647351098,11.748997688293457,13823.6,1216.1935909547892,3998.8780293144873
-0.028894542852551885,-4.782478231078787e-16,-0.1775768347638388,1.582082966608787e-15,-0.03899197929152759,-2.2005425703531322e-17,0.12526749613094523,-3.356983950186663e-15,5.172761355174826,15.118609023749682,1.0261027823561776e-14,0.0037662118917914625,0.0,0.0,0.0,4.386200000000017,0.0,0.0,0.0,0.0,0.0,3.7339999999999844,-0.031517988809463035,-4.1527581918534815e-16,-4.738890647152488,0.13707709956016956,-2.9402164420663897e-15,1.5290198836883095,1.3791899969003707e-15,-0.039066450791306696,11.905994415283203,12905.9,1134.3443062048814,3734.437956879888
-0.026505507876139256,-5.501055680913563e-16,-0.07310207158756915,1.812886145308639e-15,-0.038040153344751505,-2.0388516736156763e-17,0.11363600151031805,-3.8287905481610914e-15,5.274714962452135,14.91902017556623,1.167544858607748e-14,0.04813624650728082,0.0,0.0,0.0,4.309558000000018,0.0,0.0,0.0,0.0,0.0,3.9301999999999837,-0.028894542852551885,-4.782478231078787e-16,-4.563776834763856,0.12526749613094523,-3.356983950186663e-15,1.4387613551748415,1.582082966608787e-15,-0.03899197929152759,12.06299901008606,11989.1,1052.5841048443378,3470.2186857200345
-0.024344766996892045,-6.320169929430677e-16,0.03337251686488479,2.0751962667740387e-15,-0.03639091685975556,-1.718011185655737e-17,0.10243808641440305,-4.362351937010058e-15,5.372743882793257,14.722096561597205,1.3271724154566703e-14,0.08340608411734665,0.0,0.0,0.0,4.2289920000000185,0.0,0.0,0.0,0.0,0.0,4.126399999999984,-0.026505507876139256,-5.501055680913563e-16,-4.382660071587587,0.11363600151031805,-3.8287905481610914e-15,1.3445149624521515,1.812886145308639e-15,-0.038040153344751505,12.216997385025024,11076.8,971.267056842379,3207.3199360190333
-0.022401717125614798,-7.25291777219226e-16,0.14176900886499585,2.3730155964648647e-15,-0.03421670261014005,-1.2341414936336212e-17,0.09186690071332154,-4.96512649060578e-15,5.466905317217849,14.527690161225978,1.5070119993739274e-14,0.10995560080768618,0.0,0.0,0.0,4.144502000000018,0.0,0.0,0.0,0.0,0.0,4.322599999999985,-0.024344766996892045,-6.320169929430677e-16,-4.195619483135133,0.10243808641440305,-4.362351937010058e-15,1.2463438827932727,2.0751962667740387e-15,-0.03639091685975556,12.375993967056274,10173.1,890.7518952845721,2946.856402563655
-0.02066246410460946,-8.313968685197454e-16,0.2520105786834688,2.7108102979927615e-15,-0.03167669979020073,-5.881444834373792e-18,0.08205840138721243,-5.6453826394461634e-15,5.557251664629449,14.335708551895816,1.709391097785034e-14,0.12845456299176392,0.0,0.0,0.0,4.056088000000019,0.0,0.0,0.0,0.0,0.0,4.518799999999986,-0.022401717125614798,-7.25291777219226e-16,-4.002732991135022,0.09186690071332154,-4.96512649060578e-15,1.1443053172178637,2.3730155964648647e-15,-0.03421670261014005,12.531993627548218,9281.9,811.4017090003734,2689.956544785596
-0.019110901462336724,-9.519734747096705e-16,0.364021413282621,3.0935719883969312e-15,-0.028912982037240614,2.143071876242515e-18,0.07309786284006142,-6.412277979546349e-15,5.643831795285768,14.146103133465825,1.9369553944952076e-14,0.1397685367925915,0.0,0.0,0.0,3.9637500000000188,0.0,0.0,0.0,0.0,0.0,4.714999999999987,-0.02066246410460946,-8.313968685197454e-16,-3.8040774213165496,0.08205840138721243,-5.6453826394461634e-15,1.0384516646294628,2.7108102979927615e-15,-0.03167669979020073,12.687993049621582,8407.12,733.5836172892602,2437.7613041266427
-0.017729651391100165,-1.0888557525270491e-15,0.4777266535911184,3.526841291774973e-15,-0.026048251379419553,1.1629500854877571e-17,0.06502714428359418,-7.275949802191506e-15,5.726692235563961,13.958856133856091,2.1924767067480635e-14,0.1448771724892683,0.0,0.0,0.0,3.867488000000019,0.0,0.0,0.0,0.0,0.0,4.9111999999999885,-0.019110901462336724,-9.519734747096705e-16,-3.5997285867173976,0.07309786284006142,-6.412277979546349e-15,0.928831795285781,3.0935719883969312e-15,-0.028912982037240614,12.843992948532104,7552.83,657.6684334661068,2191.4228148777584
-0.016500857949234768,-1.2440913030788378e-15,0.5930523574548736,4.016783579479085e-15,-0.023184932428675854,2.2432672260358874e-17,0.05785219990294569,-8.247605252987358e-15,5.805878150811557,13.77396839545728,2.4791162060377195e-14,0.14480592709605802,0.0,0.0,0.0,3.767302000000019,0.0,0.0,0.0,0.0,0.0,5.1073999999999895,-0.017729651391100165,-1.0888557525270491e-15,-3.3897613464089007,0.06502714428359418,-7.275949802191506e-15,0.8154922355639727,3.526841291774973e-15,-0.026048251379419553,12.997998237609863,6723.09,584.0303246862313,1952.1031575340505
-0.01540683167115599,-1.4199636037605197e-15,0.7099254797407425,4.570245510363425e-15,-0.020405348148064606,3.436968905335219e-17,0.05155042790493198,-9.33962481518084e-15,5.881434077775333,13.591449165767488,2.8003260497660832e-14,0.14057137268440442,0.0,0.0,0.0,3.663192000000019,0.0,0.0,0.0,0.0,0.0,5.3035999999999905,-0.016500857949234768,-1.2440913030788378e-15,-3.1742496425451456,0.05785219990294569,-8.247605252987358e-15,0.6984781508115674,4.016783579479085e-15,-0.023184932428675854,13.15799355506897,5922,513.0464748931017,1720.9731851257104
-0.01443055179846109,-1.6190165755075825e-15,0.8282738645855717,5.194807982683993e-15,-0.01777271957273092,4.722590704944446e-17,0.0460775593645581,-1.0565672359525425e-14,5.953404406707586,13.411308438188746,3.159829651306756e-14,0.13313953027349856,0.0,0.0,0.0,3.5551580000000196,0.0,0.0,0.0,0.0,0.0,5.499799999999992,-0.01540683167115599,-1.4199636037605197e-15,-2.9532665202592767,0.05155042790493198,-9.33962481518084e-15,0.5778340777753428,4.570245510363425e-15,-0.020405348148064606,13.31599736213684,5153.67,445.0967563454932,1499.211436517095
-0.01355603737611701,-1.8440813962359635e-15,0.9480262450981197,5.8988889894982735e-15,-0.015332753156932428,6.076188205116559e-17,0.041373882869849866,-1.1940809713312654e-14,6.021833644547209,13.233551875077449,3.561872420587862e-14,0.12339615261565906,0.0,0.0,0.0,3.4432000000000196,0.0,0.0,0.0,0.0,0.0,5.695999999999993,-0.01443055179846109,-1.6190165755075825e-15,-2.7268841354144477,0.0460775593645581,-1.0565672359525425e-14,0.45360440670759417,5.194807982683993e-15,-0.01777271957273092,13.470992803573608,4422.25,380.56341351189684,1288.003138132988
-0.01276860171372526,-2.098305772011491e-15,1.0691122466055072,6.691808716184878e-15,-0.013115607597426169,7.472099607810531e-17,0.037369683369325064,-1.3481627864240088e-14,6.08676650619155,13.058177997351196,4.011029315930063e-14,0.11212753175622898,0.0,0.0,0.0,3.3273180000000195,0.0,0.0,0.0,0.0,0.0,5.892199999999994,-0.01355603737611701,-1.8440813962359635e-15,-2.4951737549019,0.041373882869849866,-1.1940809713312654e-14,0.32583364454721675,5.8988889894982735e-15,-0.015332753156932428,13.625997304916382,3731.91,319.83076149700076,1088.5392874247598
-0.012055006462742952,-2.385185882877051e-15,1.1914623905093444,7.583876040715803e-15,-0.01113806385577085,8.883742727198619e-17,0.03398984172890599,-1.5206383222315916e-14,6.148247884192179,12.88517713283529,4.512311864646358e-14,0.10001022053770942,0.0,0.0,0.0,3.20751200000002,0.0,0.0,0.0,0.0,0.0,6.088399999999995,-0.01276860171372526,-2.098305772011491e-15,-2.2582057533945123,0.037369683369325064,-1.3481627864240088e-14,0.19456650619155624,6.691808716184878e-15,-0.013115607597426169,13.782992362976074,3086.82,263.28489980531634,902.0158072152647
-0.01140353209628439,-2.7086011502461243e-15,1.3150080968505407,8.586486131565462e-15,-0.009405752642756168,1.0284421431173293e-16,0.031157594916950283,-1.7135143514591412e-14,6.206322749927407,12.714531938560684,5.071223427012275e-14,0.08760812434106008,0.0,0.0,0.0,3.0837820000000202,0.0,0.0,0.0,0.0,0.0,6.284599999999996,-0.012055006462742952,-2.385185882877051e-15,-2.0160496094906755,0.03398984172890599,-1.5206383222315916e-14,0.0598478841921839,7.583876040715803e-15,-0.01113806385577085,13.938992738723755,2491.19,211.3134417410979,729.632758944736
-0.010803981174948062,-3.072852033474984e-15,1.4396816844955054,9.712230899425035e-15,-0.007915332145014912,1.1648111593694496e-16,0.028797497216682462,-1.9289944808294547e-14,6.261036014569056,12.546218198553364,5.6938237104106e-14,0.07537501564548771,0.0,0.0,0.0,2.95612800000002,0.0,0.0,0.0,0.0,0.0,6.480799999999997,-0.01140353209628439,-2.7086011502461243e-15,-1.7687739031494796,0.031157594916950283,-1.7135143514591412e-14,-0.07827725007258834,8.586486131565462e-15,-0.009405752642756168,14.092999458312988,1949.23,164.30525760723944,572.5936030048805
-0.010247629715057483,-3.4827010970699952e-15,1.5654163684968616,1.0975004916955447e-14,-0.006656530638329745,1.295020224892348e-16,0.026837648772375385,-2.1694961551206627e-14,6.312432385566575,12.380206373185489,6.386705698540403e-14,0.06366136584658652,0.0,0.0,0.0,2.82455000000002,0.0,0.0,0.0,0.0,0.0,6.676999999999998,-0.010803981174948062,-3.072852033474984e-15,-1.5164463155045147,0.028797497216682462,-1.9289944808294547e-14,-0.21976398543094078,9.712230899425035e-15,-0.007915332145014912,14.251996755599976,1465.16,122.65023176221864,432.10449802682876
-0.009727140471727382,-3.943417582865376e-15,1.692146254704081,1.2390117981425884e-14,-0.005613999251766179,1.4168168815348883e-16,0.02521127556063483,-2.4376687028331406e-14,6.360556235155366,12.216463130516804,7.157029371035693e-14,0.05272394579072085,0.0,0.0,0.0,2.68904800000002,0.0,0.0,0.0,0.0,0.0,6.873199999999999,-0.010247629715057483,-3.4827010970699952e-15,-1.2591336315031583,0.026837648772375385,-2.1694961551206627e-14,-0.36456761443342245,1.0975004916955447e-14,-0.006656530638329745,14.406996488571167,1043.19,86.73903172711366,309.3736313603119
-0.00923645018855571,-4.460825698483382e-15,1.8198063319629674,1.397443559372838e-14,-0.004768941528390317,1.5282162275092733e-16,0.023857752756532423,-2.7364124533469243e-14,6.4054514907332685,12.054952746294278,8.012663207793295e-14,0.042737113568684724,0.0,0.0,0.0,2.5496220000000203,0.0,0.0,0.0,0.0,0.0,7.0694,-0.009727140471727382,-3.943417582865376e-15,-0.996901745295939,0.02521127556063483,-2.4376687028331406e-14,-0.5126437648446327,1.2390117981425884e-14,-0.005613999251766179,14.562996864318848,687.572,56.96288831438069,205.61057623235658
-0.008770641011024633,-5.0413568890288666e-15,1.9483324623641143,1.574651900108209e-14,-0.004100504771297082,1.627550094981879e-16,0.022723164996575056,-3.068899452107923e-14,6.447161549381411,11.895638202230716,8.962182420604695e-14,0.033804861756588145,0.0,0.0,0.0,2.40627200000002,0.0,0.0,0.0,0.0,0.0,7.265600000000001,-0.00923645018855571,-4.460825698483382e-15,-0.7298156680370529,0.023857752756532423,-2.7364124533469243e-14,-0.6639485092667314,1.397443559372838e-14,-0.004768941528390317,14.717997312545776,402.53,33.71338571436587,122.02567267704264
-0.008325804423828997,-5.6921063900042496e-15,2.0776613698739665,1.772675946104335e-14,-0.0035869324613077894,1.7135054737098196e-16,0.021760493722988626,-3.438595557645904e-14,6.485729201603787,11.7384812972108,1.001484020739766e-13,0.025972900894178332,0.0,0.0,0.0,2.25899800000002,0.0,0.0,0.0,0.0,0.0,7.461800000000002,-0.008770641011024633,-5.0413568890288666e-15,-0.45793953763590567,0.022723164996575056,-3.068899452107923e-14,-0.81843845061859,1.574651900108209e-14,-0.004100504771297082,14.8759925365448,192.302,17.382259974793087,59.82943067792203
-0.007898904312418327,-6.420894185034684e-15,2.207730620723907,1.9937553151774532e-14,-0.003206486057938307,1.7851521479385348e-16,0.020929517418078324,-3.849282392658437e-14,6.521195883390286,11.583408605801983,1.118077377302251e-13,0.01924032266896697,0.0,0.0,0.0,2.10780000000002,0.0,0.0,0.0,0.0,0.0,7.658000000000003,-0.008325804423828997,-5.6921063900042496e-15,-0.1813366301260535,0.021760493722988626,-3.438595557645904e-14,-0.9760707983962149,1.772675946104335e-14,-0.0035869324613077894,15.032992362976074,61.1216,8.361166881131307,20.231954968588234
-0.00748507508258385,-7.220355639212274e-15,2.3376773732307923,2.240348080725827e-14,-0.0029381604147023805,1.8419583417312308e-16,0.02045340556536935,-4.1453321491174616e-14,6.473479367298191,7.424212361578344,1.2471028620797935e-13,0.013570037652094729,0.0,0.0,0.0,1.95267800000002,0.0,0.0,0.0,0.0,0.0,7.854200000000004,-0.007898904312418327,-6.420894185034684e-15,0.09993062072388703,0.020929517418078324,-3.849282392658437e-14,-1.1368041166097171,1.9937553151774532e-14,-0.003206486057938307,15.19499158859253,8.97015,3.2648456087955986,4.442396302409324
-0.00707746504477378,-8.0605401678141e-15,2.4656812130258294,2.49132519483908e-14,-0.0028005180598235676,1.874522408365461e-16,0.020307598215637816,-4.256513136900788e-14,6.326904612205551,2.4812729555102515,1.2692717464280076e-13,0.006960989357019382,0.0,0.0,0.0,1.7936320000000199,0.0,0.0,0.0,0.0,0.0,8.050400000000003,-0.00748507508258385,-7.220355639212274e-15,0.3849993732307724,0.02045340556536935,-4.1453321491174616e-14,-1.3807206327018129,2.240348080725827e-14,-0.0029381604147023805,15.371991634368896,12.1747,7.731399465810717,13.477051535798243
-0.006671313091917018,-8.911842897108419e-15,2.5902573093605996,2.7198458158751442e-14,-0.002805875642813293,1.873126438822584e-16,0.02030759707003841,-4.2565141560424167e-14,6.1307050212714405,2.0453374724200297e-05,1.1556975621001785e-13,-0.00027094914376614085,0.0,0.0,0.0,1.6306620000000198,0.0,0.0,0.0,0.0,0.0,8.2466,-0.00707746504477378,-8.0605401678141e-15,0.6720492130258096,0.020307598215637816,-4.256513136900788e-14,-1.7234953877944523,2.49132519483908e-14,-0.0028005180598235676,15.539995908737183,45.7438,22.599866048661063,45.30721954914172
-0.006265161153304424,-9.76314575534433e-15,2.710909410779717,2.9158627201976576e-14,-0.0029379190833358107,1.8359183681632024e-16,0.020307596791220996,-4.256514426316697e-14,5.9345051206403046,4.9684628519508106e-06,9.913112491581121e-14,-0.006677835372804369,0.0,0.0,0.0,1.4637680000000197,0.0,0.0,0.0,0.0,0.0,8.442799999999998,-0.006671313091917018,-8.911842897108419e-15,0.9595953093605798,0.02030759707003841,-4.2565141560424167e-14,-2.1158949787285604,2.7198458158751442e-14,-0.002805875642813293,15.712997198104858,108.274,46.065772597097585,98.25112553745377
-0.00585900921886664,-1.0614448654370206e-14,2.827637513664501,3.08781749405684e-14,-0.003163746260692862,1.768128344999991e-16,0.02030759665255736,-4.256514563942067e-14,5.73830516783808,2.3598988902549375e-06,8.696167389139997e-14,-0.01142076209641593,0.0,0.0,0.0,1.2929500000000198,0.0,0.0,0.0,0.0,0.0,8.638999999999996,-0.006265161153304424,-9.76314575534433e-15,1.2471414107796972,0.020307596791220996,-4.256514426316697e-14,-2.5082948793596938,2.9158627201976576e-14,-0.0029379190833358107,15.88199234008789,201.577,77.80151387914152,172.34137456700307
-0.005452857286770007,-1.1465751576474878e-14,2.9404416173229655,3.241959391286375e-14,-0.00345900013088719,1.6746832768750917e-16,0.020307596557105838,-4.256514657104629e-14,5.542105198008388,1.5085229811895046e-06,7.795264601547574e-14,-0.014931879681893275,0.0,0.0,0.0,1.1182080000000199,0.0,0.0,0.0,0.0,0.0,8.835199999999993,-0.00585900921886664,-1.0614448654370206e-14,1.534687513664481,0.02030759665255736,-4.256514563942067e-14,-2.900694832161916,3.08781749405684e-14,-0.003163746260692862,16.046996593475342,327.114,117.80708804197185,267.5779595930131
-0.005046705356416993,-1.231705451529185e-14,3.0493217215112627,3.382914701918991e-14,-0.003805649519616861,1.559857092213892e-16,0.020307596478195473,-4.256514731065095e-14,5.345905220821352,1.140654994254859e-06,7.128324741368498e-14,-0.017531106473017675,0.0,0.0,0.0,0.93954200000002,0.0,0.0,0.0,0.0,0.0,9.03139999999999,-0.005452857286770007,-1.1465751576474878e-14,1.8222336173229456,0.020307596557105838,-4.256514657104629e-14,-3.2930948019916055,3.241959391286375e-14,-0.00345900013088719,16.20699644088745,484.922,166.08249434339797,383.9608760177132
-0.004640553427535903,-1.3168357467574696e-14,3.154277826107111,3.514108216988375e-14,-0.004190346205362346,1.427192939861594e-16,0.020307596409913607,-4.256514791763365e-14,5.149705238763504,8.971140496707118e-07,6.634584062097002e-14,-0.019455273523707236,0.0,0.0,0.0,0.7569520000000202,0.0,0.0,0.0,0.0,0.0,9.227599999999988,-0.005046705356416993,-1.231705451529185e-14,2.109779721511243,0.020307596478195473,-4.256514731065095e-14,-3.6854947791786383,3.382914701918991e-14,-0.003805649519616861,16.381991147994995,675.13,222.62773254537802,521.490121081995
-0.004234401499946875,-1.4019660431036713e-14,3.2553099310277727,3.638075175344996e-14,-0.00460320866277043,1.279548113243709e-16,0.020307596348989217,-4.2565148428568e-14,4.953505253302646,7.269634815239263e-07,6.269055313533388e-14,-0.02087970210766246,0.0,0.0,0.0,0.5704380000000204,0.0,0.0,0.0,0.0,0.0,9.423799999999986,-0.004640553427535903,-1.3168357467574696e-14,2.397325826107091,0.020307596409913607,-4.256514791763365e-14,-4.077894761236484,3.514108216988375e-14,-0.004190346205362346,16.54799199104309,898.406,287.442802639112,680.165693085143
-0.003828249573533779,-1.4870963404086897e-14,3.3524180362169327,3.756692638313168e-14,-0.005036921810477189,1.1191858504025304e-16,0.020307596292320353,-4.256514887645046e-14,4.757305265613288,6.155386743001865e-07,5.998452691172111e-14,-0.02193418502475946,0.0,0.0,0.0,0.3800000000000207,0.0,0.0,0.0,0.0,0.0,9.619999999999983,-0.004234401499946875,-1.4019660431036713e-14,2.684871931027752,0.020307596348989217,-4.2565148428568e-14,-4.4702947466973395,3.638075175344996e-14,-0.00460320866277043,16.70099139213562,1154.85,360.52770470781303,859.9875910345997
-0.003422097648227398,-1.572226638564366e-14,3.445602141636411,3.871350218403657e-14,-0.00548607038873217,9.478772504525991e-17,0.020307596238317786,-4.25651492792261e-14,4.561105276334539,5.36069403203741e-07,5.798124655960342e-14,-0.02271480196986822,0.0,0.0,0.0,0.18563800000002104,0.0,0.0,0.0,0.0,0.0,9.81619999999998,-0.003828249573533779,-1.4870963404086897e-14,2.972418036216912,0.020307596292320353,-4.256514887645046e-14,-4.862694734386695,3.756692638313168e-14,-0.005036921810477189,16.861990928649902,1444.45,441.88243886347584,1060.9558143856732
-0.003015945723984935,-1.65735693749252e-14,3.534862247258596,3.983075902302352e-14,-0.00594664568996394,7.669965629356003e-17,0.020307596185928513,-4.2565149648927796e-14,4.364905285883951,4.774777535721787e-07,5.649782864588393e-14,-0.0232926865163773,0.0,0.0,0.0,-0.012647999999978572,0.0,0.0,0.0,0.0,0.0,10.012399999999978,-0.003422097648227398,-1.572226638564366e-14,3.2599641416363903,0.020307596238317786,-4.25651492792261e-14,-5.255094723665442,3.871350218403657e-14,-0.00548607038873217,17.01799178123474,1767.21,531.5070052180831,1283.0703628417152
-0.002609793800778308,-1.7424872371332823e-14,3.6201983530623636,4.092631409464675e-14,-0.006415679912090588,5.776037917849133e-17,0.0203075961347342,-4.2565149991834297e-14,4.168705294492787,4.3044946043408977e-07,5.5399614829742116e-14,-0.02372048038416552,0.0,0.0,0.0,-0.21485799999997812,0.0,0.0,0.0,0.0,0.0,10.208599999999976,-0.003015945723984935,-1.65735693749252e-14,3.547510247258575,0.020307596185928513,-4.2565149648927796e-14,-5.647494714116027,3.983075902302352e-14,-0.00594664568996394,17.172995805740356,2123.13,629.4014038712548,1526.3312362587287
-0.0022036418785871892,-1.8276175374381855e-14,3.701610459030708,4.2005804107695197e-14,-0.006890976133876924,3.8051281913382995e-17,0.020307596084377676,-4.2565150313069135e-14,3.9725053023416574,3.9245157629590455e-07,5.458644643977451e-14,-0.024037169334937446,0.0,0.0,0.0,-0.4209919999999776,0.0,0.0,0.0,0.0,0.0,10.404799999999973,-0.002609793800778308,-1.7424872371332823e-14,3.835056353062342,0.0203075961347342,-4.2565149991834297e-14,-6.039894705507189,4.092631409464675e-14,-0.006415679912090588,17.3289954662323,2512.22,735.5656349067162,1790.7384345767164
-0.001797489957397137,-1.9127478383675936e-14,3.779098565149736,4.3073401744153254e-14,-0.007370908009716311,1.7634651585576132e-17,0.0203075960346275,-4.256515061633905e-14,3.7763053095611543,3.609834579437583e-07,5.3984283268423706e-14,-0.02427160909347864,0.0,0.0,0.0,-0.631049999999977,0.0,0.0,0.0,0.0,0.0,10.60099999999997,-0.0022036418785871892,-1.8276175374381855e-14,4.122602459030686,0.020307596084377676,-4.2565150313069135e-14,-6.432294697658316,4.2005804107695197e-14,-0.006890976133876924,17.485990524291992,2934.47,849.9996983925274,2076.291957788703
-0.001391338037197535,-1.9978781398883395e-14,3.8526626714078356,4.41321961048168e-14,-0.007854271582412404,-3.4419635849664015e-18,0.020307595985332695,-4.2565150904406717e-14,3.580105316248785,3.3439057927792866e-07,5.353832509982105e-14,-0.024445161111680262,0.0,0.0,0.0,-0.8450319999999765,0.0,0.0,0.0,0.0,0.0,10.797199999999968,-0.001797489957397137,-1.9127478383675936e-14,4.410148565149713,0.0203075960346275,-4.256515061633905e-14,-6.824694690438816,4.3073401744153254e-14,-0.007370908009716311,17.637990951538086,3389.88,972.7035943831382,2382.9918059156244
-0.0009851861179802498,-2.0830084419721263e-14,3.9223027777951156,4.518447393358575e-14,-0.008340175582452465,-2.5142338381425155e-17,0.0203075959363958,-4.2565151179379824e-14,3.383905322479265,3.115336289831628e-07,5.320799390169028e-14,-0.024573638946086315,0.0,0.0,0.0,-1.0629379999999757,0.0,0.0,0.0,0.0,0.0,10.993399999999966,-0.001391338037197535,-1.9978781398883395e-14,4.697694671407812,0.020307595985332695,-4.2565150904406717e-14,-7.217094683751183,4.41321961048168e-14,-0.007854271582412404,17.79499125480652,3878.45,1103.6773229217422,2710.8379789924015
-0.0005790341997387307,-2.1681387445944024e-14,3.9880188843030195,4.623192811864109e-14,-0.008827960218240491,-4.7438917820739656e-17,0.02030759588775611,-4.256515144289635e-14,3.187705328311104,2.9160210997358604e-07,5.296325608456563e-14,-0.02466874913131802,0.0,0.0,0.0,-1.284767999999975,0.0,0.0,0.0,0.0,0.0,11.189599999999963,-0.0009851861179802498,-2.0830084419721263e-14,4.985240777795092,0.0203075959363958,-4.2565151179379824e-14,-7.609494677520701,4.518447393358575e-14,-0.008340175582452465,17.951996088027954,4400.19,1242.920884042515,3059.8304770596405
-0.0001728822824673843,-2.253269047733549e-14,4.049810990924041,4.7275811885415566e-14,-0.009317137057750693,-7.031076925277838e-17,0.02030759583937853,-4.256515169625017e-14,2.991505333791002,2.7400558351228867e-07,5.278187603318148e-14,-0.024739157836542895,0.0,0.0,0.0,-1.5105219999999744,0.0,0.0,0.0,0.0,0.0,11.38579999999996,-0.0005790341997387307,-2.1681387445944024e-14,5.272786884302994,0.02030759588775611,-4.256515144289635e-14,-8.00189467168886,4.623192811864109e-14,-0.008827960218240491,18.108994483947754,4955.09,1390.4342777725512,3429.9693001588485
0.00023326963383887958,-2.3383993513702682e-14,4.107679097651519,4.831705300045312e-14,-0.009807344523835646,-9.374200828041527e-17,0.02030759579124785,-4.256515194046876e-14,2.795305338956675,2.582948563613699e-07,5.2647393776805505e-14,-0.024791280494881524,0.0,0.0,0.0,-1.7401999999999735,0.0,0.0,0.0,0.0,0.0,11.581999999999958,-0.0001728822824673843,-2.253269047733549e-14,5.560332990924016,0.02030759583937853,-4.256515169625017e-14,-8.394294666208959,4.7275811885415566e-14,-0.009317137057750693,18.266995668411255,5543.15,1546.2175041334472,3821.2544483298157
0.0006394215491845638,-2.4235296554873244e-14,4.161623204479519,4.935633089756591e-14,-0.010298313426889397,-1.1772051673085177e-16,0.020307595743320563,-4.256515217658755e-14,2.599105343843396,2.443477814886219e-07,5.254724992190926e-14,-0.02482978942253018,0.0,0.0,0.0,-1.9738019999999727,0.0,0.0,0.0,0.0,0.0,11.778199999999956,0.00023326963383887958,-2.3383993513702682e-14,5.847879097651493,0.02030759579124785,-4.256515194046876e-14,-8.786694661043283,4.831705300045312e-14,-0.009807344523835646,18.41999077796936,6164.43,1710.2705631423644,4233.68592160927
0.0010455734635811669,-2.508659960065661e-14,4.211643311402006,5.039416180406077e-14,-0.010789847394517868,-1.4223725705325737e-16,0.020307595696339754,-4.256515240174908e-14,2.402905348405225,2.281035323071156e-07,5.247319009456568e-14,-0.024858367205402295,0.0,0.0,0.0,-2.2113279999999715,0.0,0.0,0.0,0.0,0.0,11.974399999999953,0.0006394215491845638,-2.4235296554873244e-14,6.135425204479492,0.020307595743320563,-4.256515217658755e-14,-9.17909465615656,4.935633089756591e-14,-0.010298313426889397,18.573994398117065,6819.03,1882.5934548138296,4667.263720031513
0.0014517253770433473,-2.5937902650861558e-14,4.257739418413169,5.1430923429317964e-14,-0.01128179967722397,-1.6728532363837286e-16,0.02030759564987828,-4.256515261874573e-14,2.2067053527110936,2.1530596277690423e-07,5.241820867029142e-14,-0.024879523422957354,0.0,0.0,0.0,-2.4527779999999706,0.0,0.0,0.0,0.0,0.0,12.17059999999995,0.0010455734635811669,-2.508659960065661e-14,6.4229713114019775,0.020307595696339754,-4.256515240174908e-14,-9.571494651594728,5.039416180406077e-14,-0.010789847394517868,18.727994203567505,7506.94,2063.186179158793,5121.9878436114095
0.0018578772895814083,-2.6789205705331207e-14,4.299911525508119,5.24668968032538e-14,-0.01177406164144682,-1.9285949521099516e-16,0.02030759560392783,-4.2565152828219174e-14,2.0105053567838915,2.0365289820086738e-07,5.237741593431538e-14,-0.02489518571305474,0.0,0.0,0.0,-2.6981519999999697,0.0,0.0,0.0,0.0,0.0,12.366799999999948,0.0014517253770433473,-2.5937902650861558e-14,6.71051741841314,0.02030759564987828,-4.256515261874573e-14,-9.963894647288857,5.1430923429317964e-14,-0.01128179967722397,18.884995460510254,8228.17,2252.0487361862483,5597.858292380567
0.0022640292012056354,-2.7640508763920108e-14,4.338159632682382,5.350228126304358e-14,-0.01226655287033926,-2.1895582559038353e-16,0.020307595558494894,-4.2565153030670745e-14,1.8143053606424449,1.929410275201055e-07,5.234668014739466e-14,-0.02490678108005585,0.0,0.0,0.0,-2.947449999999969,0.0,0.0,0.0,0.0,0.0,12.562999999999946,0.0018578772895814083,-2.6789205705331207e-14,6.998063525508089,0.02030759560392783,-4.2565152828219174e-14,-10.356294643216057,5.24668968032538e-14,-0.01177406164144682,19.04298996925354,8982.71,2449.181125903944,6094.875066361166
0.002670181111926707,-2.8491811826491094e-14,4.372483739931818,5.4537231299883643e-14,-0.012759213835450183,-2.455713341837651e-16,0.020307595513612255,-4.256515322642773e-14,1.618105364301206,1.8295184026605939e-07,5.232373306915288e-14,-0.024915365913213333,0.0,0.0,0.0,-3.2006719999999675,0.0,0.0,0.0,0.0,0.0,12.759199999999943,0.0022640292012056354,-2.7640508763920108e-14,7.285609632682351,0.020307595558494894,-4.2565153030670745e-14,-10.7486946393575,5.350228126304358e-14,-0.01226655287033926,19.198993921279907,9770.56,2654.583348318461,6613.038165572452
0.00307633302175467,-2.9343114892918606e-14,4.40288384725266,5.5571873200916966e-14,-0.013252002139004427,-2.727038679609175e-16,0.02030759546918403,-4.256515341632336e-14,1.4219053677830678,1.741072435641831e-07,5.230714806803425e-14,-0.024921806562604846,0.0,0.0,0.0,-3.4578179999999668,0.0,0.0,0.0,0.0,0.0,12.95539999999994,0.002670181111926707,-2.8491811826491094e-14,7.573155739931785,0.020307595513612255,-4.256515322642773e-14,-11.141094635698737,5.4537231299883643e-14,-0.012759213835450183,19.356995344161987,10591.7,2868.255403435656,7152.347590030784
0.003482484930686948,-3.0194417963137945e-14,4.429359954642383,5.6606276525517804e-14,-0.013744883530747562,-3.0035164774577153e-16,0.02030759542404382,-4.256515360561072e-14,1.2257053711891617,1.703196709506502e-07,5.229405619621162e-14,-0.024926515072891866,0.0,0.0,0.0,-3.7188879999999656,0.0,0.0,0.0,0.0,0.0,13.151599999999938,0.00307633302175467,-2.9343114892918606e-14,7.860701847252627,0.02030759546918403,-4.256515341632336e-14,-11.533494632216872,5.5571873200916966e-14,-0.013252002139004427,19.513994455337524,11446.2,3090.197291260071,7712.803339752476
0.003888636838683655,-3.104572103724406e-14,4.451912062101389,5.764050003195551e-14,-0.014237832570050332,-3.2851332322746424e-16,0.020307595375626854,-4.2565153805000555e-14,1.0295053747114835,1.761327513846654e-07,5.228391107284533e-14,-0.024929936973455125,0.0,0.0,0.0,-3.9838819999999644,0.0,0.0,0.0,0.0,0.0,13.347799999999935,0.003482484930686948,-3.0194417963137945e-14,8.148247954642349,0.02030759542404382,-4.256515360561072e-14,-11.925894628810777,5.6606276525517804e-14,-0.013744883530747562,19.67299485206604,12334,3320.409011796902,8294.405414774508
0.004294788745678034,-3.1897024115441685e-14,4.470540169632009,5.86745909246268e-14,-0.014730831597699608,-3.57187944164394e-16,0.02030759532381101,-4.25651540147621e-14,0.8333053783505444,1.819714972843766e-07,5.227612821677562e-14,-0.024932465794081007,0.0,0.0,0.0,-4.252799999999963,0.0,0.0,0.0,0.0,0.0,13.543999999999933,0.003888636838683655,-3.104572103724406e-14,8.435794062101353,0.020307595375626854,-4.2565153805000555e-14,-12.318294625288452,5.764050003195551e-14,-0.014237832570050332,19.82899498939514,13255.3,3558.8905650533866,8897.15381516516
0.0047009406516019744,-3.2748327197936596e-14,4.485244277236508,5.970858431282685e-14,-0.015223866307101971,-3.8637472461189966e-16,0.020307595268583105,-4.256515423472944e-14,0.6371053820994108,1.8746364921220046e-07,5.227009590797133e-14,-0.024934271086860936,0.0,0.0,0.0,-4.525641999999962,0.0,0.0,0.0,0.0,0.0,13.74019999999993,0.004294788745678034,-3.1897024115441685e-14,8.723340169631971,0.02030759532381101,-4.25651540147621e-14,-12.710694621649388,5.86745909246268e-14,-0.014730831597699608,19.981993913650513,14210.2,3805.641951037953,9521.048540954378
0.0051070925566588776,-3.359963028386561e-14,4.496024384899171,6.074253668105389e-14,-0.015716937180282185,-4.160737479252735e-16,0.020307595237107172,-4.256515435817186e-14,0.4409053841667897,1.0338092428241925e-07,5.226689454200277e-14,-0.02493610075732556,0.0,0.0,0.0,-4.802407999999961,0.0,0.0,0.0,0.0,0.0,13.936399999999928,0.0047009406516019744,-3.2748327197936596e-14,9.01088627723647,0.020307595268583105,-4.256515423472944e-14,-13.10309461790052,5.970858431282685e-14,-0.015223866307101971,20.137994527816772,15199,4060.663169760683,10166.089592170534
0.005513244460777333,-3.44509333734393e-14,4.502880492622186,6.177631308790318e-14,-0.016210000177843954,-4.462823522645729e-16,0.020307595174738367,-4.2565154599197694e-14,0.24470538813471773,1.9842090560410602e-07,5.225684536704479e-14,-0.024935703221012257,0.0,0.0,0.0,-5.083097999999959,0.0,0.0,0.0,0.0,0.0,14.132599999999925,0.0051070925566588776,-3.359963028386561e-14,9.298432384899131,0.020307595237107172,-4.256515435817186e-14,-13.495494615833138,6.074253668105389e-14,-0.015716937180282185,20.29198932647705,16221.9,4323.954221207963,10832.276968302662
0.0059193963639614655,-3.5302236466607e-14,4.505812600404042,6.28101998972867e-14,-0.01670311196965982,-4.770040511847621e-16,0.0203075951436748,-4.2565154717572293e-14,0.04850539005087138,9.582027240462228e-08,5.2261250129705077e-14,-0.024938171653562678,0.0,0.0,0.0,-5.367711999999957,0.0,0.0,0.0,0.0,0.0,14.328799999999923,0.005513244460777333,-3.44509333734393e-14,9.585978492622145,0.020307595174738367,-4.2565154599197694e-14,-13.887894611865208,6.177631308790318e-14,-0.016210000177843954,20.45298981666565,17278.7,4595.515105399125,11519.610670349575
0.006325548266135467,-3.61535395635886e-14,4.504820708246933,6.384400150847544e-14,-0.01719622074033653,-5.08235685825831e-16,0.02030759507372539,-4.256515498058816e-14,-0.147694605761711,2.094000940757313e-07,5.2255739856825046e-14,-0.02493801962329777,0.0,0.0,0.0,-5.656249999999956,0.0,0.0,0.0,0.0,0.0,14.52499999999992,0.0059193963639614655,-3.5302236466607e-14,9.873524600404,0.0203075951436748,-4.2565154717572293e-14,-14.28029460994905,6.28101998972867e-14,-0.01670311196965982,20.614989757537842,18369.6,4875.345822324752,12228.090697205815
0.006731700166872781,-3.700484266593708e-14,4.499904816174563,6.487778218649919e-14,-0.017689337424460463,-5.39977943756527e-16,0.02030759500000604,-4.256515525426029e-14,-0.3438946014751827,2.143581121096348e-07,5.2253453628942386e-14,-0.024938420588548775,0.0,0.0,0.0,-5.948711999999954,0.0,0.0,0.0,0.0,0.0,14.721199999999918,0.006325548266135467,-3.61535395635886e-14,10.16107070824689,0.02030759507372539,-4.256515498058816e-14,-14.672694605761631,6.384400150847544e-14,-0.01719622074033653,20.77998948097229,19494.4,5163.446371999444,12957.71705014855
0.007137852066104035,-3.7856145773841936e-14,4.49106492418852,6.591153980330035e-14,-0.018182456521198157,-5.722304872155643e-16,0.020307594923119322,-4.256515553622483e-14,-0.5400945971291351,2.173363851180787e-07,5.2251034619125846e-14,-0.024938543359838625,0.0,0.0,0.0,-6.2450979999999525,0.0,0.0,0.0,0.0,0.0,14.917399999999915,0.006731700166872781,-3.700484266593708e-14,10.448616816174518,0.02030759500000604,-4.256515525426029e-14,-15.065094601475101,6.487778218649919e-14,-0.017689337424460463,20.93399429321289,20653.7,5459.816754451462,13708.489728653356
0.007544003963711097,-3.870744888766667e-14,4.478301032292974,6.694530209244591e-14,-0.018675583975428393,-6.049937285067039e-16,0.02030759483758684,-4.2565155846248854e-14,-0.736294592425532,2.3521902945520113e-07,5.224999234718383e-14,-0.024938966781896298,0.0,0.0,0.0,-6.54540799999995,0.0,0.0,0.0,0.0,0.0,15.113599999999913,0.007137852066104035,-3.7856145773841936e-14,10.736162924188474,0.020307594923119322,-4.256515553622483e-14,-15.45749459712905,6.591153980330035e-14,-0.018182456521198157,21.092994689941406,21849.1,5764.4569696912695,14480.408732738848
0.007950155859551482,-3.955875200785816e-14,4.461613140493258,6.79790125041041e-14,-0.01916870383460415,-6.382666141357914e-16,0.02030759474645171,-4.256515617289962e-14,-0.9324945875461912,2.4400958912788553e-07,5.2246065723737635e-14,-0.024938583434750743,0.0,0.0,0.0,-6.84964199999995,0.0,0.0,0.0,0.0,0.0,15.30979999999991,0.007544003963711097,-3.870744888766667e-14,11.023709032292924,0.02030759483758684,-4.2565155846248854e-14,-15.849894592425445,6.694530209244591e-14,-0.018675583975428393,21.253053188323975,23082,6077.367017728101,15273.47406253677
0.008356307753530811,-4.0410055134683735e-14,4.441001248791872,6.901275343736051e-14,-0.019661833441252528,-6.720503288504222e-16,0.020307594651481235,-4.2565156509658586e-14,-1.1286945825923433,2.477379115349862e-07,5.2246279701905423e-14,-0.024939077152397904,0.0,0.0,0.0,-7.1577999999999475,0.0,0.0,0.0,0.0,0.0,15.505999999999908,0.007950155859551482,-3.955875200785816e-14,11.311255140493207,0.02030759474645171,-4.256515617289962e-14,-16.242294587546102,6.79790125041041e-14,-0.01916870383460415,21.42199420928955,24350.5,6398.54689858002,16087.685718042809
0.00876245964556768,-4.1261358268361014e-14,4.416465357190511,7.004650727990522e-14,-0.020154969930373003,-7.063447222798146e-16,0.02030759455220566,-4.2565156858070175e-14,-1.3248945775438423,2.52473839543268e-07,5.224557764247072e-14,-0.024939425978227906,0.0,0.0,0.0,-7.469881999999946,0.0,0.0,0.0,0.0,0.0,15.702199999999905,0.008356307753530811,-4.0410055134683735e-14,11.598801248791819,0.020307594651481235,-4.2565156509658586e-14,-16.63469458259225,6.901275343736051e-14,-0.019661833441252528,21.575992822647095,25654.3,6727.996612255656,16923.0436992531
0.00916861153629758,-4.2112661406614287e-14,4.388005465655222,7.108034981918236e-14,-0.02064813255571844,-7.411512109884686e-16,0.020307594520784338,-4.2565156967256905e-14,-1.5210945759850671,7.795458740459637e-08,5.224868143779641e-14,-0.024940748525552753,0.0,0.0,0.0,-7.785887999999944,0.0,0.0,0.0,0.0,0.0,15.898399999999903,0.00876245964556768,-4.1261358268361014e-14,11.886347357190456,0.02030759455220566,-4.2565156858070175e-14,-17.027094577543746,7.004650727990522e-14,-0.020154969930373003,21.738993167877197,26993.9,7065.716158768293,17779.548006208715
0.009574763425632016,-4.296396454968105e-14,4.355621574187879,7.211405289829425e-14,-0.02114125559176854,-7.764651484819099e-16,0.020307594412659176,-4.2565157339419644e-14,-1.7172945707492528,2.618465398790179e-07,5.224022603063966e-14,-0.02493874713139086,0.0,0.0,0.0,-8.105817999999942,0.0,0.0,0.0,0.0,0.0,16.094599999999904,0.00916861153629758,-4.2112661406614287e-14,12.173893465655166,0.020307594520784338,-4.2565156967256905e-14,-17.41949457598497,7.108034981918236e-14,-0.02064813255571844,21.906997680664062,28369.8,7411.705538075139,18657.198637516547
0.009980915312759523,-4.3815267700308596e-14,4.319313682826131,7.314775203157936e-14,-0.021634381262492206,-8.122895040246554e-16,0.020307594300091665,-4.2565157723335174e-14,-1.9134945654255036,2.66246950934193e-07,5.223859552459335e-14,-0.024938881132982694,0.0,0.0,0.0,-8.42967199999994,0.0,0.0,0.0,0.0,0.0,16.29079999999991,0.009574763425632016,-4.296396454968105e-14,12.461439574187821,0.020307594412659176,-4.2565157339419644e-14,-17.811894570749157,7.211405289829425e-14,-0.02114125559176854,22.06298828125,29782.1,7765.964750196592,19555.995595781296
0.010387067197589814,-4.466657085873574e-14,4.279081791571764,7.418146596547471e-14,-0.022127508558575718,-8.486242308550998e-16,0.020307594182937393,-4.2565158119379826e-14,-2.10969456001116,2.707805822370304e-07,5.22378876880547e-14,-0.024938964090490155,0.0,0.0,0.0,-8.757449999999938,0.0,0.0,0.0,0.0,0.0,16.486999999999913,0.009980915312759523,-4.3815267700308596e-14,12.74898568282607,0.020307594300091665,-4.2565157723335174e-14,-18.20429456542541,7.314775203157936e-14,-0.021634381262492206,22.217988967895508,31230.8,8128.4937951816755,20475.93887988463
0.010793219080030633,-4.5517874025205686e-14,4.234925900426573,7.521518408073084e-14,-0.022620636866690417,-8.854693110423333e-16,0.02030759406114458,-4.256515852761464e-14,-2.305894554507922,2.75229238401153e-07,5.223661738085153e-14,-0.024939016030088527,0.0,0.0,0.0,-9.089151999999936,0.0,0.0,0.0,0.0,0.0,16.683199999999918,0.010387067197589814,-4.466657085873574e-14,13.036531791571702,0.020307594182937393,-4.2565158119379826e-14,-18.596694560011073,7.418146596547471e-14,-0.022127508558575718,22.373988151550293,32715.9,8499.292673041877,21417.028489864195
0.011199370959988688,-4.6369177199962884e-14,4.18684600939232,7.624888990563921e-14,-0.02311376572877438,-9.22824730204582e-16,0.020307593934661063,-4.256515894810499e-14,-2.502094548917366,2.7959935997940783e-07,5.2234488624843516e-14,-0.02493904480409123,0.0,0.0,0.0,-9.424777999999934,0.0,0.0,0.0,0.0,0.0,16.879399999999922,0.010793219080030633,-4.5517874025205686e-14,13.32407790042651,0.02030759406114458,-4.256515852761464e-14,-18.98909455450784,7.521518408073084e-14,-0.022620636866690417,22.531995058059692,34237.4,8878.361383788864,22379.264425756504
0.011605522837369596,-4.722048038325329e-14,4.134842118470737,7.72826043292671e-14,-0.023606894798210667,-9.606904825575572e-16,0.02030759380342973,-4.256515938093517e-14,-2.6982945432407504,2.839066169088666e-07,5.2233390861717717e-14,-0.024939056048609232,0.0,0.0,0.0,-9.764327999999933,0.0,0.0,0.0,0.0,0.0,17.075599999999927,0.011199370959988688,-4.6369177199962884e-14,13.611624009392255,0.020307593934661063,-4.256515894810499e-14,-19.38149454891729,7.624888990563921e-14,-0.02311376572877438,22.687993049621582,35795.4,9265.699927434478,23362.646687598513
0.012011674713134699,-4.8071783571865343e-14,4.0789142276187755,7.831651719589935e-14,-0.024100082012741757,-9.990711494020835e-16,0.020307593773080675,-4.2565159480269875e-14,-2.8944945419553885,6.42860469950796e-08,5.22418630895478e-14,-0.02494199738344311,0.0,0.0,0.0,-10.107801999999932,0.0,0.0,0.0,0.0,0.0,17.27179999999993,0.011605522837369596,-4.722048038325329e-14,13.899170118470671,0.02030759380342973,-4.256515938093517e-14,-19.773894543240676,7.72826043292671e-14,-0.023606894798210667,22.844988584518433,37389.7,9661.308303998032,24367.175275427668
0.012417826588294255,-4.892308676245211e-14,4.0190623367921985,7.935039409398379e-14,-0.02459325844049943,-1.037961476803552e-15,0.020307593742874934,-4.25651595784069e-14,-3.090694540702285,6.26733769499185e-08,5.223846115950948e-14,-0.02494145262137076,0.0,0.0,0.0,-10.45519999999993,0.0,0.0,0.0,0.0,0.0,17.467999999999936,0.012011674713134699,-4.8071783571865343e-14,14.186716227618707,0.020307593773080675,-4.2565159480269875e-14,-20.16629454195532,7.831651719589935e-14,-0.024100082012741757,23.01199245452881,39020.5,10065.186513413097,25392.85018717894
0.012823978461696335,-4.977438995871514e-14,3.9552864460373205,8.038406795001532e-14,-0.025086374080942036,-1.0773574105254089e-15,0.020307593597332897,-4.2565160047896014e-14,-3.2868945347855134,2.9592807072540893e-07,5.2226589566153485e-14,-0.0249383791774884,0.0,0.0,0.0,-10.80652199999993,0.0,0.0,0.0,0.0,0.0,17.66419999999994,0.012417826588294255,-4.892308676245211e-14,14.47426233679213,0.020307593742874934,-4.25651595784069e-14,-20.55869454070222,7.935039409398379e-14,-0.02459325844049943,23.17399263381958,40688.2,10477.334555623178,26439.671424475335
0.013230130333344706,-5.062569316062864e-14,3.887586555353498,8.141794326391726e-14,-0.025579550306775226,-1.1172686687515887e-15,0.020307593567503952,-4.256516014345456e-14,-3.4830945335967125,5.9458727009936403e-08,5.2235137132061593e-14,-0.02494144392582292,0.0,0.0,0.0,-11.16176799999993,0.0,0.0,0.0,0.0,0.0,17.860399999999945,0.012823978461696335,-4.977438995871514e-14,14.76180844603725,0.020307593597332897,-4.2565160047896014e-14,-20.951094534785454,8.038406795001532e-14,-0.025086374080942036,23.333991765975952,42393.6,10897.752430719445,27507.638989611893
0.013636282203143953,-5.147699636843273e-14,3.8159626647421785,8.245159666151474e-14,-0.026072658468134696,-1.1576848499080287e-15,0.020307593412420784,-4.256516063695413e-14,-3.6792945275352564,3.031720133331732e-07,5.222226126796729e-14,-0.02493800245335184,0.0,0.0,0.0,-11.520937999999928,0.0,0.0,0.0,0.0,0.0,18.05659999999995,0.013230130333344706,-5.062569316062864e-14,15.049354555353428,0.020307593567503952,-4.256516014345456e-14,-21.343494533596658,8.141794326391726e-14,-0.025579550306775226,23.504987955093384,44136.5,11326.440138677564,28596.75287845864
0.01404243406979267,-5.2328299586229385e-14,3.7404147742528147,8.348527286244663e-14,-0.026565772490851767,-1.1986119224134314e-15,0.0203075932524509,-4.256516114271146e-14,-3.8754945214011047,3.0681184548169647e-07,5.22217285876145e-14,-0.02493829963830494,0.0,0.0,0.0,-11.884031999999927,0.0,0.0,0.0,0.0,0.0,18.252799999999954,0.013636282203143953,-5.147699636843273e-14,15.336900664742107,0.020307593412420784,-4.256516063695413e-14,-21.735894527535205,8.245159666151474e-14,-0.026072658468134696,23.681991815567017,45916.8,11763.397679529367,29707.013095366987
0.014448585934548397,-5.317960281000507e-14,3.66094288383583,8.451918552326669e-14,-0.02705895870275618,-1.2400555592846604e-15,0.020307593223121874,-4.2565161234856194e-14,-4.071694520297349,5.520727030912115e-08,5.223196794674541e-14,-0.024941951226805398,0.0,0.0,0.0,-12.251049999999926,0.0,0.0,0.0,0.0,0.0,18.44899999999996,0.01404243406979267,-5.2328299586229385e-14,15.62444677425274,0.0203075932524509,-4.256516114271146e-14,-22.12829452140106,8.348527286244663e-14,-0.026565772490851767,23.849987983703613,47734.5,12208.62505335844,30838.41963843914
0.014854737797313845,-5.4030906040001305e-14,3.5775469934925828,8.555273384909694e-14,-0.027552031136779082,-1.28200008221987e-15,0.020307593053423063,-4.256516176476799e-14,-4.267894514027432,3.136105945194971e-07,5.22118192010788e-14,-0.0249361978855664,0.0,0.0,0.0,-12.621991999999926,0.0,0.0,0.0,0.0,0.0,18.645199999999964,0.014448585934548397,-5.317960281000507e-14,15.911992883835756,0.020307593223121874,-4.2565161234856194e-14,-22.520694520297308,8.451918552326669e-14,-0.02705895870275618,24.014992713928223,49589.5,12662.122260065771,31990.972505019105
0.015260889656645977,-5.488220928068665e-14,3.4902271032750383,8.658601887864143e-14,-0.028045013277937837,-1.3244471468330623e-15,0.020307592879790205,-4.256516230376681e-14,-4.4640945077270295,3.151397906379406e-07,5.219675322505965e-14,-0.024931632253671607,0.0,0.0,0.0,-12.996857999999925,0.0,0.0,0.0,0.0,0.0,18.841399999999968,0.014854737797313845,-5.4030906040001305e-14,16.19953899349251,0.020307593053423063,-4.256516176476799e-14,-22.913094514027396,8.555273384909694e-14,-0.027552031136779082,24.174992561340332,51481.9,13123.88929968389,33164.6717000276
0.01566704151392651,-5.573351252773508e-14,3.398983213131736,8.762010420798139e-14,-0.02853825040068277,-1.3674268095223023e-15,0.020307592848262813,-4.2565162401075314e-14,-4.6602945066031545,5.6215916711700076e-08,5.2235408378785845e-14,-0.02494452821975405,0.0,0.0,0.0,-13.375647999999924,0.0,0.0,0.0,0.0,0.0,19.037599999999973,0.015260889656645977,-5.488220928068665e-14,16.487085103274964,0.020307592879790205,-4.256516230376681e-14,-23.305494507726998,8.658601887864143e-14,-0.028045013277937837,24.334991931915283,53416.1,13593.926172346544,34359.51722133797
0.016073193370517266,-5.658481577690605e-14,3.3038153230127922,8.86541308179667e-14,-0.029031463772028254,-1.4109152292634113e-15,0.02030759281081284,-4.256516251602118e-14,-4.856494505291238,6.562254565555029e-08,5.223062818720966e-14,-0.024943327796444308,0.0,0.0,0.0,-13.758361999999924,0.0,0.0,0.0,0.0,0.0,19.233799999999977,0.01566704151392651,-5.573351252773508e-14,16.77463121313166,0.020307592848262813,-4.2565162401075314e-14,-23.697894506603127,8.762010420798139e-14,-0.02853825040068277,24.5059916973114,55408.8,14072.232877900897,35575.50906591768
0.01647934522427216,-5.743611903474037e-14,3.2047234329917265,8.968764124917643e-14,-0.029524508663791183,-1.4548993289199267e-15,0.020307592564676673,-4.256516326741188e-14,-5.052694496815363,4.2397233031045694e-07,5.22027070743281e-14,-0.02493480801998752,0.0,0.0,0.0,-14.144999999999923,0.0,0.0,0.0,0.0,0.0,19.429999999999982,0.016073193370517266,-5.658481577690605e-14,17.062177323012715,0.02030759281081284,-4.256516251602118e-14,-24.090294505291215,8.86541308179667e-14,-0.029031463772028254,24.676992177963257,57457.6,14558.809416283837,36812.647236292745
0.016885497073043012,-5.828742230774927e-14,3.1017075431408383,9.072086506255068e-14,-0.030017467985036426,-1.4993860689828938e-15,0.020307592312408633,-4.25651640334797e-14,-5.248894488273486,4.2728007814725336e-07,5.2186360677092765e-14,-0.02493048121112167,0.0,0.0,0.0,-14.535561999999922,0.0,0.0,0.0,0.0,0.0,19.626199999999987,0.01647934522427216,-5.743611903474037e-14,17.34972343299165,0.020307592564676673,-4.256516326741188e-14,-24.482694496815345,8.968764124917643e-14,-0.029524508663791183,24.843987703323364,59547.7,15053.655787651967,38070.93173655328
