-0.3,0.0,-0.00023159530580866205,2.036316076656241e-17,0.05998191722492687,6.10893880466913e-19,0.0,0.0,-0.023159530580866203,8.65202347095669,1.0172416989212126e-15,2.999995371396562,0.0,0.0,0.0,-0.44196199999999997,0.0,0.0,0.0,0.0,0.0,-2.8038000000000007,-0.3,0.0,0.5,0.0,0.0,-3.0,0.0,-0.0,0.030001163482666016,318.651,21.237874118519315,50.83297572999999
-0.2998921558135147,-3.6567924245845075e-20,-0.0008609976964788778,3.364741859393942e-17,0.11993684960228387,2.2363243262222685e-18,0.010784418648533205,-3.656792424584507e-18,-0.03978070848615537,8.995117707749941,6.572038719569552e-16,2.999993997823849,0.0,0.0,0.0,-0.38784799999999997,0.0,0.0,0.0,0.0,0.0,-2.6076000000000015,-0.3,0.0,0.4417304046941913,0.0,0.0,-2.826959530580867,2.036316076656241e-17,0.05998191722492687,0.26799988746643066,285.484,18.791869339817165,45.47244719775328
-0.2994566170215288,-1.7103768482625319e-19,-0.0017943582210404652,4.2496687881800184e-17,0.17986481507135946,4.543435813715406e-18,0.03276946055005555,-9.790183633456303e-18,-0.05355534397000337,9.187267777509074,4.2561104967407855e-16,2.9999917014252393,0.0,0.0,0.0,-0.33765799999999996,0.0,0.0,0.0,0.0,0.0,-2.411400000000002,-0.2998921558135147,-3.6567924245845075e-20,0.38698700230352107,0.010784418648533205,-3.656792424584507e-18,-2.647380708486157,3.364741859393942e-17,0.11993684960228387,0.43900036811828613,255.563,16.690119853567197,40.56194790718787
-0.2984701245136482,-4.439902427232973e-19,-0.003006514039259245,4.8691101812429723e-17,0.23976579725712033,7.335375512932779e-18,0.06587979023800847,-1.7505072156248095e-17,-0.0676602378518746,9.254042576655015,2.8101109115046647e-16,2.9999867646479377,0.0,0.0,0.0,-0.2913919999999999,0.0,0.0,0.0,0.0,0.0,-2.215200000000003,-0.2994566170215288,-1.7103768482625319e-19,0.3358636417789595,0.03276946055005555,-9.790183633456303e-18,-2.4649553439700056,4.2496687881800184e-17,0.17986481507135946,0.6170001029968262,228.389,14.88634094746558,36.04747031621484
-0.29671467040196997,-8.806568251249128e-19,-0.0045306564417658375,5.3411066695799917e-17,0.2996396905189366,1.0506169903193197e-17,0.109665620929809,-2.616158608391345e-17,-0.08475400239878468,9.219035002041794,1.940856140231848e-16,2.9999747103436563,0.0,0.0,0.0,-0.24904999999999983,0.0,0.0,0.0,0.0,0.0,-2.0190000000000037,-0.2984701245136482,-4.439902427232973e-19,0.28838548596074065,0.06587979023800847,-1.7505072156248095e-17,-2.2828602378518776,4.8691101812429723e-17,0.23976579725712033,0.7849998474121094,203.652,13.338419311828229,31.912310316532924
-0.2939839286183562,-1.4954881995915303e-18,-0.006448153579266106,5.7436150790334e-17,0.35947833059482015,1.4010746776690927e-17,0.16340855743156732,-3.532155136274833e-17,-0.10699571135124215,9.103541927186024,1.4484504141982872e-16,2.9995513282639847,0.0,0.0,0.0,-0.21063199999999976,0.0,0.0,0.0,0.0,0.0,-1.8228000000000035,-0.29671467040196997,-8.806568251249128e-19,0.244519343558234,0.109665620929809,-2.616158608391345e-17,-2.103754002398788,5.3411066695799917e-17,0.2996396905189366,0.9450027942657471,181.162,12.007692396816957,28.17099292820972
-0.2900877199280978,-2.29565974423164e-18,-0.008878899119203249,6.07296177530427e-17,0.3980097574855661,1.646078884771265e-17,0.22621231159426514,-4.469560310126265e-17,-0.1360788426424721,8.92641576221286,1.1969116569093274e-16,1.9320048305120083,0.0,0.0,0.0,-0.17613799999999968,0.0,0.0,0.0,0.0,0.0,-1.6266000000000034,-0.2939839286183562,-1.4954881995915303e-18,0.20418384642073364,0.16340855743156732,-3.532155136274833e-17,-1.9297957113512456,5.7436150790334e-17,0.35947833059482015,1.0999994277954102,160.786,10.595956915074416,24.863581326340835
-0.2848887629885012,-3.2841842370511843e-18,-0.011957738140797805,6.347766270324704e-17,0.41435846588321235,1.7566018657759792e-17,0.29368338236539504,-5.4156846180691743e-17,-0.17180505951698338,8.704047975167823,1.1590042988300226e-16,0.8198097955720002,0.0,0.0,0.0,-0.1455679999999996,0.0,0.0,0.0,0.0,0.0,-1.4304000000000032,-0.2900877199280978,-2.29565974423164e-18,0.16725910088079643,0.22621231159426514,-4.469560310126265e-17,-1.7626788426424755,6.07296177530427e-17,0.3980097574855661,1.2579996585845947,142.946,9.444534669170041,22.072920658772368
-0.2783356001588997,-4.462519932737335e-18,-0.01581091016262245,6.600943841472541e-17,0.4126480690576729,1.7445089444163576e-17,0.3616329005947627,-6.36767233879234e-17,-0.2135121426654813,8.43877929337062,1.2939457017151425e-16,-0.085769223818931,0.0,0.0,0.0,-0.11892199999999953,0.0,0.0,0.0,0.0,0.0,-1.234200000000003,-0.2848887629885012,-3.2841842370511843e-18,0.13361026185920177,0.29368338236539504,-5.4156846180691743e-17,-1.6022050595169866,6.347766270324704e-17,0.41435846588321235,1.4110050201416016,127.164,8.525808103259248,19.685745711253993
-0.2704509246140987,-5.832000073663015e-18,-0.020553791108378964,6.864453647535215e-17,0.3966281063757571,1.6271773987955604e-17,0.42683465388533914,-7.327129070464462e-17,-0.26077595191016995,8.129153945655677,1.553031214088664e-16,-0.8033511862120302,0.0,0.0,0.0,-0.09619999999999951,0.0,0.0,0.0,0.0,0.0,-1.038000000000003,-0.2783356001588997,-4.462519932737335e-18,0.10311108983737707,0.3616329005947627,-6.36767233879234e-17,-1.4477121426654844,6.600943841472541e-17,0.4126480690576729,1.5689997673034668,112.924,7.753540644349757,17.588403172454264
-0.26131350127617403,-7.394396316182317e-18,-0.02629698467218286,7.16577871327851e-17,0.3696519555997964,1.4231493222401794e-17,0.4869076799071299,-8.29683335472855e-17,-0.3135434044702196,7.775227347243356,1.8935904687566058e-16,-1.3528663713582585,0.0,0.0,0.0,-0.07740199999999942,0.0,0.0,0.0,0.0,0.0,-0.8418000000000028,-0.2704509246140987,-5.832000073663015e-18,0.07564620889162055,0.42683465388533914,-7.327129070464462e-17,-1.298775951910173,6.864453647535215e-17,0.3966281063757571,1.7299997806549072,99.8792,7.067654566467354,15.699515581954845
-0.2510420997628505,-9.151937499714136e-18,-0.033153597032425895,7.526202392569719e-17,0.33466638016819794,1.1493560717520814e-17,0.5402324714252227,-9.27857848058964e-17,-0.3721178315540838,7.379758077156512,2.2812949468603387e-16,-1.7547748930001754,0.0,0.0,0.0,-0.06252799999999936,0.0,0.0,0.0,0.0,0.0,-0.6456000000000026,-0.26131350127617403,-7.394396316182317e-18,0.051105015327816555,0.4869076799071299,-8.29683335472855e-17,-1.1553434044702224,7.16577871327851e-17,0.3696519555997964,1.8829998970031738,87.8254,6.430369337362918,13.966604474546857
-0.23978101059434687,-1.1106995758631118e-17,-0.04124539137330233,7.960671735575798e-17,0.2942077974466299,8.199377775705095e-18,0.5858764454251408,-1.0272004108580184e-16,-0.43706160253356,6.948303753289969,2.6904288627510126e-16,-2.029665416084552,0.0,0.0,0.0,-0.05157799999999935,0.0,0.0,0.0,0.0,0.0,-0.4494000000000026,-0.2510420997628505,-9.151937499714136e-18,0.029374402967573467,0.5402324714252227,-9.27857848058964e-17,-1.0177178315540865,7.526202392569719e-17,0.33466638016819794,2.0369999408721924,76.6652,5.821370919083078,12.360265058021476
-0.22768716359848684,-1.3261619041041866e-17,-0.050706653955285425,8.478421682626798e-17,0.2504041869206466,4.461477945158859e-18,0.6235082541608599,-1.12742287155273e-16,-0.5090646556647492,6.4886505993650045,3.1020365807677434e-16,-2.1979750905056985,0.0,0.0,0.0,-0.04455199999999926,0.0,0.0,0.0,0.0,0.0,-0.25320000000000265,-0.23978101059434687,-1.1106995758631118e-17,0.010332608626697014,0.5858764454251408,-1.0272004108580184e-16,-0.8864616025335625,7.960671735575798e-17,0.2942077974466299,2.1919989585876465,66.3704,5.232846965140851,10.867634136707945
-0.21491915275658022,-1.561704503896672e-17,-0.061685452244408856,9.083956680359758e-17,0.20498441904926015,3.6776402882686265e-19,0.6532928300298029,-1.2280031263721226e-16,-0.588815173247594,6.009909091433117,3.5025350307721843e-16,-2.279644673975737,0.0,0.0,0.0,-0.04144999999999921,0.0,0.0,0.0,0.0,0.0,-0.05700000000000261,-0.22768716359848684,-1.3261619041041866e-17,-0.006154653955286166,0.6235082541608599,-1.12742287155273e-16,-0.7622646556647519,8.478421682626798e-17,0.2504041869206466,2.350999355316162,56.9487,4.664918129011039,9.48621236550558
-0.20162850894251144,-1.8173284918684078e-17,-0.07434255185974331,9.77831047322002e-17,0.15929739955537695,-4.013133210742158e-18,0.675771551377075,-1.3282367533452363e-16,-0.6768947882858513,5.521619001181571,3.8837203152060825e-16,-2.2936542806760642,0.0,0.0,0.0,-0.0422719999999992,0.0,0.0,0.0,0.0,0.0,0.1391999999999974,-0.21491915275658022,-1.561704503896672e-17,-0.020235452244409646,0.6532928300298029,-1.2280031263721226e-16,-0.6458151732475966,9.083956680359758e-17,0.20498441904926015,2.5089988708496094,48.4172,4.121871541989844,8.218681912528622
-0.1879534170174867,-2.0928821126007473e-17,-0.08884865797517708,1.0558969876044833e-16,0.11434198637148761,-8.627222169028331e-18,0.6917376411253968,-1.427299453978159e-16,-0.7737158232575255,5.032666964928392,4.235588623730824e-16,-2.2575014978492063,0.0,0.0,0.0,-0.047017999999999116,0.0,0.0,0.0,0.0,0.0,0.3353999999999974,-0.20162850894251144,-1.8173284918684078e-17,-0.03207055185974411,0.675771551377075,-1.3282367533452363e-16,-0.5376947882858538,9.77831047322002e-17,0.15929739955537695,2.664004325866699,40.7863,3.6091870780646227,7.069049948610014
-0.17401482014282035,-2.3880420523300993e-17,-0.10538074752414237,1.1420636686822415e-16,0.07080687638184824,-1.343184044436841e-17,0.7021220463412365,-1.52429994331536e-16,-0.8794931316390039,4.550851302565558,4.550457589320249e-16,-2.1867083946284542,0.0,0.0,0.0,-0.05568799999999907,0.0,0.0,0.0,0.0,0.0,0.5315999999999974,-0.1879534170174867,-2.0928821126007473e-17,-0.04183065797517796,0.6917376411253968,-1.427299453978159e-16,-0.4383158232575281,1.0558969876044833e-16,0.11434198637148761,2.8209993839263916,34.0514,3.131830083893913,6.0402447630801905
-0.15991461198823367,-2.702304858979365e-17,-0.12411813199364413,1.235633722796205e-16,0.029117173930163314,-1.8393948295786996e-17,0.7078987691174314,-1.6183281231772962e-16,-0.9942453153111718,4.082620883270115,4.82477598918052e-16,-2.09448486629085,0.0,0.0,0.0,-0.06828199999999907,0.0,0.0,0.0,0.0,0.0,0.7277999999999976,-0.17401482014282035,-2.3880420523300993e-17,-0.049692747524143294,0.7021220463412365,-1.52429994331536e-16,-0.3478931316390065,1.1420636686822415e-16,0.07080687638184824,2.975998640060425,28.1913,2.693354438937266,5.132939822243818
-0.1457354830586693,-3.034987507106284e-17,-0.1452387463572878,1.335833583480687e-16,-0.010516159528506982,-2.3489626229000067e-17,0.7100141238390065,-1.7084983580918996e-16,-1.1178161210531978,3.632999650481875,5.05820759732279e-16,-1.9915780820368476,0.0,0.0,0.0,-0.08479999999999899,0.0,0.0,0.0,0.0,0.0,0.9239999999999977,-0.15991461198823367,-2.702304858979365e-17,-0.055836131993645066,0.7078987691174314,-1.6183281231772962e-16,-0.2664453153111742,1.235633722796205e-16,0.029117173930163314,3.1370022296905518,23.17,2.2956361319464387,4.345321640296375
-0.13154194243200343,-3.3852354534133255e-17,-0.16891599809394925,1.441841045317209e-16,-0.048047806791557894,-2.870409088697093e-17,0.7093399388275812,-1.7939811049785163e-16,-1.2499090526129482,3.2055306695742654,5.250497500498515e-16,-1.886313060739284,0.0,0.0,0.0,-0.10524199999999895,0.0,0.0,0.0,0.0,0.0,1.1201999999999979,-0.1457354830586693,-3.034987507106284e-17,-0.060438746357288825,0.7100141238390065,-1.7084983580918996e-16,-0.19381612105320012,1.335833583480687e-16,-0.010516159528506982,3.2880032062530518,18.9418,1.9389728226862721,3.673454942279209
-0.11738206364009363,-3.752035786941689e-17,-0.19531633536773654,1.5528143998747266e-16,-0.0835536272573744,-3.403172602553365e-17,0.7066479403633996,-1.8740222303051203e-16,-1.39012467476578,2.8024531301458144,5.401665800791193e-16,-1.7847887385322556,0.0,0.0,0.0,-0.12960799999999895,0.0,0.0,0.0,0.0,0.0,1.316399999999998,-0.13154194243200343,-3.3852354534133255e-17,-0.0636739980939503,0.7093399388275812,-1.7939811049785163e-16,-0.1297090526129503,1.441841045317209e-16,-0.048047806791557894,3.443002939224243,15.4559,1.622455232889842,3.1119411410785656
-0.10328957956151555,-4.134233334006771e-17,-0.22459754048118688,1.6679151368256402e-16,-0.1171922949534174,-3.9475924557343734e-17,0.7026004674944082,-1.947953240345704e-16,-1.5379958365792514,2.4249013573158664,5.511850821046237e-16,-1.6911799410448083,0.0,0.0,0.0,-0.15789799999999887,0.0,0.0,0.0,0.0,0.0,1.5125999999999982,-0.11738206364009363,-3.752035786941689e-17,-0.0657083353677376,0.7066479403633996,-1.8740222303051203e-16,-0.07372467476578204,1.5528143998747266e-16,-0.0835536272573744,3.6109981536865234,12.6609,1.3443773585851209,2.6546177332715275
-0.0892860424186416,-4.530547156839535e-17,-0.2569077398957217,1.7863020571379558e-16,-0.14917398975480245,-4.5048625737089025e-17,0.6977532467929854,-2.015184987981936e-16,-1.693024104874233,2.072804284127133,5.580070653746018e-16,-1.6080887097317238,0.0,0.0,0.0,-0.19011199999999884,0.0,0.0,0.0,0.0,0.0,1.7087999999999983,-0.10328957956151555,-4.134233334006771e-17,-0.06669954048118801,0.7026004674944082,-1.947953240345704e-16,-0.02539583657925326,1.6679151368256402e-16,-0.1171922949534174,3.7739946842193604,10.5083,1.1025417742501131,2.2951650537361212
-0.0753828773991059,-4.9395882805390484e-17,-0.2923848912161263,1.9072059143635916e-16,-0.17973630573979746,-5.0769704460723106e-17,0.6925632551605851,-2.0752262490131987e-16,-1.854691027166228,1.7460451520017384,5.608465851912305e-16,-1.536905289031918,0.0,0.0,0.0,-0.22624999999999884,0.0,0.0,0.0,0.0,0.0,1.9049999999999985,-0.0892860424186416,-4.530547156839535e-17,-0.06679573989572285,0.6977532467929854,-2.015184987981936e-16,0.015775895125765382,1.7863020571379558e-16,-0.14917398975480245,3.928999900817871,8.95449,0.894767795721662,2.0275880954406467
-0.06158324380530662,-5.359879696882488e-17,-0.3311565492449139,2.0299208823195814e-16,-0.20912643545103446,-5.666623381602628e-17,0.6874001042193421,-2.1276879144211978e-16,-2.022474775712537,1.4440753740035948,5.598289635192065e-16,-1.478122784916814,0.0,0.0,0.0,-0.26631199999999877,0.0,0.0,0.0,0.0,0.0,2.101199999999998,-0.0753828773991059,-4.9395882805390484e-17,-0.06613489121612748,0.6925632551605851,-2.0752262490131987e-16,0.05030897283377045,1.9072059143635916e-16,-0.17973630573979746,4.085995435714722,7.96166,0.7189025346853113,1.8464689486803114
-0.047883502090804136,-5.78986260036455e-17,-0.373340647527168,2.1536435962333013e-16,-0.23758872763226996,-6.277138116777325e-17,0.6825740672309066,-2.172141120399424e-16,-2.1959350525128785,1.1623098169279318,5.542413001945925e-16,-1.43160706208444,0.0,0.0,0.0,-0.31029799999999874,0.0,0.0,0.0,0.0,0.0,2.2973999999999974,-0.06158324380530662,-5.359879696882488e-17,-0.06484454924491512,0.6874001042193421,-2.1276879144211978e-16,0.07872522428746098,2.0299208823195814e-16,-0.20912643545103446,4.244995594024658,7.49886,0.5725009709059788,1.747149481854495
-0.034274513339497104,-6.227912348349189e-17,-0.41904587719781256,2.2778007905433323e-16,-0.26535923247353,-6.912417207032411e-17,0.6783248078997965,-2.2083563594469715e-16,-2.3745879145515727,0.9027157020569873,5.449907491638463e-16,-1.3969482105387978,0.0,0.0,0.0,-0.35820799999999875,0.0,0.0,0.0,0.0,0.0,2.4935999999999967,-0.047883502090804136,-5.78986260036455e-17,-0.06304264752716926,0.6825740672309066,-2.172141120399424e-16,0.10146494748711898,2.1536435962333013e-16,-0.23758872763226996,4.400994777679443,7.54122,0.4543415105507498,1.7260725508192727
-0.020742561057742012,-6.672345116353946e-17,-0.46837252765986503,2.401703689516703e-16,-0.29265904726547753,-7.576839406310376e-17,0.6748704202757125,-2.235971320600589e-16,-2.558077131653676,0.6585909119758477,5.312340262372915e-16,-1.373400372011136,0.0,0.0,0.0,-0.4100419999999987,0.0,0.0,0.0,0.0,0.0,2.689799999999996,-0.034274513339497104,-6.227912348349189e-17,-0.060837877197813806,0.6783248078997965,-2.2083563594469715e-16,0.11901208544842401,2.2778007905433323e-16,-0.26535923247353,4.555994987487793,8.07101,0.3625215266074273,1.780349826773695
-0.007269700154263965,-7.121396922973753e-17,-0.5214146012864261,2.524697644727054e-16,-0.3196969532400823,-8.275300655134356e-17,0.6724156700720922,-2.254546745597477e-16,-2.746130231002431,0.42543445083653947,5.128523852881624e-16,-1.360349365707105,0.0,0.0,0.0,-0.46579999999999855,0.0,0.0,0.0,0.0,0.0,2.8859999999999952,-0.020742561057742012,-6.672345116353946e-17,-0.05833052765986635,0.6748704202757125,-2.235971320600589e-16,0.13172286834632008,2.401703689516703e-16,-0.29265904726547753,4.711994886398315,9.07697,0.29600470983331917,1.9083632275091038
0.006166573470401648,-7.573173831126032e-17,-0.5782628377941038,2.6460054048005465e-16,-0.3466725516130633,-9.013278223410821e-17,0.6712116923944691,-2.2632223359253187e-16,-2.938693419765349,0.19154606640684788,4.889015990648566e-16,-1.3573381560412263,0.0,0.0,0.0,-0.5254819999999985,0.0,0.0,0.0,0.0,0.0,3.0821999999999945,-0.007269700154263965,-7.121396922973753e-17,-0.05561460128642759,0.6724156700720922,-2.254546745597477e-16,0.13986976899756431,2.524697644727054e-16,-0.3196969532400823,4.866994857788086,10.5553,0.2541140217368722,2.1096513237601053
0.01959077556786977,-8.025820484741792e-17,-0.6389986183019487,2.7641522170432263e-16,-0.3737886437554676,-9.79707496495993e-17,0.671208517352343,-2.2632442002322696e-16,-3.13488463101915,0.00046723375378104973,4.554666049922436e-16,-1.3645323979806752,0.0,0.0,0.0,-0.5890879999999984,0.0,0.0,0.0,0.0,0.0,3.2783999999999938,0.006166573470401648,-7.573173831126032e-17,-0.05278083779410536,0.6712116923944691,-2.2632223359253187e-16,0.14350658023464558,2.6460054048005465e-16,-0.3466725516130633,5.027994871139526,12.5123,0.23724612316608779,2.3855563897949583
0.03301492096466585,-8.478470969085437e-17,-0.7036582473107632,2.878329806621232e-16,-0.4012017768256501,-1.0632371480679493e-16,0.6712060223272653,-2.2632606432041767e-16,-3.3310782698622945,0.0003416484548561813,4.1572788102495834e-16,-1.3796087126938514,0.0,0.0,0.0,-0.6566179999999983,0.0,0.0,0.0,0.0,0.0,3.474599999999993,0.01959077556786977,-8.025820484741792e-17,-0.049910618301950316,0.671208517352343,-2.2632442002322696e-16,0.14351536898084394,2.7641522170432263e-16,-0.3737886437554676,5.185999155044556,14.9497,0.2419636086004066,2.7352560739276317
0.046439015627202596,-8.931124723968696e-17,-0.7722417519268492,2.989775266175646e-16,-0.42883736238549325,-1.1518405058925623e-16,0.671203443926409,-2.2632769056284056e-16,-3.5272721917463117,0.0003301198451674328,3.8106693791356714e-16,-1.3909360563956474,0.0,0.0,0.0,-0.728071999999998,0.0,0.0,0.0,0.0,0.0,3.6707999999999923,0.03301492096466585,-8.478470969085437e-17,-0.04704024731076495,0.6712060223272653,-2.2632606432041767e-16,0.14352173013769853,2.878329806621232e-16,-0.4012017768256501,5.351994037628174,17.8154,0.2650340491518733,3.1456103797414925
0.05986307780450713,-9.383780509736969e-17,-0.8447491811051486,3.099405815671333e-16,-0.4566393750822334,-1.2455154892163657e-16,0.6712027738040451,-2.2632809520543365e-16,-3.723470726083639,8.057963534189184e-05,3.497881017032635e-16,-1.399447230283313,0.0,0.0,0.0,-0.803449999999998,0.0,0.0,0.0,0.0,0.0,3.8669999999999916,0.046439015627202596,-8.931124723968696e-17,-0.04416975192685113,0.671203443926409,-2.2632769056284056e-16,0.1435278082536806,2.989775266175646e-16,-0.42883736238549325,5.50999903678894,21.111,0.3065751646184851,3.6169958623792695
0.07328712953201695,-9.836436916952542e-17,-0.9211805879964555,3.2079357076348047e-16,-0.4845659276868187,-1.3443248299934932e-16,0.671202398946938,-2.263283120101393e-16,-3.9196699630470424,4.250713758861802e-05,3.2076782860726157e-16,-1.4058527369953713,0.0,0.0,0.0,-0.8827519999999978,0.0,0.0,0.0,0.0,0.0,4.063199999999991,0.05986307780450713,-9.383780509736969e-17,-0.04129918110515063,0.6712027738040451,-2.2632809520543365e-16,0.14352927391635273,3.099405815671333e-16,-0.4566393750822334,5.669002294540405,24.8374,0.3666797848799803,4.149730620614948
0.08671117504008027,-1.028909367791501e-16,-1.0015359825637353,3.3155514454612794e-16,-0.5123786216426957,-1.447607887364565e-16,0.6712021518593951,-2.2632844895232764e-16,-4.11586949368093,2.6521538428166573e-05,2.931605057977067e-16,-1.4002567334115783,0.0,0.0,0.0,-0.9659779999999976,0.0,0.0,0.0,0.0,0.0,4.259399999999992,0.07328712953201695,-9.836436916952542e-17,-0.038428587996457764,0.671202398946938,-2.263283120101393e-16,0.14353003695294886,3.2079357076348047e-16,-0.4845659276868187,5.8269944190979,28.9951,0.4439535208812734,4.7440226462042725
0.10013521581718052,-1.07417506959512e-16,-1.0858153684193184,3.390822757046843e-16,-0.5235187550018853,-1.4906018840870955e-16,0.6712019258506274,-2.263285690838619e-16,-4.312069091877373,2.3050274471316163e-05,2.717999052872995e-16,-0.560884569046993,0.0,0.0,0.0,-1.0531279999999974,0.0,0.0,0.0,0.0,0.0,4.455599999999993,0.08671117504008027,-1.028909367791501e-16,-0.03555798256373777,0.6712021518593951,-2.2632844895232764e-16,0.1435305063190624,3.3155514454612794e-16,-0.5123786216426957,6.000993967056274,33.7521,0.45855770099215004,5.401217434176267
0.11355925228260276,-1.1194407942688748e-16,-1.1740187467027505,3.449261792503957e-16,-0.5235973899406201,-1.4909124159651642e-16,0.6712017206915968,-2.2632867765368683e-16,-4.508268736465831,2.0518747033444512e-05,2.9344928893776694e-16,-0.0039591403792754686,0.0,0.0,0.0,-1.1442019999999973,0.0,0.0,0.0,0.0,0.0,4.651799999999994,0.10013521581718052,-1.07417506959512e-16,-0.03268736841932096,0.6712019258506274,-2.263285690838619e-16,0.14353090812261993,3.390822757046843e-16,-0.5235187550018853,6.167994737625122,39.5702,0.5585029839758193,6.220048930266628
0.1269832849689786,-1.1647065391410513e-16,-1.266146118440016,3.5162184859807633e-16,-0.5235980401602713,-1.4909150308361396e-16,0.6712015479459887,-2.2632877106808073e-16,-4.704468437260705,1.7274602251052913e-05,3.371094030576555e-16,-3.2737494538902906e-05,0.0,0.0,0.0,-1.2391999999999972,0.0,0.0,0.0,0.0,0.0,4.847999999999995,0.11355925228260276,-1.1194407942688748e-16,-0.02981674670275325,0.6712017206915968,-2.2632867765368683e-16,0.14353126353416368,3.449261792503957e-16,-0.5235973899406201,6.343998908996582,46.2219,0.6929634442156246,7.186294969264452
0.1404073143923712,-1.2099723018638387e-16,-1.3621974845256144,3.589821002918284e-16,-0.5235981274214453,-1.4909153888401306e-16,0.671201394393272,-2.263288561597933e-16,-4.900668171299146,1.5355291247629846e-05,3.705757172240744e-16,-4.393457206452816e-06,0.0,0.0,0.0,-1.3381219999999971,0.0,0.0,0.0,0.0,0.0,5.0441999999999965,0.1269832849689786,-1.1647065391410513e-16,-0.026946118440018818,0.6712015479459887,-2.2632877106808073e-16,0.14353156273929013,3.5162184859807633e-16,-0.5235980401602713,6.514993906021118,53.5714,0.8462687367132075,8.239426691684539
0.15383134091809778,-1.255238080844644e-16,-1.4621728455923002,3.6684110884874503e-16,-0.5235981962588737,-1.49091567730618e-16,0.6712012581793847,-2.2632893364825954e-16,-5.096867935369418,1.3621404004844072e-05,3.956874834971017e-16,-3.465851778163148e-06,0.0,0.0,0.0,-1.4409679999999971,0.0,0.0,0.0,0.0,0.0,5.2403999999999975,0.1404073143923712,-1.2099723018638387e-16,-0.024075484525617252,0.671201394393272,-2.263288561597933e-16,0.14353182870085046,3.589821002918284e-16,-0.5235981274214453,6.692998886108398,61.6252,1.0184184829945724,9.378965097877451
0.1672553648247431,-1.3005038749222725e-16,-1.5660722021225975,3.750810771081441e-16,-0.5235982498405287,-1.4909159068225763e-16,0.6712011324851479,-2.2632900712802773e-16,-5.293067717660322,1.2569436298677695e-05,4.1486832899795513e-16,-2.6977485734297696e-06,0.0,0.0,0.0,-1.547737999999997,0.0,0.0,0.0,0.0,0.0,5.4365999999999985,0.15383134091809778,-1.255238080844644e-16,-0.021204845592303068,0.6712012581793847,-2.2632893364825954e-16,0.14353206463057955,3.6684110884874503e-16,-0.5235981962588737,6.862998723983765,70.3967,1.2094126845393565,10.604906412438178
0.18067938632184843,-1.345769683275811e-16,-1.6738955544794438,3.836072115729738e-16,-0.5235982959013865,-1.4909161085823807e-16,0.6712010172253853,-2.2632907640735693e-16,-5.489267518024314,1.1525986754220213e-05,4.292763986452169e-16,-2.319088758790332e-06,0.0,0.0,0.0,-1.6584319999999968,0.0,0.0,0.0,0.0,0.0,5.6328,0.1672553648247431,-1.3005038749222725e-16,-0.018334202122600507,0.6712011324851479,-2.2632900712802773e-16,0.14353228233967652,3.750810771081441e-16,-0.5235982498405287,7.037536144256592,79.8978,1.4192513395312207,11.917250571008966
0.19410340558864608,-1.3910355052188608e-16,-1.7856429029732794,3.9235112156289985e-16,-0.5235983346298907,-1.4909162820859364e-16,0.6712009094543812,-2.2632914302314167e-16,-5.685467331359253,1.0777109351704648e-05,4.402411108028873e-16,-1.9499167445423708e-06,0.0,0.0,0.0,-1.773049999999997,0.0,0.0,0.0,0.0,0.0,5.829000000000001,0.18067938632184843,-1.345769683275811e-16,-0.015463554479447028,0.6712010172253853,-2.2632907640735693e-16,0.14353248197568558,3.836072115729738e-16,-0.5235982959013865,7.20853066444397,90.1317,1.647934445716813,13.315997539043146
0.2075274227891461,-1.4363013401070628e-16,-1.9013142478881786,4.0125913691988307e-16,-0.5235983736601544,-1.490916460919087e-16,0.67120081059562,-2.263292058588789e-16,-5.88166716013068,9.88588368009655e-06,4.485035338524892e-16,-1.9651098662773025e-06,0.0,0.0,0.0,-1.8915919999999968,0.0,0.0,0.0,0.0,0.0,6.025200000000002,0.19410340558864608,-1.3910355052188608e-16,-0.012592902973282527,0.6712009094543812,-2.2632914302314167e-16,0.14353266864074765,3.9235112156289985e-16,-0.5235983346298907,7.380532264709473,101.116,1.8954620008445606,14.801147294401419
0.2209514380848794,-1.4815671872654016e-16,-2.0209095895039217,4.102906783164485e-16,-0.5235984052916632,-1.4909166091280143e-16,0.6712007189777129,-2.2632926572451003e-16,-6.0778670014436615,9.161797068340713e-06,4.547229447335794e-16,-1.5925946557981617e-06,0.0,0.0,0.0,-2.014057999999997,0.0,0.0,0.0,0.0,0.0,6.221400000000003,0.2075274227891461,-1.4363013401070628e-16,-0.009722247888181768,0.67120081059562,-2.263292058588789e-16,0.14353283986932208,4.0125913691988307e-16,-0.5235983736601544,7.554530382156372,112.852,2.1618340029853598,16.372699793610547
0.23437545159449721,-1.526833046251842e-16,-2.1444289280260196,4.194139389781628e-16,-0.5235984308431392,-1.4909167315272722e-16,0.6712006319840678,-2.263293241398922e-16,-6.274066850766119,8.699370117213061e-06,4.593409244935248e-16,-1.286474975528717e-06,0.0,0.0,0.0,-2.140447999999997,0.0,0.0,0.0,0.0,0.0,6.417600000000004,0.2209514380848794,-1.4815671872654016e-16,-0.006851589503924949,0.6712007189777129,-2.2632926572451003e-16,0.14353299855634116,4.102906783164485e-16,-0.5235984052916632,7.7245707511901855,125.347,2.44705045061347,18.03065512370417
0.24779946341930004,-1.5720989167003369e-16,-2.2718722636299296,4.286043013690251e-16,-0.5235984558929487,-1.4909168541720084e-16,0.6712005504962153,-2.263293803450551e-16,-6.470266709624906,8.148790120274333e-06,4.627193860417371e-16,-1.2612168955517173e-06,0.0,0.0,0.0,-2.270761999999997,0.0,0.0,0.0,0.0,0.0,6.613800000000005,0.23437545159449721,-1.526833046251842e-16,-0.003980928026022568,0.6712006319840678,-2.263293241398922e-16,0.1435331492338845,4.194139389781628e-16,-0.5235984308431392,7.906536102294922,138.615,2.7511113417574746,19.77501323740148
0.26122347366354187,-1.6173647981912789e-16,-2.403239596496226,4.378464557143349e-16,-0.523598477633817,-1.4909169629297203e-16,0.6712004739279684,-2.2632943456436244e-16,-6.666466577004713,7.656828934930685e-06,4.653270610848988e-16,-1.094617090660354e-06,0.0,0.0,0.0,-2.404999999999997,0.0,0.0,0.0,0.0,0.0,6.810000000000006,0.24779946341930004,-1.5720989167003369e-16,-0.0011102636299327173,0.6712005504962153,-2.263293803450551e-16,0.14353329037509877,4.286043013690251e-16,-0.5235984558929487,8.088535070419312,152.658,3.074016674451269,21.605774084845585
0.27464748241069786,-1.66263069041854e-16,-2.5385309267694915,4.471229279809995e-16,-0.5235984954854228,-1.4909170541402207e-16,0.6712004007876351,-2.263294877082504e-16,-6.862666450321854,7.31403709226e-06,4.670549563942947e-16,-8.987991266678509e-07,0.0,0.0,0.0,-2.5431619999999975,0.0,0.0,0.0,0.0,0.0,7.006200000000007,0.26122347366354187,-1.6173647981912789e-16,0.0017604035037712684,0.6712004739279684,-2.2632943456436244e-16,0.1435334229952927,4.378464557143349e-16,-0.523598477633817,8.27953028678894,167.477,3.415766447097369,23.522937705747346
0.2880714897332701,-1.7078965931254558e-16,-2.6777462545753044,4.564210463170643e-16,-0.523598513629268,-1.4909171487896348e-16,0.6712003314695909,-2.263295393609089e-16,-7.058866330259403,6.931807787491701e-06,4.681447918803787e-16,-9.135128800475236e-07,0.0,0.0,0.0,-2.6852479999999974,0.0,0.0,0.0,0.0,0.0,7.202400000000008,0.27464748241069786,-1.66263069041854e-16,0.004631073230505933,0.6712004007876351,-2.263294877082504e-16,0.14353354967815246,4.471229279809995e-16,-0.5235984954854228,8.467538595199585,183.088,3.7763606579043656,25.52650408642198
0.3014954957050493,-1.7531625060201591e-16,-2.8208855800414727,4.657377225350467e-16,-0.5235985293813057,-1.4909172326548272e-16,0.67120026570833,-2.263295895861241e-16,-7.255066216357489,6.576129093226616e-06,4.690791779899951e-16,-7.930892947222237e-07,0.0,0.0,0.0,-2.8312579999999974,0.0,0.0,0.0,0.0,0.0,7.398600000000009,0.2880714897332701,-1.7078965931254558e-16,0.007501745424693063,0.6712003314695909,-2.263295393609089e-16,0.14353366974060489,4.564210463170643e-16,-0.523598513629268,8.655534744262695,199.492,4.15579930509426,27.616473170753682
0.3149195003911601,-1.7984284288511927e-16,-2.9679489032807975,4.750649190542567e-16,-0.5235985432156022,-1.490917307798934e-16,0.6712002029027528,-2.2632963872421035e-16,-7.451266107574978,6.280560399917772e-06,4.696088798816947e-16,-6.965341730413746e-07,0.0,0.0,0.0,-2.981191999999998,0.0,0.0,0.0,0.0,0.0,7.59480000000001,0.3014954957050493,-1.7531625060201591e-16,0.01037241995852467,0.67120026570833,-2.263295895861241e-16,0.14353378364252034,4.657377225350467e-16,-0.5235985293813057,8.84253478050232,216.69,4.554082387131986,29.792845003779615
0.3283435038460746,-1.8436943614274233e-16,-3.1189362243876264,4.843887440922207e-16,-0.5235985559082729,-1.4909173781088087e-16,0.671200142588688,-2.2632968703809766e-16,-7.6474660031078985,6.0314088950472265e-06,4.694391434924079e-16,-6.390551793190185e-07,0.0,0.0,0.0,-3.135049999999998,0.0,0.0,0.0,0.0,0.0,7.791000000000011,0.3149195003911601,-1.7984284288511927e-16,0.01324309671920032,0.6712002029027528,-2.2632963872421035e-16,0.14353389242503223,4.750649190542567e-16,-0.5235985432156022,9.02953052520752,234.692,4.971209902493984,32.05561956761598
0.3417675061195131,-1.8889603035755756e-16,-3.2738475434480785,4.937126774156107e-16,-0.5235985674110194,-1.4909174430656304e-16,0.6712000847551749,-2.2632973444342547e-16,-7.843665902937265,5.783353494705752e-06,4.694446089621201e-16,-5.791444632368737e-07,0.0,0.0,0.0,-3.292831999999998,0.0,0.0,0.0,0.0,0.0,7.987200000000012,0.3283435038460746,-1.8436943614274233e-16,0.016113775612371484,0.671200142588688,-2.2632968703809766e-16,0.14353399689211255,4.843887440922207e-16,-0.5235985559082729,9.214529991149902,253.505,5.407181849558963,34.404796837709696
0.35519150725953536,-1.934226255117695e-16,-3.432682860545394,5.030335279296805e-16,-0.5235985778392241,-1.4909175030769887e-16,0.6712000292470506,-2.2632978097777156e-16,-8.039865806794328,5.550814429940086e-06,4.69289407011542e-16,-5.250430240582465e-07,0.0,0.0,0.0,-3.454537999999998,0.0,0.0,0.0,0.0,0.0,8.18340000000001,0.3417675061195131,-1.8889603035755756e-16,0.018984456551919493,0.6712000847551749,-2.2632973444342547e-16,0.143534097062747,4.937126774156107e-16,-0.5235985674110194,9.387533903121948,273.128,5.861998226740662,36.840376815881186
0.3686155073121568,-1.9794922158750976e-16,-3.595442175759276,5.123462572996077e-16,-0.523598588103046,-1.4909175632465657e-16,0.6711999760151002,-2.2632982659625684e-16,-8.236065714593845,5.323196856795866e-06,4.688805203061086e-16,-5.167666292299257e-07,0.0,0.0,0.0,-3.6201679999999983,0.0,0.0,0.0,0.0,0.0,8.379600000000007,0.35519150725953536,-1.934226255117695e-16,0.021855139454604267,0.6712000292470506,-2.2632978097777156e-16,0.1435341932056815,5.030335279296805e-16,-0.5235985778392241,9.56353497505188,293.564,6.335659032568447,39.36235949683983
0.3820395063182355,-2.0247581856968942e-16,-3.7621254891604914,5.216420580501589e-16,-0.5235985971028808,-1.490917616973182e-16,0.6711999245927645,-2.2632987162171e-16,-8.432265625527709,5.1422352409273634e-06,4.680282082651458e-16,-4.531269433675784e-07,0.0,0.0,0.0,-3.7897219999999985,0.0,0.0,0.0,0.0,0.0,8.575800000000005,0.3686155073121568,-1.9794922158750976e-16,0.02472582424072245,0.6711999760151002,-2.2632982659625684e-16,0.14353428540616164,5.123462572996077e-16,-0.523598588103046,9.747530221939087,314.823,6.828164265672189,41.97074485973863
0.39546350431416816,-2.0700241644557397e-16,-3.932732800812082,5.309249785295113e-16,-0.5235986052447209,-1.4909176664511284e-16,0.6711998750005035,-2.263299159667466e-16,-8.62846553963136,4.9592276314430235e-06,4.673797184007244e-16,-4.0992831755381153e-07,0.0,0.0,0.0,-3.9631999999999987,0.0,0.0,0.0,0.0,0.0,8.772000000000002,0.3820395063182355,-2.0247581856968942e-16,0.027596510839507093,0.6711999245927645,-2.2632987162171e-16,0.14353437447229567,5.216420580501589e-16,-0.5235985971028808,9.935534477233887,336.909,7.339513924652629,44.66553291548276
0.4088875013353959,-2.1152901520192156e-16,-4.107264110775433,5.401966321832548e-16,-0.5235986128024828,-1.490917713189256e-16,0.6711998271222697,-2.2632995966801176e-16,-8.824665456703794,4.787824795084302e-06,4.668124590809201e-16,-3.8052092861737405e-07,0.0,0.0,0.0,-4.140601999999999,0.0,0.0,0.0,0.0,0.0,8.9682,0.39546350431416816,-2.0700241644557397e-16,0.030467199187916627,0.6711998750005035,-2.263299159667466e-16,0.1435344603686417,5.309249785295113e-16,-0.5235986052447209,10.120529890060425,359.821,7.86970800810571,47.44672365525442
0.42231149741496604,-2.160556148263584e-16,-4.285719419107785,5.494499599910366e-16,-0.5235986200751281,-1.4909177589420263e-16,0.6711997808347399,-2.263300027756715e-16,-9.020865376531408,4.628754280405344e-06,4.658897852306047e-16,-3.661657734010449e-07,0.0,0.0,0.0,-4.321927999999998,0.0,0.0,0.0,0.0,0.0,9.164399999999997,0.4088875013353959,-2.1152901520192156e-16,0.03333788922456549,0.6711998271222697,-2.2632995966801176e-16,0.14353454329620519,5.401966321832548e-16,-0.5235986128024828,10.31253457069397,383.562,8.418746514715602,50.314317068316676
0.4357354925836702,-2.205822153073771e-16,-4.46809872586247,5.5867690552702555e-16,-0.5235986269643478,-1.4909178030176907e-16,0.671199736035679,-2.2633004532619745e-16,-9.217065298937133,4.4799072772991425e-06,4.645614852755828e-16,-3.468609382586453e-07,0.0,0.0,0.0,-4.507177999999999,0.0,0.0,0.0,0.0,0.0,9.360599999999994,0.42231149741496604,-2.160556148263584e-16,0.036208580892212794,0.6711997808347399,-2.263300027756715e-16,0.14353462346858947,5.494499599910366e-16,-0.5235986200751281,10.498600959777832,408.141,8.986629443200304,53.268313141874266
0.4491594868703118,-2.251088166341967e-16,-4.6544020310893774,5.678850332648251e-16,-0.5235986330709582,-1.4909178427363524e-16,0.6711996926284771,-2.263300873557553e-16,-9.41326522375363,4.340721295257059e-06,4.636140509241576e-16,-3.0745783264253415e-07,0.0,0.0,0.0,-4.696351999999998,0.0,0.0,0.0,0.0,0.0,9.556799999999992,0.4357354925836702,-2.205822153073771e-16,0.03907927413752876,0.671199736035679,-2.2633004532619745e-16,0.1435347010628618,5.5867690552702555e-16,-0.5235986269643478,10.68353009223938,433.562,9.573356792304553,56.30871187339546
0.46258348030196383,-2.296354187966222e-16,-4.8446293348354,5.770769388091164e-16,-0.5235986388016318,-1.4909178806186312e-16,0.6711996505367182,-2.2633012888679134e-16,-9.60946515084854,4.209176923763075e-06,4.62797294671972e-16,-2.885300461563206e-07,0.0,0.0,0.0,-4.889449999999998,0.0,0.0,0.0,0.0,0.0,9.75299999999999,0.4491594868703118,-2.251088166341967e-16,0.04194996891062086,0.6711996926284771,-2.263300873557553e-16,0.14353477624636213,5.678850332648251e-16,-0.5235986330709582,10.877569675445557,459.823,10.178928560800735,59.43551326912427
0.47600747290412715,-2.341620217849974e-16,-5.038780637144704,5.86246822561621e-16,-0.5235986441591791,-1.4909179166023417e-16,0.6711996096796133,-2.263301699507296e-16,-9.805665080081933,4.085711449602206e-06,4.616885383013695e-16,-2.697437320740078e-07,0.0,0.0,0.0,-5.086471999999998,0.0,0.0,0.0,0.0,0.0,9.949199999999987,0.46258348030196383,-2.296354187966222e-16,0.044820665164598594,0.6711996505367182,-2.2633012888679134e-16,0.14353484915145032,5.770769388091164e-16,-0.5235986388016318,11.065529823303223,486.926,10.803344747496341,62.64871731389127
0.4894314647006951,-2.3868862559032753e-16,-5.236855938058676,5.95381618995721e-16,-0.5235986494471813,-1.4909179526778036e-16,0.6711995699771822,-2.263302105822818e-16,-10.001865011315285,3.970244018498893e-06,4.599219490532567e-16,-2.6624224386820805e-07,0.0,0.0,0.0,-5.287417999999998,0.0,0.0,0.0,0.0,0.0,10.145399999999984,0.47600747290412715,-2.341620217849974e-16,0.04769136285529374,0.6711996096796133,-2.263301699507296e-16,0.14353491991805356,5.86246822561621e-16,-0.5235986441591791,11.253534317016602,514.88,11.4466053512264,65.9483240029061
0.5028554557143106,-2.432152302039836e-16,-5.438855237616535,6.044880292068528e-16,-0.5235986543158341,-1.4909179864051512e-16,0.6711995313843662,-2.2633025078332613e-16,-10.198064944470548,3.8592824329271075e-06,4.584927551277696e-16,-2.451286827346292e-07,0.0,0.0,0.0,-5.492287999999998,0.0,0.0,0.0,0.0,0.0,10.341599999999982,0.4894314647006951,-2.3868862559032753e-16,0.05056206194132162,0.6711995699771822,-2.263302105822818e-16,0.14353498868469927,5.95381618995721e-16,-0.5235986494471813,11.4435293674469,543.688,12.108710370849122,69.33433332202225
0.5162794459664766,-2.4774183561765933e-16,-5.644778535855523,6.135747833671442e-16,-0.5235986587333334,-1.4909180174711667e-16,0.6711994938322394,-2.2633029058424386e-16,-10.394264879428338,3.7552134699604927e-06,4.575031118594712e-16,-2.2241386732265453e-07,0.0,0.0,0.0,-5.701081999999997,0.0,0.0,0.0,0.0,0.0,10.53779999999998,0.5028554557143106,-2.432152302039836e-16,0.05343276238346295,0.6711995313843662,-2.2633025078332613e-16,0.14353505552943346,6.044880292068528e-16,-0.5235986543158341,11.629528760910034,573.351,12.789659805248924,72.80674527785803
0.5297034354779748,-2.522684418229934e-16,-5.854625832811637,6.226416769360907e-16,-0.5235986630701589,-1.4909180484243831e-16,0.6711994573175846,-2.2633032994916034e-16,-10.590464816183083,3.6514662463997287e-06,4.565031638960851e-16,-2.1835205670674877e-07,0.0,0.0,0.0,-5.913799999999997,0.0,0.0,0.0,0.0,0.0,10.733999999999977,0.5162794459664766,-2.4774183561765933e-16,0.056303464144473736,0.6711994938322394,-2.2633029058424386e-16,0.14353512057164153,6.135747833671442e-16,-0.5235986587333334,11.823529243469238,603.868,13.4894536533406,76.36555986698058
0.5431274242680095,-2.5679504881256836e-16,-6.068397128518139,6.316626634340683e-16,-0.5235986670054966,-1.4909180769230343e-16,0.6711994216858865,-2.2633036900833504e-16,-10.786664754467157,3.563170486657648e-06,4.541918242366363e-16,-1.9813782762360932e-07,0.0,0.0,0.0,-6.130441999999996,0.0,0.0,0.0,0.0,0.0,10.930199999999974,0.5297034354779748,-2.522684418229934e-16,0.05917416718835966,0.6711994573175846,-2.2633032994916034e-16,0.14353518381689412,6.226416769360907e-16,-0.5235986630701589,12.01853346824646,635.246,14.208091914083214,80.01077707538862
0.5565514123543156,-2.613216565798328e-16,-6.286092423005748,6.406487523483378e-16,-0.5235986708755449,-1.49091810535122e-16,0.6711993869447237,-2.263304077181114e-16,-10.982864694293685,3.4741169336991747e-06,4.524347882281268e-16,-1.9485058653027877e-07,0.0,0.0,0.0,-6.351007999999996,0.0,0.0,0.0,0.0,0.0,11.126399999999972,0.5431274242680095,-2.5679504881256836e-16,0.06204487148185667,0.6711994216858865,-2.2633036900833504e-16,0.14353524553281716,6.316626634340683e-16,-0.5235986670054966,12.211530208587646,667.492,14.94557458643309,83.74239690501925
0.5699753997542575,-2.658482651179592e-16,-6.507711716304538,6.496086842347585e-16,-0.5235986744173959,-1.4909181317355448e-16,0.6711993530494629,-2.263304460945268e-16,-11.179064635585359,3.3895267147794215e-06,4.511178298600846e-16,-1.7832639385295538e-07,0.0,0.0,0.0,-6.575497999999995,0.0,0.0,0.0,0.0,0.0,11.32259999999997,0.5565514123543156,-2.613216565798328e-16,0.06491557699424799,0.6711993869447237,-2.263304077181114e-16,0.14353530570628692,6.406487523483378e-16,-0.5235986708755449,12.394529104232788,700.603,15.701901669350365,87.56041934236401
0.5833993864847383,-2.7037487441997607e-16,-6.733255008443787,6.58548388575233e-16,-0.5235986778654109,-1.49091815777719e-16,0.671199319998615,-2.26330484107159e-16,-11.3752645783396,3.3050853563003055e-06,4.500994069121544e-16,-1.7360191977472917e-07,0.0,0.0,0.0,-6.803911999999994,0.0,0.0,0.0,0.0,0.0,11.518799999999967,0.5699753997542575,-2.658482651179592e-16,0.06778628369545725,0.6711993530494629,-2.263304460945268e-16,0.14353536441461046,6.496086842347585e-16,-0.5235986744173959,12.589530229568481,734.581,16.477073161834994,91.46484439213323
0.5968233725615,-2.7490148447963103e-16,-6.962722299450761,6.674360109815696e-16,-0.5235986810647327,-1.4909181822698344e-16,0.6711992876775408,-2.2633052185834116e-16,-11.571464522357847,3.232107959012009e-06,4.474771707254107e-16,-1.6108059574765994e-07,0.0,0.0,0.0,-7.036249999999994,0.0,0.0,0.0,0.0,0.0,11.714999999999964,0.5833993864847383,-2.7037487441997607e-16,0.07065699155620742,0.671199319998615,-2.26330484107159e-16,0.14353542166036704,6.58548388575233e-16,-0.5235986778654109,12.797529220581055,769.431,17.271089062927178,95.45567204372095
0.6102473579991762,-2.794280952913557e-16,-7.196113589350807,6.762804471895477e-16,-0.5235986841609446,-1.4909182062900915e-16,0.6711992560900828,-2.2633055931413023e-16,-11.76766446764675,3.1587462992291947e-06,4.453028175558106e-16,-1.5588919529018115e-07,0.0,0.0,0.0,-7.272511999999993,0.0,0.0,0.0,0.0,0.0,11.911199999999962,0.5968233725615,-2.7490148447963103e-16,0.0735277005492323,0.6711992876775408,-2.2633052185834116e-16,0.14353547764211783,6.674360109815696e-16,-0.5235986810647327,12.9965341091156,805.159,18.0839493716672,99.5329022951611
