-0.3,0.0,-0.001962000001767603,2.4921193228271487e-18,0.00932334046322484,1.1617522615088457e-20,0.0,0.0,-0.19620000017676031,-8.838014586213888e-09,1.2460325826877532e-16,0.4661703999754365,0.0,0.0,0.0,0.218038,0.0,0.0,0.0,0.0,0.0,-4.803799999999999,-0.3,0.0,-0.12,0.0,0.0,5.0,0.0,-0.0,0.03300023078918457,61610.2,5.355865742090662,149.9031587452
-0.30000000000001625,4.3476611688996654e-30,-0.007848000007047374,4.398036022910308e-18,0.017265098645640867,3.897984243285052e-20,-1.6265633613623726e-12,4.347661168899666e-28,-0.3924000003512167,-8.723198153958503e-09,9.527868261887071e-17,0.3970943108662766,0.0,0.0,0.0,0.312152,0.0,0.0,0.0,0.0,0.0,-4.607599999999998,-0.3,0.0,-0.22000000000176761,0.0,0.0,4.607599999823239,2.4921193228271487e-18,0.00932334046322484,0.24699997901916504,50970,7.034034518040249,112.95406345769052
-0.3000000000000784,2.059161520988995e-29,-0.017658000015788076,5.8046773298698875e-18,0.024030031135466746,7.349746769830445e-20,-4.590189388652859e-12,1.1896292872090618e-27,-0.5886000005228538,-8.58313447254438e-09,7.029775047202361e-17,0.33825425653337815,0.0,0.0,0.0,0.4023419999999999,0.0,0.0,0.0,0.0,0.0,-4.411399999999997,-0.30000000000001625,4.3476611688996654e-30,-0.32000000000704737,-1.6265633613623726e-12,4.347661168899666e-28,4.215199999648782,4.398036022910308e-18,0.017265098645640867,0.4030780792236328,41341.2,9.714561842932502,85.27194954110496
-0.30000000000021065,5.414302055059335e-29,-0.03139200002792637,6.785937600590733e-18,0.02979253896386768,1.097873161305394e-19,-8.630957139382484e-12,2.165511246861279e-27,-0.7848000006909763,-8.408554777250068e-09,4.901538830284232e-17,0.2881332392985886,0.0,0.0,0.0,0.4886079999999999,0.0,0.0,0.0,0.0,0.0,-4.215199999999996,-0.3000000000000784,2.059161520988995e-29,-0.420000000015788,-4.590189388652859e-12,1.1896292872090618e-27,3.822799999477143,5.8046773298698875e-18,0.024030031135466746,0.5600001811981201,32723.8,13.39722292523688,66.8521438711252
-0.30000000000043203,1.0855634608748618e-28,-0.049050000043382155,7.404743679440404e-18,0.0347011712494444,1.446338154721076e-19,-1.3507219133106478e-11,3.275821306828004e-27,-0.981000000854602,-8.184907355964074e-09,3.088501295520623e-17,0.24543913168079473,0.0,0.0,0.0,0.5709499999999998,0.0,0.0,0.0,0.0,0.0,-4.018999999999995,-0.30000000000021065,5.414302055059335e-29,-0.5200000000279262,-8.630957139382484e-12,2.165511246861279e-27,3.4303999993090195,6.785937600590733e-18,0.02979253896386768,0.7150003910064697,25117.7,18.08185467857968,57.69081742786871
-0.3000000000007569,1.8574676177478627e-28,-0.07063200006205088,7.714701558880536e-18,0.03888245971879275,1.7626457934693946e-19,-1.8980662727090892e-11,4.443220261902005e-27,-1.1772000010122698,-7.888123145628274e-09,1.5440207719198546e-17,0.20907134146558184,0.0,0.0,0.0,0.6493679999999997,0.0,0.0,0.0,0.0,0.0,-3.8227999999999955,-0.30000000000043203,1.0855634608748618e-28,-0.620000000043382,-1.3507219133106478e-11,3.275821306828004e-27,3.0379999991453928,7.404743679440404e-18,0.0347011712494444,0.8709995746612549,18523,23.76833878482422,57.784818566380025
-0.30000000000119464,2.8613488624470406e-28,-0.0961380000837902,7.761494376311756e-18,0.04244418354093194,2.0384833445438667e-19,-2.4792369927099132e-11,5.5955921850897726e-27,-1.3734000011616634,-7.475313934762439e-09,2.2836511091437762e-18,0.17809240203263246,0.0,0.0,0.0,0.7238619999999997,0.0,0.0,0.0,0.0,0.0,-3.6265999999999963,-0.3000000000007569,1.8574676177478627e-28,-0.7200000000620506,-1.8980662727090892e-11,4.443220261902005e-27,2.6455999989877257,7.714701558880536e-18,0.03888245971879275,1.0289990901947021,12939.6,30.456589405675018,67.13154243260219
-0.3000000000015336,3.693800922229596e-28,-0.12556800010332922,7.58379200291378e-18,0.04547811799105045,2.27149133758735e-19,-9.103074292909256e-12,2.7289284127357796e-27,-1.56960000079224,1.8487818646732924e-08,-8.936635117619861e-18,0.15170220962533013,0.0,0.0,0.0,0.7944319999999996,0.0,0.0,0.0,0.0,0.0,-3.430399999999997,-0.30000000000119464,2.8613488624470406e-28,-0.8200000000837899,-2.4792369927099132e-11,5.5955921850897726e-27,2.253199998838333,7.761494376311756e-18,0.04244418354093194,1.1859991550445557,8367.42,38.14654424364428,85.72882803046619
-0.30000000000152977,3.9299206524989974e-28,-0.15892200011508942,7.215292664857684e-18,0.048062512150047275,2.4629339728518816e-19,9.48573571432222e-12,-3.677311100417654e-28,-1.7658000003837802,2.0444138985331476e-08,-1.8470394946044624e-17,0.1292245035256059,0.0,0.0,0.0,0.8610779999999996,0.0,0.0,0.0,0.0,0.0,-3.2341999999999977,-0.3000000000015336,3.693800922229596e-28,-0.9200000001033288,-9.103074292909256e-12,2.7289284127357796e-27,1.860799999207757,7.58379200291378e-18,0.04547811799105045,1.3380029201507568,4806.56,46.83815818264917,113.57487709815891
-0.30000000000110705,3.506992536515614e-28,-0.19620000011792044,6.684095541885395e-18,0.05026397383385407,2.6161138772888455e-19,3.2788020825845186e-11,-3.861550049792068e-27,-1.9619999998993207,2.425097845136371e-08,-2.6598489592203702e-17,0.11007724429129287,0.0,0.0,0.0,0.9237999999999995,0.0,0.0,0.0,0.0,0.0,-3.0379999999999985,-0.30000000000152977,3.9299206524989974e-28,-1.020000000115089,9.48573571432222e-12,-3.677311100417654e-28,1.4683999996162176,7.215292664857684e-18,0.048062512150047275,1.4920036792755127,2256.98,56.531398404590256,150.6681870062592
-0.30000000000010063,2.269155693459452e-28,-0.23740200010893725,6.014367955805806e-18,0.052139242363177865,2.735335246193359e-19,6.784955152360469e-11,-8.516818380769553e-27,-2.158199999202361,3.4892086726243256e-08,-3.351816111760384e-17,0.09376701657360331,0.0,0.0,0.0,0.9825979999999995,0.0,0.0,0.0,0.0,0.0,-2.841799999999999,-0.30000000000110705,3.506992536515614e-28,-1.12000000011792,3.2788020825845186e-11,-3.861550049792068e-27,1.0760000001006778,6.684095541885395e-18,0.05026397383385407,1.649003505706787,718.669,67.22624113824651,197.0075006841647
-0.29999999999572124,-2.9139259449346686e-28,-0.28252800003506906,5.226384759851857e-18,0.05373665027912706,2.8252415219258974e-19,3.700899910145901e-10,-4.331399800317165e-26,-2.3543999934108206,2.8997105574018176e-07,-3.942446120154225e-17,0.07987348264275995,0.0,0.0,0.0,1.0374719999999995,0.0,0.0,0.0,0.0,0.0,-2.6456,-0.30000000000010063,2.269155693459452e-28,-1.2200000001089368,6.784955152360469e-11,-8.516818380769553e-27,0.6836000007976382,6.014367955805806e-18,0.052139242363177865,1.7920031547546387,191.622,78.9226691392632,252.59176332460694
-0.29998670048309395,-1.2903659816957147e-21,-0.33133074404807067,4.547933466828221e-18,0.05509736750779743,2.8918405153438954e-19,0.0013299508926465416,-1.2903652571631401e-19,-2.5258744078893414,1.2380663832892742,-3.3941991657703927e-17,0.06803850862763713,0.0,0.0,0.0,1.0884219999999996,0.0,0.0,0.0,0.0,0.0,-2.4494000000000007,-0.29999999999572124,-2.9139259449346686e-28,-1.3200000000350687,3.700899910145901e-10,-4.331399800317165e-26,0.2912000065891793,5.226384759851857e-18,0.05373665027912706,1.9480030536651611,290.612,91.69731031026217,317.42008771769866
-0.29993190548868753,-6.191517233071775e-21,-0.38329900199004424,3.994317248888253e-18,0.05620620208840697,2.939273662011886e-19,0.004149548547994042,-3.6107859942129197e-19,-2.6709513863080114,2.560035872084181,-2.7695082460634802e-17,0.05544389616008111,0.0,0.0,0.0,1.1354479999999993,0.0,0.0,0.0,0.0,0.0,-2.2532000000000014,-0.29998670048309395,-1.2903659816957147e-21,-1.4197527440480702,0.0013299508926465416,-1.2903652571631401e-19,-0.07647440788934068,4.547933466828221e-18,0.05509736750779743,2.1100029945373535,416.102,105.61238104865558,389.64169024406465
-0.2998062477896334,-1.6434274245454026e-20,-0.43792171858629775,3.5501418904598975e-18,0.05704335395999289,2.9709036466305344e-19,0.008416221357419339,-6.631971018169333e-19,-2.7913202733173423,3.797552565227465,-2.2218587935413492e-17,0.04185923431560255,0.0,0.0,0.0,1.1785499999999995,0.0,0.0,0.0,0.0,0.0,-2.057000000000002,-0.29993190548868753,-6.191517233071775e-21,-1.5187470019900435,0.004149548547994042,-3.6107859942129197e-19,-0.41775138630801,3.994317248888253e-18,0.05620620208840697,2.268033266067505,557.77,120.54962654613252,468.1018440731624
-0.29958142282968236,-3.3199697199848764e-20,-0.49472071455281624,3.201094502654559e-18,0.057592639824517344,2.989475939907382e-19,0.014066274637679788,-1.0133451936225402e-18,-2.8885793233345054,4.9551071344563695,-1.7458373927014244e-17,0.027465371265709804,0.0,0.0,0.0,1.2177279999999997,0.0,0.0,0.0,0.0,0.0,-1.8608000000000022,-0.2998062477896334,-1.6434274245454026e-20,-1.6164717185862973,0.008416221357419339,-6.631971018169333e-19,-0.7343202733173402,3.5501418904598975e-18,0.05704335395999289,2.4190030097961426,712.628,136.37363496838393,551.8022323275609
-0.2992305989160983,-5.731079853196777e-20,-0.5532489115115293,2.934235363256347e-18,0.057841781964601505,2.997131533862564e-19,0.021016116720721095,-1.397764939589361e-18,-2.9642403725368136,6.0369568004889045,-1.3345689038717026e-17,0.012457596196632281,0.0,0.0,0.0,1.2529819999999998,0.0,0.0,0.0,0.0,0.0,-1.664600000000002,-0.29958142282968236,-3.3199697199848764e-20,-1.712448714552816,0.014066274637679788,-1.0133451936225402e-18,-1.0277793233345032,3.201094502654559e-18,0.057592639824517344,2.5770463943481445,877.89,152.93903079959466,639.7465285516
-0.2987287982384943,-8.937726900608553e-20,-0.6130886486135535,2.73806182848784e-18,0.05778262108327509,2.9954508354823243e-19,0.0291639510396821,-1.808882107822415e-18,-3.0197333376656004,7.047137160992768,-9.808576379115502e-18,-0.002958160237659219,0.0,0.0,0.0,1.284312,0.0,0.0,0.0,0.0,0.0,-1.468400000000002,-0.2992305989160983,-5.731079853196777e-20,-1.8062309115115291,0.021016116720721095,-1.397764939589361e-18,-1.2996403725368115,2.934235363256347e-18,0.057841781964601505,2.7310070991516113,1050.97,170.09202465943486,730.9461344185189
-0.29805324004306866,-1.2990240394107992e-19,-0.6738500874505077,2.602506458386989e-18,0.05741124603445699,2.98551759475247e-19,0.03839186850288444,-2.2436313856770232e-18,-3.0564105460298143,7.989473623459528,-6.7751755375178514e-18,-0.01856948190811844,0.0,0.0,0.0,1.311718,0.0,0.0,0.0,0.0,0.0,-1.2722000000000018,-0.2987287982384943,-8.937726900608553e-20,-1.8974006486135533,0.0291639510396821,-1.808882107822415e-18,-1.5513333376655984,2.73806182848784e-18,0.05778262108327509,2.8850021362304688,1229.48,187.67206161554753,824.425720945579
-0.2971836386913555,-1.793602431630962e-19,-0.7351697018822475,2.518893271707752e-18,0.05672803657580667,2.9679941226681116e-19,0.04856826666843232,-2.7021525365246064e-18,-3.075550897144184,8.86759244991651,-4.175825819644217e-18,-0.0341618164403826,0.0,0.0,0.0,1.3352,0.0,0.0,0.0,0.0,0.0,-1.0760000000000016,-0.29805324004306866,-1.2990240394107992e-19,-1.9855680874505075,0.03839186850288444,-2.2436313856770232e-18,-1.7842105460298125,2.602506458386989e-18,0.05741124603445699,3.041001796722412,1411.18,205.5135272207743,919.2285320501237
-0.29610245085421655,-2.3824976035184417e-19,-0.7967088493863806,2.4798890787310703e-18,0.05573761837649711,2.943200508610796e-19,0.059550517045461285,-3.1867991823501925e-18,-3.078363853269122,9.684931409421452,-1.9433187103728736e-18,-0.04952286260011757,0.0,0.0,0.0,1.354758,0.0,0.0,0.0,0.0,0.0,-0.8798000000000015,-0.2971836386913555,-1.793602431630962e-19,-2.0703697018822473,0.04856826666843232,-2.7021525365246064e-18,-1.9995508971441824,2.518893271707752e-18,0.05672803657580667,3.1980068683624268,1594.05,223.44747722853154,1014.4214194285153
-0.2947950676925358,-3.0713185744736634e-19,-0.8581524204587346,2.4793211003831196e-18,0.05444873239606824,2.9111926647074117e-19,0.07118779912261397,-3.701410527202022e-18,-3.0659932539662704,10.444750024257834,-1.9587079546096188e-20,-0.06444685164870358,0.0,0.0,0.0,1.3703919999999998,0.0,0.0,0.0,0.0,0.0,-0.6836000000000013,-0.29610245085421655,-2.3824976035184417e-19,-2.1514668493863804,0.059550517045461285,-3.1867991823501925e-18,-2.1985638532691203,2.4798890787310703e-18,0.05573761837649711,3.3540050983428955,1776.21,241.30336277363307,1109.0995860368348
-0.2932499495060479,-3.8665369228736684e-19,-0.9192075624858992,2.5121660554623266e-18,0.05287402336100358,2.8718353171540073e-19,0.08332401952617935,-4.250772956798031e-18,-3.039520948750192,11.15013938880656,1.6528681191584448e-18,-0.07873859217136153,0.0,0.0,0.0,1.3821019999999997,0.0,0.0,0.0,0.0,0.0,-0.4874000000000012,-0.2947950676925358,-3.0713185744736634e-19,-2.2285444204587344,0.07118779912261397,-3.701410527202022e-18,-2.382393253966269,2.4793211003831196e-18,0.05444873239606824,3.5140552520751953,1955.91,258.9107278523845,1202.391022170485
-0.291458701941129,-4.775640578143122e-19,-0.979602474393496,2.5742953092019404e-18,0.05102975434375266,2.8248679400982393e-19,0.09580073696571262,-4.8402635958965005e-18,-2.9999702420095016,11.804031536598083,3.118782136657275e-18,-0.09221716452640968,0.0,0.0,0.0,1.389888,0.0,0.0,0.0,0.0,0.0,-0.2912000000000013,-0.2932499495060479,-3.8665369228736684e-19,-2.301309562485899,0.08332401952617935,-4.250772956798031e-18,-2.552120948750191,2.5121660554623266e-18,0.05287402336100358,3.6700053215026855,2131.61,276.1008602892969,1293.4606235529545
-0.28941609438999927,-5.807225622942521e-19,-1.0390852682686,2.6624744979854654e-18,0.048935456360596694,2.769962598237142e-19,0.10846001814725942,-5.4755868520974925e-18,-2.948309145500902,12.409208331162695,4.422854033134687e-18,-0.10471916940252167,0.0,0.0,0.0,1.3937499999999998,0.0,0.0,0.0,0.0,0.0,-0.09500000000000125,-0.291458701941129,-4.775640578143122e-19,-2.369490474393496,0.09580073696571262,-4.8402635958965005e-18,-2.7087702420095003,2.5742953092019404e-18,0.05102975434375266,3.8230011463165283,2301.86,292.70838112467317,1381.513985214615
-0.28712002264499936,-6.971047152945609e-19,-1.0974228940807975,2.77415874909882e-18,0.04661352340806615,2.7067730246935744e-19,0.1211471563527331,-6.162628447933381e-18,-2.88545343571886,12.968309859665785,5.5995304341329416e-18,-0.11610145539593925,0.0,0.0,0.0,1.393688,0.0,0.0,0.0,0.0,0.0,0.10119999999999876,-0.28941609438999927,-5.807225622942521e-19,-2.4328352682686,0.10846001814725942,-5.4755868520974925e-18,-2.853309145500901,2.6624744979854654e-18,0.048935456360596694,3.9820053577423096,2465.37,308.57276057605924,1465.800868509608
-0.28457141915584794,-8.278045346710364e-19,-1.1544001235988066,2.9074909984669154e-18,0.044088764439422175,2.634975241420081e-19,0.13371319256240846,-6.907353489714167e-18,-2.812269516082049,13.483842314499464,6.683165710793092e-18,-0.12624327159083495,0.0,0.0,0.0,1.3897019999999998,0.0,0.0,0.0,0.0,0.0,0.2973999999999988,-0.28712002264499936,-6.971047152945609e-19,-2.4911108940807978,0.1211471563527331,-6.162628447933381e-18,-2.9866534357188588,2.77415874909882e-18,0.04661352340806615,4.139007568359375,2620.99,323.539751487876,1545.618341588539
-0.2817741153456445,-9.740358433964235e-19,-1.2098185896285203,3.0611106849999722e-18,0.04138792443722841,2.5543004072548464e-19,0.14601718845793724,-7.715777382824531e-18,-2.7295770868893143,13.958185356272317,7.698545299489253e-18,-0.13504781247589331,0.0,0.0,0.0,1.381792,0.0,0.0,0.0,0.0,0.0,0.4935999999999987,-0.28457141915584794,-8.278045346710364e-19,-2.5441021235988064,0.13371319256240846,-6.907353489714167e-18,-3.1096695160820476,2.9074909984669154e-18,0.044088764439422175,4.29300856590271,2767.68,337.4627335502833,1620.3135961822823
-0.27873466135122676,-1.1371330466383594e-18,-1.2634958767884834,3.234117843331925e-18,0.038539186974936565,2.464561520049249e-19,0.15792821098383894,-8.593942941369039e-18,-2.638151629106998,14.393598961178812,8.668660315136962e-18,-0.1424431433896216,0.0,0.0,0.0,1.369958,0.0,0.0,0.0,0.0,0.0,0.6897999999999989,-0.2817741153456445,-9.740358433964235e-19,-2.5916105896285204,0.14601718845793724,-7.715777382824531e-18,-3.2231770868893133,3.0611106849999722e-18,0.04138792443722841,4.4519500732421875,2904.54,350.203963595458,1689.2864457798275
-0.2754621092518211,-1.3185517752958783e-18,-1.3152646601898756,3.4261235932904232e-18,0.03557167049511853,2.3656717899824307e-19,0.16932699895673411,-9.547929924382856e-18,-2.538726711032224,14.792229763795563,9.61903200942752e-18,-0.14838251477068803,0.0,0.0,0.0,1.3542,0.0,0.0,0.0,0.0,0.0,0.885999999999999,-0.27873466135122676,-1.1371330466383594e-18,-2.6334538767884834,0.15792821098383894,-8.593942941369039e-18,-3.3279516291069973,3.234117843331925e-18,0.038539186974936565,4.600893497467041,3030.76,361.63572901149644,1751.9915122807574
-0.27196776633122993,-1.5198702171011256e-18,-1.3649718885932374,3.636983064298562e-18,0.03251493004316389,2.257658828259884e-19,0.18010729310238474,-1.0583914256141885e-17,-2.4319961293039665,15.156116924206426,1.0561835732691724e-17,-0.15284408964070298,0.0,0.0,0.0,1.334518,0.0,0.0,0.0,0.0,0.0,1.0821999999999992,-0.2754621092518211,-1.3185517752958783e-18,-2.6694646601898757,0.16932699895673411,-9.547929924382856e-18,-3.424726711032223,3.4261235932904232e-18,0.03557167049511853,4.766880750656128,3145.65,371.6414028087111,1807.9401100197272
-0.26826492518526557,-1.7427911037027054e-18,-1.4124780088642055,3.866870687603462e-18,0.029398475328743928,2.1406757245726088e-19,0.1901768214940525,-1.1708174404016097e-17,-2.318615897792835,15.487197547048053,1.1513022160058123e-17,-0.15583012761050608,0.0,0.0,0.0,1.310912,0.0,0.0,0.0,0.0,0.0,1.2783999999999993,-0.27196776633122993,-1.5198702171011256e-18,-2.6994898885932375,0.18010729310238474,-1.0583914256141885e-17,-3.514196129303966,3.636983064298562e-18,0.03251493004316389,4.9168784618377686,3248.65,380.1164001229791,1856.7018376717942
-0.2643685775471647,-1.9891442224643263e-18,-1.4576562288370987,4.1162906066552264e-18,0.026251314855066578,2.0150056827221873e-19,0.19945794231603578,-1.2927137472145998e-17,-2.199206099496452,15.787311676184428,1.248907497700955e-17,-0.15736568197384584,0.0,0.0,0.0,1.283382,0.0,0.0,0.0,0.0,0.0,1.4745999999999995,-0.26826492518526557,-1.7427911037027054e-18,-2.7233900088642056,0.1901768214940525,-1.1708174404016097e-17,-3.5970158977928346,3.866870687603462e-18,0.029398475328743928,5.071881055831909,3339.27,386.96903699355806,1897.9058900036316
-0.2602951185746986,-2.2608900346547743e-18,-1.5003918159987357,4.38593705079779e-18,0.023101534639075078,1.8810642175906737e-19,0.20788795493057313,-1.4247443746898783e-17,-2.0743526166672606,16.05820693208265,1.3499509065035452e-17,-0.15749687067420948,0.0,0.0,0.0,1.251928,0.0,0.0,0.0,0.0,0.0,1.6707999999999996,-0.2643685775471647,-1.9891442224643263e-18,-2.7410382288370987,0.19945794231603578,-1.2927137472145998e-17,-3.673806099496452,4.1162906066552264e-18,0.026251314855066578,5.2288782596588135,3417.13,392.1212932132244,1931.2421027267924
-0.2560620480439898,-2.560124251156865e-18,-1.5405814297115437,4.676734031194316e-18,0.019975918516598946,1.739399261908765e-19,0.21541909814030527,-1.5675977903310305e-17,-1.9446087546135415,16.30154282027772,1.4555836697795368e-17,-0.15628879754492786,0.0,0.0,0.0,1.2165500000000002,0.0,0.0,0.0,0.0,0.0,1.8669999999999998,-0.2602951185746986,-2.2608900346547743e-18,-2.7523198159987357,0.20788795493057313,-1.4247443746898783e-17,-3.7451526166672604,4.38593705079779e-18,0.023101534639075078,5.380880832672119,3481.96,395.50948173615996,1956.4617446290968
-0.25168767445110213,-2.8890832260996435e-18,-1.578132484995558,4.989819660528918e-18,0.016899615497343916,1.5906878023929155e-19,0.22201826114846182,-1.7219919590967552e-17,-1.8104967737878783,16.518894759439995,1.5668797803462318e-17,-0.15382320022864865,0.0,0.0,0.0,1.177248,0.0,0.0,0.0,0.0,0.0,2.0631999999999997,-0.2560620480439898,-2.560124251156865e-18,-2.757131429711544,0.21541909814030527,-1.5675977903310305e-17,-3.811608754613541,4.676734031194316e-18,0.019975918516598946,5.538877010345459,3533.54,397.0848277687214,1973.3780719615966
-0.2471908274602625,-3.2501503650312946e-18,-1.6129625461683785,5.32643347443096e-18,0.013895858054702713,1.435731881058774e-19,0.22766643793549848,-1.8886794302197554e-17,-1.6725093434941631,16.711757871879797,1.6843508118644385e-17,-0.15019590373389485,0.0,0.0,0.0,1.1340220000000003,0.0,0.0,0.0,0.0,0.0,2.259399999999999,-0.25168767445110213,-2.8890832260996435e-18,-2.755380484995558,0.22201826114846182,-1.7219919590967552e-17,-3.873696773787878,4.989819660528918e-18,0.016899615497343916,5.692876577377319,3571.77,396.8139611491425,1981.8666605261446
-0.2425905834853257,-3.64586320652546e-18,-1.6449987488919526,5.688110350241589e-18,0.010985733676881921,1.275451071695477e-19,0.2323579595581772,-2.068448984721901e-17,-1.5311109288632516,16.881550575735094,1.8094788054082747e-17,-0.14551415753098446,0.0,0.0,0.0,1.086872,0.0,0.0,0.0,0.0,0.0,2.4555999999999982,-0.2471908274602625,-3.2501503650312946e-18,-2.746984546168379,0.22766643793549848,-1.8886794302197554e-17,-3.931909343494162,5.32643347443096e-18,0.013895858054702713,5.853876829147339,3596.63,394.67932599491286,1981.8655311176592
-0.2379060084771467,-4.078921500561755e-18,-1.6741772493887457,6.076444785392295e-18,0.008188010516383189,1.1108737205486586e-19,0.23609954125972157,-2.2621339556410466e-17,-1.3867391208160558,17.0296180131973,1.942567719198971e-17,-0.1398939306540936,0.0,0.0,0.0,1.0357980000000002,0.0,0.0,0.0,0.0,0.0,2.6517999999999975,-0.2425905834853257,-3.64586320652546e-18,-2.7318707488919527,0.2323579595581772,-2.068448984721901e-17,-3.98671092886325,5.688110350241589e-18,0.010985733676881921,6.005876302719116,3608.15,390.67951186641403,1973.3750839262727
-0.233155921241217,-4.552196169180351e-18,-1.7004426997638842,6.493221313541085e-18,0.005519016594926939,9.431280187260398e-20,0.23890918233324812,-2.470612730544911e-17,-1.2398059166978315,17.157235343390916,2.0845739610452053e-17,-0.13345723381564834,0.0,0.0,0.0,0.9808000000000002,0.0,0.0,0.0,0.0,0.0,2.8479999999999968,-0.2379060084771467,-4.078921500561755e-18,-2.709975249388746,0.23609954125972157,-2.2621339556410466e-17,-4.038539120816053,6.076444785392295e-18,0.008188010516383189,6.16387677192688,3606.45,384.8295108728805,1956.4578572225757
-0.22835867985266028,-5.068738804466815e-18,-1.7237477485034927,6.940439958383937e-18,0.0029925707829241604,7.73429440786961e-20,0.24081495652242293,-2.694813622319726e-17,-1.090698957263029,17.265610922391993,2.2365813117154435e-17,-0.12632953045254255,0.0,0.0,0.0,0.9218780000000003,0.0,0.0,0.0,0.0,0.0,3.044199999999996,-0.233155921241217,-4.552196169180351e-18,-2.6812426997638843,0.23890918233324812,-2.470612730544911e-17,-4.087805916697828,6.493221313541085e-18,0.005519016594926939,6.317880153656006,3591.74,377.1609052423801,1931.2381251687857
-0.22353199299221826,-5.631792227155786e-18,-1.7440525653144194,7.42011451943804e-18,0.0006199627006197124,6.030693647348023e-20,0.24185372952177978,-2.935720604569988e-17,-0.939782723829651,17.355889386770105,2.398664766778206e-17,-0.11863729033165532,0.0,0.0,0.0,0.8590320000000004,0.0,0.0,0.0,0.0,0.0,3.2403999999999953,-0.22835867985266028,-5.068738804466815e-18,-2.645625748503493,0.24081495652242293,-2.694813622319726e-17,-4.134898957263025,6.940439958383937e-18,0.0029925707829241604,6.477881193161011,3564.26,367.7219899019864,1897.90134896146
-0.2186927573167637,-6.244801482439338e-18,-1.7613243895306427,7.934613711380273e-18,-0.0015900222023522111,4.334007914082737e-20,0.24206983802367923,-3.1943719482655315e-17,-0.7873996977926812,17.42915465132886,2.5726047409086838e-17,-0.11050573026590907,0.0,0.0,0.0,0.7922620000000005,0.0,0.0,0.0,0.0,0.0,3.4365999999999945,-0.22353199299221826,-5.631792227155786e-18,-2.6030845653144197,0.24185372952177978,-2.935720604569988e-17,-4.180182723829646,7.42011451943804e-18,0.0006199627006197124,6.630880355834961,3524.34,356.5778345783569,1856.6934947618506
-0.21385692131723388,-6.911425731030207e-18,-1.7755371013420276,8.486383386980598e-18,-0.00363103683348255,2.6582277280719256e-20,0.2415137619293012,-3.471870537643167e-17,-0.6338714833458043,17.486432826681906,2.7587921077641846e-17,-0.10205677703413815,0.0,0.0,0.0,0.7215680000000005,0.0,0.0,0.0,0.0,0.0,3.632799999999994,-0.2186927573167637,-6.244801482439338e-18,-2.5535863895306434,0.24206983802367923,-3.1943719482655315e-17,-4.223999697792676,7.934613711380273e-18,-0.0015900222023522111,6.7888805866241455,3472.37,343.81028984324564,1807.9202310524965
-0.20903937551815585,-7.635551222243677e-18,-1.7866708151078758,9.078024302790031e-18,-0.005499070866306897,1.017665305660911e-20,0.24024081797849986,-3.7693843744915256e-17,-0.47949989323901715,17.528695058125628,2.958005852455368e-17,-0.09340727812635012,0.0,0.0,0.0,0.6469500000000007,0.0,0.0,0.0,0.0,0.0,3.828999999999993,-0.21385692131723388,-6.911425731030207e-18,-2.497105101342028,0.2415137619293012,-3.471870537643167e-17,-4.266671483345798,8.486383386980598e-18,-0.00363103683348255,6.944879770278931,3408.79,329.5179414033436,1751.9460172135891
-0.2042538683450463,-8.42130461451275e-18,-1.7947114940072701,9.712320791155219e-18,-0.007192318656751387,-5.732020501855013e-21,0.23830989933245553,-4.088149548199218e-17,-0.32456799670042297,17.55686028406045,3.171167469249817e-17,-0.08466747677223456,0.0,0.0,0.0,0.5684080000000008,0.0,0.0,0.0,0.0,0.0,4.025199999999993,-0.20903937551815585,-7.635551222243677e-18,-2.4336208151078766,0.24024081797849986,-3.7693843744915256e-17,-4.30849989323901,9.078024302790031e-18,-0.005499070866306897,7.101879835128784,3334.1,313.81601677905167,1689.1930942751721
-0.19951294653446358,-9.27306696690487e-18,-1.7996505852568285,1.0392229055197623e-17,-0.00871102210897921,-2.0998926316807585e-20,0.23578228172581697,-4.429473975721989e-17,-0.1693411282554235,17.571797909990913,3.3991389829162305e-17,-0.07593975912249927,0.0,0.0,0.0,0.485942000000001,0.0,0.0,0.0,0.0,0.0,4.221399999999994,-0.2042538683450463,-8.42130461451275e-18,-2.363119494007271,0.23830989933245553,-4.088149548199218e-17,-4.3497679967004155,9.712320791155219e-18,-0.007192318656751387,7.256879091262817,3248.84,296.836248341197,1620.1403879985844
-0.19482791858884294,-1.0195488412497527e-17,-1.8014846750998916,1.1120941876704011e-17,-0.010057293933936349,-3.5480850820745596e-20,0.23272051283624975,-4.794740480204591e-17,-0.014067856050902786,17.574330392854673,3.6431049956333514e-17,-0.06731767364929873,0.0,0.0,0.0,0.39955200000000113,0.0,0.0,0.0,0.0,0.0,4.417599999999995,-0.19951294653446358,-9.27306696690487e-18,-2.2855925852568295,0.23578228172581697,-4.429473975721989e-17,-4.390741128255417,1.0392229055197623e-17,-0.00871102210897921,7.413875579833984,3153.62,278.7266964862213,1545.322333692534
-0.1902088394842426,-1.1193503648079873e-17,-1.8002151627443002,1.1901841686839947e-17,-0.011234926607704554,-4.903780938348186e-20,0.22918739762378473,-5.1854118756188736e-17,0.14101909161005463,17.565235729990693,3.9040144689984925e-17,-0.05888521596484582,0.0,0.0,0.0,0.30923800000000123,0.0,0.0,0.0,0.0,0.0,4.613799999999996,-0.19482791858884294,-1.0195488412497527e-17,-2.2010366750998926,0.23272051283624975,-4.794740480204591e-17,-4.431667856050898,1.1120941876704011e-17,-0.010057293933936349,7.5708770751953125,3049.09,259.65153653562567,1465.327631487333
-0.1856645146212705,-1.2272348247189477e-17,-1.7958479524027229,1.2738515990720315e-17,-0.012249192084076575,-6.153460240051512e-20,0.22524508867342477,-5.603034115477153e-17,0.2957019425476918,17.54524984732222,4.182892553296136e-17,-0.0507163664218261,0.0,0.0,0.0,0.2150000000000013,0.0,0.0,0.0,0.0,0.0,4.809999999999997,-0.1902088394842426,-1.1193503648079873e-17,-2.1094531627443014,0.22918739762378473,-5.1854118756188736e-17,-4.472780908389941,1.1901841686839947e-17,-0.011234926607704554,7.725877285003662,2935.93,239.7908127499394,1380.797940179965
-0.18120252086339808,-1.3437575626963975e-17,-1.788393162572889,1.3634753583267875e-17,-0.013106636967978312,-7.284232331822044e-20,0.2209542871138193,-6.049239682267827e-17,0.44977704043569233,17.515068882142046,4.48074461099544e-17,-0.04287486310028687,0.0,0.0,0.0,0.11683800000000134,0.0,0.0,0.0,0.0,0.0,5.006199999999998,-0.1856645146212705,-1.2272348247189477e-17,-2.0108479524027243,0.22524508867342477,-5.603034115477153e-17,-4.514298057452305,1.2738515990720315e-17,-0.012249192084076575,7.8788769245147705,2814.89,219.34016265531338,1292.4265172213597
-0.17682924242682727,-1.469507464861395e-17,-1.7778648516869187,1.4594594536827024e-17,-0.013814877434986286,-8.283981217599028e-20,0.21637355654326276,-6.525750534231863e-17,0.6030540481613347,17.47535135708497,4.7988251906132936e-17,-0.03541418910378189,0.0,0.0,0.0,0.014752000000001375,0.0,0.0,0.0,0.0,0.0,5.202399999999999,-0.18120252086339808,-1.3437575626963975e-17,-1.9052311625728904,0.2209542871138193,-6.049239682267827e-17,-4.556422959564306,1.3634753583267875e-17,-0.013106636967978312,8.0368812084198,2686.74,198.5105146950598,1200.9568119398955
-0.17254991936526234,-1.6051087950094837e-17,-1.7642807592601597,1.562233123735658e-17,-0.014382397708013727,-9.141502328364924e-20,0.21155874961322998,-7.034382480577032e-17,0.7553551945145656,17.426720243299478,5.1383933743192947e-17,-0.02837775044629203,0.0,0.0,0.0,-0.09125799999999862,0.0,0.0,0.0,0.0,0.0,5.3986,-0.17682924242682727,-1.469507464861395e-17,-1.79261685168692,0.21637355654326276,-6.525750534231863e-17,-4.599345951838664,1.4594594536827024e-17,-0.013814877434986286,8.192878246307373,2552.3,177.52776204096327,1107.1810186728785
-0.16836870642389928,-1.751223112312334e-17,-1.7476620616806355,1.6722433531638423e-17,-0.014818355394736499,-9.846624918602883e-20,0.2065625445230769,-7.577049249707972e-17,0.9065145634378466,17.36976491234719,5.5003334459809466e-17,-0.021799219144955116,0.0,0.0,0.0,-0.2011919999999986,0.0,0.0,0.0,0.0,0.0,5.594800000000001,-0.17254991936526234,-1.6051087950094837e-17,-1.673022759260161,0.21155874961322998,-7.034382480577032e-17,-4.643244805485434,1.562233123735658e-17,-0.014382397708013727,8.349880695343018,2412.41,156.63241523098804,1011.9385961001794
-0.16428874011190717,-1.9085512409456696e-17,-1.728033141799817,1.7899672598286395e-17,-0.015132396466224697,-1.0390324046035974e-19,0.20143408667613397,-8.155763613625582e-17,1.0563774246439979,17.305042977848657,5.88614871051581e-17,-0.015703015354140492,0.0,0.0,0.0,-0.3150499999999986,0.0,0.0,0.0,0.0,0.0,5.791000000000002,-0.16836870642389928,-1.751223112312334e-17,-1.5464700616806368,0.2065625445230769,-7.577049249707972e-17,-4.688285436562154,1.6722433531638423e-17,-0.014818355394736499,8.505881071090698,2267.98,136.0792361413782,916.1147587306698
-0.16031221195381548,-2.077835301849297e-17,-1.7054213715129045,1.9159228465376804e-17,-0.015334482134206595,-1.0764821135826371e-19,0.19621872913303454,-8.77264247673718e-17,1.2047996040472377,17.233082029264306,6.297879861552152e-17,-0.010104902380994808,0.0,0.0,0.0,-0.43283199999999866,0.0,0.0,0.0,0.0,0.0,5.987200000000003,-0.16428874011190717,-1.9085512409456696e-17,-1.4129831417998182,0.20143408667613397,-8.155763613625582e-17,-4.7346225753560045,1.7899672598286395e-17,-0.015132396466224697,8.662880659103394,2119.91,116.13685565178122,820.6389461723552
-0.1564404460199049,-2.2598608792567277e-17,-1.6798569065507791,2.0506250299728807e-17,-0.015434729374861237,-1.0963662406533217e-19,0.19095786425802466,-9.42991526400591e-17,1.3516468921652998,17.154381261385502,6.735368813611444e-17,-0.005012669099533014,0.0,0.0,0.0,-0.5545379999999988,0.0,0.0,0.0,0.0,0.0,6.183400000000004,-0.16031221195381548,-2.077835301849297e-17,-1.2725893715129057,0.19621872913303454,-8.77264247673718e-17,-4.782400395952766,1.9159228465376804e-17,-0.015334482134206595,8.818944454193115,1969.15,97.08737722126422,726.4832755124189
-0.15267397899667287,-2.455459199969221e-17,-1.6513724927446984,2.1946411571888224e-17,-0.015443266362151715,-1.0981785458161864e-19,0.18568883806517758,-1.0129916807243402e-16,1.4967944884427713,17.069413004071677,7.201233508472394e-17,-0.00042687551430632995,0.0,0.0,0.0,-0.6801679999999989,0.0,0.0,0.0,0.0,0.0,6.379600000000005,-0.1564404460199049,-2.2598608792567277e-17,-1.1253189065507803,0.19095786425802466,-9.42991526400591e-17,-4.831753107834705,2.0506250299728807e-17,-0.015434729374861237,8.974877119064331,1816.7,79.22596846002654,634.6609818366658
-0.14901264123397479,-2.6655093577139492e-17,-1.6200032830671052,2.3485657621304195e-17,-0.015370103622329349,-1.0815568998627193e-19,0.18044493820463006,-1.087509896722942e-16,1.6401264793165924,16.978624157487538,7.696829781038437e-17,0.0036583610987226726,0.0,0.0,0.0,-0.8097219999999989,0.0,0.0,0.0,0.0,0.0,6.575800000000006,-0.15267397899667287,-2.455459199969221e-17,-0.9712044927446996,0.18568883806517758,-1.0129916807243402e-16,-4.882805511557234,2.1946411571888224e-17,-0.015443266362151715,9.134923458099365,1663.54,62.86044265526331,546.2248516240003
-0.14545563738942213,-2.890940678742318e-17,-1.5857866647960626,2.5130256649835686e-17,-0.015225021318342363,-1.0462862287692637e-19,0.1752554462506352,-1.1668033135607474e-16,1.7815353477876752,16.882437538538785,8.223768691602558e-17,0.007254559620881645,0.0,0.0,0.0,-0.943199999999999,0.0,0.0,0.0,0.0,0.0,6.772000000000007,-0.14901264123397479,-2.6655093577139492e-17,-0.8102812830671062,0.18044493820463006,-1.087509896722942e-16,-4.935673520683414,2.3485657621304195e-17,-0.015370103622329349,9.284876346588135,1510.72,48.31083208897793,462.2656534573962
-0.14200162547767242,-3.13273515080208e-17,-1.5487620961954478,2.688677152363761e-17,-0.015017472655649584,-9.92299733747458e-20,0.17014574492433268,-1.2511414070368808e-16,1.9209215122737888,16.781253144665996,8.78352061992546e-17,0.010378068951810319,0.0,0.0,0.0,-1.080601999999999,0.0,0.0,0.0,0.0,0.0,6.968200000000008,-0.14545563738942213,-2.890940678742318e-17,-0.6425866647960635,0.1752554462506352,-1.1668033135607474e-16,-4.990464652212332,2.5130256649835686e-17,-0.015225021318342363,9.443876266479492,1359.3,35.90895487017693,383.9105701969793
-0.1386487933175542,-3.391929915168065e-17,-1.5089709521469987,2.876220840412016e-17,-0.014756503210892646,-9.196782698650394e-20,0.16513747108748913,-1.3408062366229727e-16,2.058192892571121,16.675449340589946,9.378299522548047e-17,0.013049271804966423,0.0,0.0,0.0,-1.2219279999999992,0.0,0.0,0.0,0.0,0.0,7.164400000000009,-0.14200162547767242,-3.13273515080208e-17,-0.46816009619544885,0.17014574492433268,-1.2511414070368808e-16,-5.04727848772622,2.688677152363761e-17,-0.015017472655649584,9.598929166793823,1210.35,25.997976891263793,312.3216364625799
-0.13539493154987098,-3.6696198534068874e-17,-1.46645637821264,3.076388081836687e-17,-0.014450685540070196,-8.286479138032742e-20,0.1602487056808373,-1.4360931457652515e-16,2.193264500864734,16.56538397446905,1.0009640081193897e-16,0.015291820678346165,0.0,0.0,0.0,-1.3671779999999996,0.0,0.0,0.0,0.0,0.0,7.3606000000000105,-0.1386487933175542,-3.391929915168065e-17,-0.2870429521469995,0.16513747108748913,-1.3408062366229727e-16,-5.106207107428888,2.876220840412016e-17,-0.014756503210892646,9.75587797164917,1064.97,18.931970412166216,248.69418497635306
-0.13223750256987354,-3.9669602639434656e-17,-1.4212631526454713,3.289935891770188e-17,-0.014108068333315371,-7.195761877734711e-20,0.1554941923189054,-1.537310959600531e-16,2.326058055852128,16.45139542869791,1.0678823686320126e-16,0.017131910476554303,0.0,0.0,0.0,-1.516352,0.0,0.0,0.0,0.0,0.0,7.5568000000000115,-0.13539493154987098,-3.6696198534068874e-17,-0.09927837821264052,0.1602487056808373,-1.4360931457652515e-16,-5.167335499135277,3.076388081836687e-17,-0.014450685540070196,9.907875776290894,924.285,15.075470669336315,194.2553050174625
-0.1291737048781447,-4.2851695575884225e-17,-1.373437555904914,3.517669605775739e-17,-0.01373613914405031,-5.929665589704978e-20,0.15088557685398088,-1.6447819768490374e-16,2.4565016182036086,16.33380361108282,1.138826513292442e-16,0.018597599750101872,0.0,0.0,0.0,-1.6694499999999999,0.0,0.0,0.0,0.0,0.0,7.7530000000000125,-0.13223750256987354,-3.9669602639434656e-17,0.0950888473545286,0.1554941923189054,-1.537310959600531e-16,-5.2307419441478835,3.289935891770188e-17,-0.014108068333315371,10.06988000869751,789.436,14.803031806501966,150.2623159491618
-0.12620053250039762,-4.6255320216276155e-17,-1.3230272472657179,3.7604411171134264e-17,-0.013341799659899173,-4.494510852401371e-20,0.14643166092072782,-1.75884266354289e-16,2.584529245715993,16.212910889893454,1.2140291498663401e-16,0.01971818357064764,0.0,0.0,0.0,-1.8264720000000003,0.0,0.0,0.0,0.0,0.0,7.949200000000014,-0.1291737048781447,-4.2851695575884225e-17,0.296012444095086,0.15088557685398088,-1.6447819768490374e-16,-5.296498381796404,3.517669605775739e-17,-0.01373613914405031,10.225927829742432,661.576,18.49878332231004,118.00125849119749
-0.12331482925923892,-4.9894007110548666e-17,-1.2700811481412104,4.0191368942784034e-17,-0.01293135223370907,-2.8978192095380114e-20,0.14213866319514237,-1.8798442307296202e-16,2.7100806667347417,16.089002980068067,1.2936631099324579e-16,0.020523630493654087,0.0,0.0,0.0,-1.9874180000000004,0.0,0.0,0.0,0.0,0.0,8.145400000000013,-0.12620053250039762,-4.6255320216276155e-17,0.5034447527342825,0.14643166092072782,-1.75884266354289e-16,-5.36467075428402,3.7604411171134264e-17,-0.013341799659899173,10.3779296875,541.877,26.55598814123977,98.78540613472191
-0.12051333779828953,-5.378200411358337e-17,-1.2146493317688252,4.294687200119754e-17,-0.012510496555771128,-1.148217624663967e-20,0.13801048289979637,-2.0081527723050837e-16,2.8331009705037893,15.962349780887049,1.377947359687e-16,0.021044075470151847,0.0,0.0,0.0,-2.1522880000000004,0.0,0.0,0.0,0.0,0.0,8.34160000000001,-0.12331482925923892,-4.9894007110548666e-17,0.7173368518587899,0.14213866319514237,-1.8798442307296202e-16,-5.435319333265271,4.0191368942784034e-17,-0.01293135223370907,10.535929441452026,431.527,39.376603310890665,93.95379882616028
-0.11779274336114823,-5.793430653908133e-17,-1.156782918930874,4.5880602343239744e-17,-0.012084335161839281,7.446675006494479e-21,0.1340489608143343,-2.1441496531928735e-16,2.95354031329134,15.833206170748028,1.467071607934853e-16,0.021309378032444475,0.0,0.0,0.0,-2.3210820000000005,0.0,0.0,0.0,0.0,0.0,8.537800000000008,-0.12051333779828953,-5.378200411358337e-17,0.9376386682311753,0.13801048289979637,-2.0081527723050837e-16,-5.508499029496221,4.294687200119754e-17,-0.012510496555771128,10.689929723739624,331.724,57.37084424905049,104.8698007980432
-0.11514971241484956,-6.236668785351999e-17,-1.0965339794055884,4.9002863300253804e-17,-0.011657386547207656,2.770328419357637e-20,0.13025413381553033,-2.288231661245787e-16,3.0713536392372323,15.701812760279674,1.5613465814817406e-16,0.021348741970085974,0.0,0.0,0.0,-2.4938000000000007,0.0,0.0,0.0,0.0,0.0,8.734000000000005,-0.11779274336114823,-5.793430653908133e-17,1.1642990810691265,0.1340489608143343,-2.1441496531928735e-16,-5.584259686708668,4.5880602343239744e-17,-0.012084335161839281,10.849933624267578,243.682,80.95675337174941,132.91968418163614
-0.11258092627986732,-6.709573138365938e-17,-1.0339554388639185,5.2324217356266207e-17,-0.011233604677548928,4.9174980250728097e-20,0.12662447968269377,-2.4408118688936057e-16,3.1865004149297267,15.568396603635568,1.6609019275427215e-16,0.021190395473857843,0.0,0.0,0.0,-2.670442000000001,0.0,0.0,0.0,0.0,0.0,8.930200000000003,-0.11514971241484956,-6.236668785351999e-17,1.3972660205944123,0.13025413381553033,-2.288231661245787e-16,-5.662646360762773,4.9002863300253804e-17,-0.011657386547207656,11.00493311882019,168.622,110.55977385010144,179.51123981268927
-0.11008310998725757,-7.21388625542638e-17,-0.969100990948862,5.585581225010518e-17,-0.010816403739019334,7.174275657885037e-20,0.1231571495782813,-2.6023193017108124e-16,3.2989443765759177,15.43317185794198,1.7660303718559088e-16,0.020861329157407977,0.0,0.0,0.0,-2.851008000000001,0.0,0.0,0.0,0.0,0.0,9.1264,-0.11258092627986732,-6.709573138365938e-17,1.6364865611360824,0.12662447968269377,-2.4408118688936057e-16,-5.743699585070276,5.2324217356266207e-17,-0.011233604677548928,11.156933307647705,107.778,146.61232915102434,246.07241642969962
-0.10765305662895702,-7.75143814340558e-17,-0.9020250143136678,5.960932868909844e-17,-0.01040868703770938,9.528261519484906e-20,0.11984818625177288,-2.77319957808119e-16,3.408653286943526,15.296340304186588,1.8769985084288203e-16,0.020387088577716164,0.0,0.0,0.0,-3.035498000000001,0.0,0.0,0.0,0.0,0.0,9.322599999999998,-0.11008310998725757,-7.21388625542638e-17,1.881907009051139,0.1231571495782813,-2.6023193017108124e-16,-5.827455623424083,5.585581225010518e-17,-0.010816403739019334,11.316928386688232,62.3927,189.553408826362,334.04998925696253
-0.10528764750189881,-8.324149633801598e-17,-0.8327824943380676,6.359694522546327e-17,-0.0100128789651004,1.1966690508449194e-19,0.11669272645404707,-2.9539153258789924e-16,3.515598710616489,15.158092295898836,1.9940553768547972e-16,0.01979162092543217,0.0,0.0,0.0,-3.223912000000001,0.0,0.0,0.0,0.0,0.0,9.518799999999995,-0.10765305662895702,-7.75143814340558e-17,2.1334729856863333,0.11984818625177288,-2.77319957808119e-16,-5.913946713056472,5.960932868909844e-17,-0.01040868703770938,11.475932598114014,33.7158,239.828161938975,444.9082586925232
-0.10298329689577948,-8.93367282441581e-17,-0.7614860212157898,6.783631878103162e-17,-0.00963095955235964,1.4476657310791767e-19,0.11374233415788407,-3.141316580263122e-16,3.614048601611289,14.733233103934515,2.119940441249664e-16,0.019097145574684553,0.0,0.0,0.0,-3.416250000000001,0.0,0.0,0.0,0.0,0.0,9.714999999999993,-0.10528764750189881,-8.324149633801598e-17,2.3911295056619335,0.11669272645404707,-2.9539153258789924e-16,-6.003201289383506,6.359694522546327e-17,-0.0100128789651004,11.635930061340332,22.6334,297.4629769138254,580.1277799264041
-0.10073472752244497,-9.580445408940876e-17,-0.6884387127990798,7.233825677977884e-17,-0.00926665927468627,1.703005311939022e-19,0.1111146031755649,-3.326409264987524e-16,3.690682240059706,13.642314616581448,2.2512281491474054e-16,0.01821613492994541,0.0,0.0,0.0,-3.612512000000001,0.0,0.0,0.0,0.0,0.0,9.91119999999999,-0.10298329689577948,-8.93367282441581e-17,2.6547639787842114,0.11374233415788407,-3.141316580263122e-16,-6.100951398388704,6.783631878103162e-17,-0.00963095955235964,11.78393268585205,24.2113,362.4106943109506,740.8796435627513
-0.09853582946841649,-1.0263989970788322e-16,-0.6140626048485001,7.706682043625048e-17,-0.008927727331388123,1.9562065537834943e-19,0.10877520222728307,-3.509036353486937e-16,3.746928554998263,12.62285771159349,2.364542527991123e-16,0.016947640402206404,0.0,0.0,0.0,-3.812698000000001,0.0,0.0,0.0,0.0,0.0,10.107399999999988,-0.10073472752244497,-9.580445408940876e-17,2.924073287200921,0.1111146031755649,-3.326409264987524e-16,-6.220517759940284,7.233825677977884e-17,-0.00926665927468627,11.944929122924805,36.4047,436.1779812816723,927.4542944853972
-0.09638119020869237,-1.0983808997059984e-16,-0.5387490189959155,8.199105659446522e-17,-0.008619667853469659,2.2012124155411105e-19,0.1066887237451273,-3.689153909229686e-16,3.7844300302601894,11.685539453963717,2.4623771451821686e-16,0.01540392230288816,0.0,0.0,0.0,-4.016808,0.0,0.0,0.0,0.0,0.0,10.303599999999985,-0.09853582946841649,-1.0263989970788322e-16,3.198635395151501,0.10877520222728307,-3.509036353486937e-16,-6.360471445001725,7.706682043625048e-17,-0.008927727331388123,12.101932764053345,58.7557,519.0788260645577,1140.4194871058253
-0.09426611326488532,-1.1739425670616744e-16,-0.462853301396439,8.708483931070752e-17,-0.008346010557913638,2.4325650007544844e-19,0.10481897063557769,-3.8670128263379137e-16,3.8051417296874632,10.845987890127661,2.5471463190823585e-16,0.01368370741203019,0.0,0.0,0.0,-4.224842,0.0,0.0,0.0,0.0,0.0,10.499799999999983,-0.09638119020869237,-1.0983808997059984e-16,3.4780589810040845,0.1066887237451273,-3.689153909229686e-16,-6.519169969739796,8.199105659446522e-17,-0.008619667853469659,12.251932144165039,90.8269,611.4035176556769,1380.3137218375196
-0.09218652531061794,-1.2530349571579476e-16,-0.38670059916231525,9.232571624381355e-17,-0.008108551454660017,2.645585557878413e-19,0.10313982479116038,-4.042226183289416e-16,3.8101284937249016,10.059688558129295,2.620687483053613e-16,0.011873686429776688,0.0,0.0,0.0,-4.4368,0.0,0.0,0.0,0.0,0.0,10.69599999999998,-0.09426611326488532,-1.1739425670616744e-16,3.761988698603561,0.10481897063557769,-3.8670128263379137e-16,-6.6946582703125195,8.708483931070752e-17,-0.008346010557913638,12.405931949615479,132.3,713.3562747002422,1647.6838138557941
-0.09013884851321358,-1.335601101171372e-16,-0.3105954093078437,9.769295673567207e-17,-0.007907968120557761,2.83616456349365e-19,0.10162785494927803,-4.2143882180530233e-16,3.800390491722254,9.323406398678483,2.683861853264021e-16,0.010029784468639238,0.0,0.0,0.0,-4.652681999999999,0.0,0.0,0.0,0.0,0.0,10.892199999999978,-0.09218652531061794,-1.2530349571579476e-16,4.050099400837684,0.10313982479116038,-4.042226183289416e-16,-6.885871506275079,9.232571624381355e-17,-0.008108551454660017,12.563932418823242,182.878,825.1736056291705,1942.9817671554918
-0.08811994698607527,-1.4215758952484666e-16,-0.23482282377284894,1.0316717992946252e-16,-0.007744070722702896,3.0007718727620007e-19,0.10026229776455295,-4.38309118965646e-16,3.7768680617772166,8.634148473722096,2.737344612823508e-16,0.008195374701732054,0.0,0.0,0.0,-4.872487999999999,0.0,0.0,0.0,0.0,0.0,11.088399999999975,-0.09013884851321358,-1.335601101171372e-16,4.342086590692155,0.10162785494927803,-4.2143882180530233e-16,-7.0918095082777235,9.769295673567207e-17,-0.007907968120557761,12.720991611480713,242.285,947.0709987698104,2266.611667000985
-0.08612707462461969,-1.5108861935204983e-16,-0.15964967928779647,1.0873017281834187e-16,-0.007616016801456021,3.1364473085325944e-19,0.09902493838100548,-4.547938637546708e-16,3.7404463867280313,7.9891558037023005,2.7817198917938313e-16,0.006403090488246878,0.0,0.0,0.0,-5.096217999999999,0.0,0.0,0.0,0.0,0.0,11.284599999999973,-0.08811994698607527,-1.4215758952484666e-16,4.6376651762271495,0.10026229776455295,-4.38309118965646e-16,-7.311531938222759,1.0316717992946252e-16,-0.007744070722702896,12.879929780960083,310.267,1079.2438462240245,2618.932600722038
-0.08415782579232219,-1.603451115708693e-16,-0.08532563850288845,1.1436469076664108e-16,-0.007522491373891334,3.240775509671159e-19,0.0978999448487449,-4.708553581272757e-16,3.69195769176277,7.3857794520133755,2.8174720143393865e-16,0.0046765594576351315,0.0,0.0,0.0,-5.323871999999998,0.0,0.0,0.0,0.0,0.0,11.48079999999997,-0.08612707462461969,-1.5108861935204983e-16,4.936568320712202,0.09902493838100548,-4.547938637546708e-16,-7.544153613271941,1.0873017281834187e-16,-0.007616016801456021,13.033932209014893,386.59,1221.8683414897478,3000.2616715121994
-0.0822100897872479,-1.6991825062359235e-16,-0.012084216128829744,1.200543909253784e-16,-0.00746185567780666,3.31184832537382e-19,0.0968736556586813,-4.864585471450267e-16,3.6321845456430992,6.821535701216075,2.845051961881475e-16,0.0030319715778811623,0.0,0.0,0.0,-5.555449999999998,0.0,0.0,0.0,0.0,0.0,11.676999999999968,-0.08415782579232219,-1.603451115708693e-16,5.238546361497109,0.0978999448487449,-4.708553581272757e-16,-7.7888423082372,1.1436469076664108e-16,-0.007522491373891334,13.187931537628174,471.037,1375.102572513074,3410.876713685008
-0.08028200968634025,-1.7979855100298783e-16,0.05985625521865981,1.257837591097186e-16,-0.007432267328208893,3.348219059543638e-19,0.09593435443208434,-5.015714907945203e-16,3.5618625891058553,6.294077397205605,2.8648741154507955e-16,0.0014795086200023537,0.0,0.0,0.0,-5.790951999999996,0.0,0.0,0.0,0.0,0.0,11.873199999999965,-0.0822100897872479,-1.6991825062359235e-16,5.543365783871168,0.0968736556586813,-4.864585471450267e-16,-8.044815454356868,1.200543909253784e-16,-0.00746185567780666,13.347927570343018,563.408,1539.0875487357655,3851.0190756075
-0.07837194571508399,-1.899759227658501e-16,0.1302917126591244,1.3153808111895067e-16,-0.007431775504616427,3.3488518617793605e-19,0.09507204269354155,-5.161656854917059e-16,3.4816831549406047,5.801188515759015,2.8773384885543953e-16,2.4592694573745285e-05,0.0,0.0,0.0,-6.030377999999996,0.0,0.0,0.0,0.0,0.0,12.069399999999963,-0.08028200968634025,-1.7979855100298783e-16,5.850808255218656,0.09593435443208434,-5.015714907945203e-16,-8.31133741089411,1.257837591097186e-16,-0.007432267328208893,13.50592827796936,663.517,1713.9482493714847,4320.896272553742
-0.07647844310807128,-2.0043974275539323e-16,0.1990315055347469,1.373034522744433e-16,-0.00745839465639423,3.313069202173374e-19,0.09427821800772954,-5.302163134626064e-16,3.3922961326216488,5.340796372902389,2.8828498459213994e-16,-0.0013310395831996628,0.0,0.0,0.0,-6.273727999999996,0.0,0.0,0.0,0.0,0.0,12.26559999999996,-0.07837194571508399,-1.899759227658501e-16,6.160669712659121,0.09507204269354155,-5.161656854917059e-16,-8.587716845059358,1.3153808111895067e-16,-0.007431775504616427,13.661929368972778,771.194,1899.79466877363,4820.684544460625
-0.07460020421167561,-2.1117892899606214e-16,0.26589758698449534,1.4306676429149127e-16,-0.007510159970575437,3.240499907990033e-19,0.09354567163183833,-5.437023106042837e-16,3.2943120123531955,4.910930577709873,2.8818063766165117e-16,-0.0025884251611212774,0.0,0.0,0.0,-6.521001999999995,0.0,0.0,0.0,0.0,0.0,12.461799999999958,-0.07647844310807128,-2.0043974275539323e-16,6.472759505534743,0.09427821800772954,-5.302163134626064e-16,-8.873303867378311,1.373034522744433e-16,-0.00745839465639423,13.816013097763062,886.28,2096.722813057146,5350.531388367299
-0.07273606448737163,-2.2218201615163084e-16,0.33072374956177214,1.4881571721193292e-16,-0.007585167904032929,3.1310292811611753e-19,0.09286830079856037,-5.566064049525844e-16,3.1883042453744856,4.509738830745245,2.874612230303924e-16,-0.003750627721067292,0.0,0.0,0.0,-6.7721999999999944,0.0,0.0,0.0,0.0,0.0,12.657999999999955,-0.07460020421167561,-2.1117892899606214e-16,6.78689958698449,0.09354567163183833,-5.437023106042837e-16,-9.167487987646762,1.4306676429149127e-16,-0.007510159970575437,13.971927881240845,1008.63,2304.815705849365,5910.557863318519
-0.07088497206620367,-2.3343723096068256e-16,0.3933549057438262,1.5453882806232895e-16,-0.007681604420143847,2.9847527421118194e-19,0.09224094131823532,-5.689150759525857e-16,3.074811372830924,4.135475339067198,2.86167588364742e-16,-0.00482212286542788,0.0,0.0,0.0,-7.027321999999993,0.0,0.0,0.0,0.0,0.0,12.854199999999953,-0.07273606448737163,-2.2218201615163084e-16,7.102923749561767,0.09286830079856037,-5.566064049525844e-16,-9.46969575462547,1.4881571721193292e-16,-0.007585167904032929,14.13093090057373,1138.11,2524.1443444336364,6500.860852171341
-0.06904597045384493,-2.449325663133669e-16,0.453646409840647,1.6022544645069178e-16,-0.007797763402970785,2.80193377677801e-19,0.09165921991763812,-5.806184593158472e-16,2.954339036851156,3.786494915402942,2.8434136123087323e-16,-0.00580830696245019,0.0,0.0,0.0,-7.286367999999992,0.0,0.0,0.0,0.0,0.0,13.05039999999995,-0.07088497206620367,-2.3343723096068256e-16,7.420676905743819,0.09224094131823532,-5.689150759525857e-16,-9.779388627169029,1.5453882806232895e-16,-0.007681604420143847,14.28798508644104,1274.6,2754.7686248558616,7121.515191486069
-0.06721818400092412,-2.5665585304500134e-16,0.5114634193290447,1.6586575387338635e-16,-0.007932057346170572,2.582966639001205e-19,0.0911194253744422,-5.91710213847596e-16,2.8273619119886124,3.4612489871594256,2.8202413471140893e-16,-0.006715110858668425,0.0,0.0,0.0,-7.549337999999992,0.0,0.0,0.0,0.0,0.0,13.246599999999948,-0.06904597045384493,-2.449325663133669e-16,7.740014409840639,0.09165921991763812,-5.806184593158472e-16,-10.096060963148794,1.6022544645069178e-16,-0.007797763402970785,14.440927267074585,1417.98,2996.738229556971,7772.575684348015
-0.06540080575377379,-2.685948283229035e-16,0.5666802913356536,1.7145077917200093e-16,-0.008083022118178232,2.3283439084656376e-19,0.09061839934059143,-6.021873139426236e-16,2.6943252886722746,3.1582681888848665,2.792582750409905e-16,-0.007548703674327138,0.0,0.0,0.0,-7.8162319999999905,0.0,0.0,0.0,0.0,0.0,13.442799999999945,-0.06721818400092412,-2.5665585304500134e-16,8.060801419329037,0.0911194253744422,-5.91710213847596e-16,-10.419238088011335,1.6586575387338635e-16,-0.007932057346170572,14.601929187774658,1568.14,3250.0934704926717,8454.079005367843
-0.0635930873779328,-2.8073720069029763e-16,0.619180016332958,1.7697237050727502e-16,-0.008249317181081166,2.0386290008778698e-19,0.090153438243506,-6.120499227967917e-16,2.5556472110581776,2.8761900770774917,2.760847473713758e-16,-0.00831526547384903,0.0,0.0,0.0,-8.08704999999999,0.0,0.0,0.0,0.0,0.0,13.638999999999943,-0.06540080575377379,-2.685948283229035e-16,8.382912291335645,0.09061839934059143,-6.021873139426236e-16,-10.74847471132767,1.7145077917200093e-16,-0.008083022118178232,14.754931449890137,1724.99,3514.866104334377,9166.045424426968
-0.061794330833745935,-2.930707110241566e-16,0.6688536853773815,1.8242321665030525e-16,-0.008429722563353607,1.7144332364245366e-19,0.08972221617518075,-6.213011105891003e-16,2.411719693384173,2.613713048994537,2.725455817962132e-16,-0.009020824948839783,0.0,0.0,0.0,-8.36179199999999,0.0,0.0,0.0,0.0,0.0,13.83519999999994,-0.0635930873779328,-2.8073720069029763e-16,8.706230016332949,0.090153438243506,-6.120499227967917e-16,-11.083352788941765,1.7697237050727502e-16,-0.008249317181081166,14.911927700042725,1888.44,3791.0800822905317,9908.48058837599
-0.06000388150567716,-3.055831885513037e-16,0.7155999858031928,1.8779682820387667e-16,-0.008623133574219453,1.3563970568604306e-19,0.08932271663169664,-6.299466421256095e-16,2.2629103491969538,2.36961698289547,2.686818697214965e-16,-0.009671146492563978,0.0,0.0,0.0,-8.64045799999999,0.0,0.0,0.0,0.0,0.0,14.031399999999937,-0.061794330833745935,-2.930707110241566e-16,9.030645685377372,0.08972221617518075,-6.213011105891003e-16,-11.423480306615767,1.8242321665030525e-16,-0.008429722563353607,15.066930770874023,2058.4,4078.7522807335026,10681.376988271344
-0.058221122585735835,-3.182626025436908e-16,0.7593247285468195,1.9308749422241264e-16,-0.00882855380586695,9.651754350489716e-20,0.08895317536243638,-6.379947571130975e-16,2.1095639251657214,2.1427584640251904,2.645325337184644e-16,-0.010271644587287215,0.0,0.0,0.0,-8.923047999999989,0.0,0.0,0.0,0.0,0.0,14.227599999999935,-0.06000388150567716,-3.055831885513037e-16,9.356057985803183,0.08932271663169664,-6.299466421256095e-16,-11.768489650802984,1.8779682820387667e-16,-0.008623133574219453,15.221935510635376,2234.8,4377.893177950291,11484.71543704149
-0.05644547046756576,-3.310971087771118e-16,0.7999404010758716,1.982903164654282e-16,-0.009045087821817288,5.41425468709206e-20,0.08861203645457014,-6.454558662289995e-16,1.9520033277394848,1.9320454232573339,2.6013820936480304e-16,-0.010827368111030812,0.0,0.0,0.0,-9.209561999999988,0.0,0.0,0.0,0.0,0.0,14.423799999999932,-0.058221122585735835,-3.182626025436908e-16,9.682372728546808,0.08895317536243638,-6.379947571130975e-16,-12.118036074834214,1.9308749422241264e-16,-0.00882855380586695,15.378939390182495,2417.57,4688.507487463185,12318.466455060097
-0.054676370992019496,-3.440750911258474e-16,0.8373657465007822,2.0340112604630954e-16,-0.009271932554566804,8.57984215848413e-21,0.08829791110005605,-6.523423686445581e-16,1.7905312147515797,1.7364653833745225,2.5553536469307365e-16,-0.011342935797309429,0.0,0.0,0.0,-9.499999999999986,0.0,0.0,0.0,0.0,0.0,14.61999999999993,-0.05644547046756576,-3.310971087771118e-16,10.00950240107586,0.08861203645457014,-6.454558662289995e-16,-12.471796672260448,1.982903164654282e-16,-0.009045087821817288,15.535935640335083,2606.64,5010.594760679182,13182.59142235608
-0.0529132964124639,-3.5718519874686144e-16,0.8715253695863813,2.084164835309804e-16,-0.009508369095775546,-4.0106669785951704e-20,0.08800954685550313,-6.58668393456839e-16,1.6254310938083227,1.5550607956616647,2.5076047288391683e-16,-0.01182255586367895,0.0,0.0,0.0,-9.794361999999985,0.0,0.0,0.0,0.0,0.0,14.816199999999927,-0.054676370992019496,-3.440750911258474e-16,10.337365746500769,0.08829791110005605,-6.523423686445581e-16,-12.82946878524835,2.0340112604630954e-16,-0.009271932554566804,15.690936088562012,2801.96,5344.149937575172,14077.043826398778
-0.05115574292801552,-3.704163784111436e-16,0.9023493653372271,2.1333362945240586e-16,-0.009753754516539459,-9.18547341100988e-20,0.08774580158933507,-6.644495729713752e-16,1.4569684812762533,1.3869320685523445,2.458475328969364e-16,-0.012270027516038519,0.0,0.0,0.0,-10.092647999999983,0.0,0.0,0.0,0.0,0.0,15.012399999999925,-0.0529132964124639,-3.5718519874686144e-16,10.665887369586367,0.08800954685550313,-6.58668393456839e-16,-13.190768906191604,2.084164835309804e-16,-0.009508369095775546,15.86193561553955,3003.46,5689.163867539908,15001.770304198059
-0.04940322875743037,-3.8375790387062697e-16,0.9297729770666913,2.1815046107817877e-16,-0.010007513999854277,-1.4660399637855847e-19,0.08750561546918054,-6.697029729769588e-16,1.2853926916701637,1.2312690880712014,2.4082938219381974e-16,-0.012688756559193975,0.0,0.0,0.0,-10.394857999999982,0.0,0.0,0.0,0.0,0.0,15.208599999999922,-0.05115574292801552,-3.704163784111436e-16,10.994997365337209,0.08774580158933507,-6.644495729713752e-16,-13.555431518723672,2.1333362945240586e-16,-0.009753754516539459,16.019936561584473,3211.11,6045.623795509524,15956.711636049762
-0.04765593386027327,-3.9721337977204265e-16,0.9538003511828536,2.228672162877027e-16,-0.010269133148760507,-2.0429629586012192e-19,0.08722387424652969,-6.758446171646094e-16,1.1173447199460584,1.4076719026137923,2.35823057387143e-16,-0.01308176418146791,0.0,0.0,0.0,-10.70099199999998,0.0,0.0,0.0,0.0,0.0,15.40479999999992,-0.04940322875743037,-3.8375790387062697e-16,11.324630977066672,0.08750561546918054,-6.697029729769588e-16,-13.923207308329758,2.1815046107817877e-16,-0.010007513999854277,16.17694115638733,3425.24,6413.553775149052,16941.80393887415
-0.045914868306521,-4.108043206060682e-16,0.9745174850408297,2.2753609893233175e-16,-0.010535728210432709,-2.6433719398198576e-19,0.08688268112869715,-6.832494662379451e-16,0.9543686658515405,1.6612848899827821,2.334273000678113e-16,-0.013330575280601562,0.0,0.0,0.0,-11.011049999999978,0.0,0.0,0.0,0.0,0.0,15.600999999999917,-0.04765593386027327,-3.9721337977204265e-16,11.654792351182833,0.08722387424652969,-6.758446171646094e-16,-14.287455280053862,2.228672162877027e-16,-0.010269133148760507,16.334007501602173,3649.93,6792.981489579788,17959.605468689544
-0.04418120337972848,-4.2455545280979004e-16,0.9920214319236204,2.3221576209694313e-16,-0.010804139645984498,-3.2604203474230185e-19,0.08648381155055476,-6.918637541342392e-16,0.7960260224275435,1.8929728893086468,2.3396467058260366e-16,-0.013421399696723393,0.0,0.0,0.0,-11.325031999999977,0.0,0.0,0.0,0.0,0.0,15.797199999999915,-0.045914868306521,-4.108043206060682e-16,11.985567485040807,0.08688268112869715,-6.832494662379451e-16,-14.646631334148378,2.2753609893233175e-16,-0.010535728210432709,16.502941846847534,3886.39,7184.048639349834,19011.30449490415
-0.042456073647491085,-4.3849044721459093e-16,1.0064007468100333,2.3695477236797916e-16,-0.011071706026542762,-3.888129202998136e-19,0.08602916167318472,-7.016356863458556e-16,0.6419054662137447,2.1040949930237534,2.369308012232559e-16,-0.013379144460444295,0.0,0.0,0.0,-11.642937999999976,0.0,0.0,0.0,0.0,0.0,15.993399999999912,-0.04418120337972848,-4.2455545280979004e-16,12.317053431923597,0.08648381155055476,-6.918637541342392e-16,-15.001173977572371,2.3221576209694313e-16,-0.010804139645984498,16.65994668006897,4134.87,7586.934445001128,20097.450069072886
-0.040740574257085944,-4.526319647336669e-16,1.017736011689406,2.4179359611792543e-16,-0.011336197246923585,-4.521292641956419e-19,0.08552077736732935,-7.12516065561732e-16,0.49162102172352395,2.2959184939660084,2.419206447044727e-16,-0.013225377081365834,0.0,0.0,0.0,-11.964767999999975,0.0,0.0,0.0,0.0,0.0,16.189599999999917,-0.042456073647491085,-4.3849044721459093e-16,12.64933874681001,0.08602916167318472,-7.016356863458556e-16,-15.351494533786168,2.3695477236797916e-16,-0.011071706026542762,16.812936782836914,4395.62,8001.820612859107,21218.592132078476
-0.039035757941599934,-4.670017139868127e-16,1.0261003360217462,2.467655573971152e-16,-0.011595755724848162,-5.15538267250195e-19,0.08496085418127161,-7.244588597528421e-16,0.3448114115104748,2.469678176038944,2.4857705144043706e-16,-0.012978724849744726,0.0,0.0,0.0,-12.290521999999973,0.0,0.0,0.0,0.0,0.0,16.38579999999992,-0.040740574257085944,-4.526319647336669e-16,12.98250401168938,0.08552077736732935,-7.12516065561732e-16,-15.697978978276392,2.4179359611792543e-16,-0.011336197246923585,16.968936681747437,4668.89,8428.890654264684,22375.280026324104
-0.03734263202441743,-4.816205151054831e-16,1.0315598334604295,2.518978663091443e-16,-0.011848848718820066,-5.786467124176565e-19,0.0843517375369792,-7.374212521142003e-16,0.2011383323578666,2.626522623543587,2.5659429350876043e-16,-0.012655430803802062,0.0,0.0,0.0,-12.62019999999997,0.0,0.0,0.0,0.0,0.0,16.581999999999926,-0.039035757941599934,-4.670017139868127e-16,13.31662233602172,0.08496085418127161,-7.244588597528421e-16,-16.040988588489448,2.467655573971152e-16,-0.011595755724848162,17.127010822296143,4954.91,8868.329253932648,23568.061609256198
-0.0356621555489421,-4.965083637555735e-16,1.034174068929764,2.5721265326630063e-16,-0.012094227139697817,-6.411135561831535e-19,0.08369591001055335,-7.513636128948318e-16,0.060285214575591654,2.7675383831878224,2.6571835863977957e-16,-0.012269678434397946,0.0,0.0,0.0,-12.95380199999997,0.0,0.0,0.0,0.0,0.0,16.77819999999993,-0.03734263202441743,-4.816205151054831e-16,13.6517598334604,0.0843517375369792,-7.374212521142003e-16,-16.38086166764206,2.518978663091443e-16,-0.011848848718820066,17.283978700637817,5253.93,9320.321721517757,24797.48204838523
-0.03399523669819407,-5.116844930544405e-16,1.033996479749039,2.6272802025782143e-16,-0.012330891108748356,-7.026437562261303e-19,0.08299597506424936,-7.662493169918713e-16,-0.07804413264809648,2.8937442707008123,2.7574780067671205e-16,-0.011833929029739098,0.0,0.0,0.0,-13.291327999999968,0.0,0.0,0.0,0.0,0.0,16.974399999999935,-0.0356621555489421,-4.965083637555735e-16,13.987976068929733,0.08369591001055335,-7.513636128948318e-16,-16.717914785424338,2.5721265326630063e-16,-0.012094227139697817,17.441030740737915,5566.16,9785.053488642012,26064.082875703178
-0.03234273062280007,-5.271674322801162e-16,1.0310747742602009,2.6845855475029623e-16,-0.012558056581144414,-7.629820528002047e-19,0.08225463247515061,-7.820446055756956e-16,-0.2141264162356957,3.0061143588843473,2.8650687007758025e-16,-0.011358974950691507,0.0,0.0,0.0,-13.632777999999966,0.0,0.0,0.0,0.0,0.0,17.17059999999994,-0.03399523669819407,-5.116844930544405e-16,14.325324479749007,0.08299597506424936,-7.662493169918713e-16,-17.05244413264803,2.6272802025782143e-16,-0.012330891108748356,17.59397864341736,5891.83,10262.709663395366,27368.401056235383
-0.030705437714693758,-5.429750609876167e-16,1.0254513079065923,2.7441603003791646e-16,-0.012775131105033456,-8.219089008218375e-19,0.08147465833548076,-7.987182651743604e-16,-0.3482202191251411,3.105554732730373,2.9785483618251513e-16,-0.010854396437386888,0.0,0.0,0.0,-13.978151999999966,0.0,0.0,0.0,0.0,0.0,17.366799999999945,-0.03234273062280007,-5.271674322801162e-16,14.663852774260167,0.08225463247515061,-7.820446055756956e-16,-17.384726416235637,2.6845855475029623e-16,-0.012558056581144414,17.7499840259552,6231.16,10753.474619451368,28710.968332129298
-0.029084102342805583,-5.591246577534609e-16,1.017163437168457,2.8060987818644453e-16,-0.012981688103355236,-8.792358973906716e-19,0.08065887885333642,-8.162414114100602e-16,-0.4805668546884043,3.192928767626292,3.096746169772285e-16,-0.010328487741937618,0.0,0.0,0.0,-14.327449999999965,0.0,0.0,0.0,0.0,0.0,17.56299999999995,-0.030705437714693758,-5.429750609876167e-16,15.003603307906559,0.08147465833548076,-7.987182651743604e-16,-17.715020219125087,2.7441603003791646e-16,-0.012775131105033456,17.903973817825317,6584.35,11257.531640999574,30092.310410544666
-0.027479412045955068,-5.756329432231029e-16,1.0062438519883472,2.870477048244262e-16,-0.013177449104089769,-9.348032585929176e-19,0.07981015083171486,-8.3458713555414495e-16,-0.6113916633225831,3.269035020220962,3.2187487072531796e-16,-0.009788654574355118,0.0,0.0,0.0,-14.680671999999964,0.0,0.0,0.0,0.0,0.0,17.759199999999954,-0.029084102342805583,-5.591246577534609e-16,15.344613437168423,0.08065887885333642,-8.162414114100602e-16,-18.043566854688354,2.8060987818644453e-16,-0.012981688103355236,18.058976888656616,6951.6,11775.062590242092,31512.946429875923
-0.025891997190688285,-5.925161179999186e-16,0.9927208892685622,2.9373519174221326e-16,-0.013362261579254955,-9.88475946357831e-19,0.07893133469496347,-8.537303421274274e-16,-0.7409046086559263,3.3346422513951524,3.3435938573312866e-16,-0.009241194526353202,0.0,0.0,0.0,-15.037817999999964,0.0,0.0,0.0,0.0,0.0,17.95539999999996,-0.027479412045955068,-5.756329432231029e-16,15.686915851988312,0.07981015083171486,-8.3458713555414495e-16,-18.370591663322536,2.870477048244262e-16,-0.013177449104089769,18.21703553199768,7333.12,12306.247625396481,32973.38824633607
-0.024322431093464485,-6.097898958893821e-16,0.9766188303279686,3.006769102238068e-16,-0.01353608321958878,-1.0401414621567684e-18,0.07802527502741716,-8.736474468189381e-16,-0.8693012854034194,3.3904688422860945,3.4707261910314774e-16,-0.008691618875345515,0.0,0.0,0.0,-15.398887999999962,0.0,0.0,0.0,0.0,0.0,18.151599999999963,-0.025891997190688285,-5.925161179999186e-16,16.030538889268527,0.07893133469496347,-8.537303421274274e-16,-18.696304608655886,2.9373519174221326e-16,-0.013362261579254955,18.37303853034973,7729.1,12851.264932592823,34474.14010280671
-0.022771230530523164,-6.274695319652442e-16,0.957958179922517,3.0787648079867525e-16,-0.01369896679561834,-1.0897077340083542e-18,0.07709478126671512,-8.943161607672796e-16,-0.9967637551417348,3.4371913989166916,3.5996701596695563e-16,-0.008144681905520165,0.0,0.0,0.0,-15.763881999999962,0.0,0.0,0.0,0.0,0.0,18.347799999999967,-0.024322431093464485,-6.097898958893821e-16,16.375506830327932,0.07802527502741716,-8.736474468189381e-16,-19.020901285403383,3.006769102238068e-16,-0.01353608321958878,18.54805302619934,8139.72,13410.290498875374,36015.69814136904
-0.021238856615685,-6.45569846521275e-16,0.9367559291241163,3.1533567585917385e-16,-0.013851046471771369,-1.1371011818436695e-18,0.0761426102171012,-9.157152948357936e-16,-1.123461324698334,3.4754476212595686,3.729501496696146e-16,-0.00760445356438306,0.0,0.0,0.0,-16.13279999999996,0.0,0.0,0.0,0.0,0.0,18.543999999999972,-0.022771230530523164,-6.274695319652442e-16,16.721840179922477,0.07709478126671512,-8.943161607672796e-16,-19.344563755141703,3.0787648079867525e-16,-0.01369896679561834,18.6990647315979,8565.16,13983.49790768099,37598.5500230068
-0.019725716004050386,-6.641052444937324e-16,0.9130258028436302,3.2305746517448127e-16,-0.01399252553989061,-1.1822651918356088e-18,0.07517145094636071,-9.378245024099445e-16,-1.249551303350269,3.505837362084571,3.8608187875097795e-16,-0.007074390437245066,0.0,0.0,0.0,-16.50564199999996,0.0,0.0,0.0,0.0,0.0,18.740199999999977,-0.021238856615685,-6.45569846521275e-16,17.06955592912408,0.0761426102171012,-9.157152948357936e-16,-19.667461324698305,3.1533567585917385e-16,-0.013851046471771369,18.85705804824829,9005.6,14571.05815773162,39223.17460371858
-0.018232162378764887,-6.830897320088089e-16,0.8867784927748917,3.3104249614055284e-16,-0.014123665318435428,-1.2251586922938433e-18,0.07418391158218898,-9.606242490977175e-16,-1.375179703523574,3.5289254512156343,3.992460636192869e-16,-0.006557394035146894,0.0,0.0,0.0,-16.88240799999996,0.0,0.0,0.0,0.0,0.0,18.93639999999998,-0.019725716004050386,-6.641052444937324e-16,17.41866780284359,0.07517145094636071,-9.378245024099445e-16,-19.989751303350246,3.2305746517448127e-16,-0.01399252553989061,19.010980129241943,9461.2,15173.13950439511,40890.041644226745
-0.016758498180413226,-7.025369299663996e-16,0.8580218766643185,3.392920488433637e-16,-0.01424477516723873,-1.2657548337074335e-18,0.0731825082529767,-9.840955466613436e-16,-1.5004819075337477,3.5452433925059403,4.124743273380795e-16,-0.006055866576049397,0.0,0.0,0.0,-17.263097999999957,0.0,0.0,0.0,0.0,0.0,19.132599999999986,-0.018232162378764887,-6.830897320088089e-16,17.76918649277485,0.07418391158218898,-9.606242490977175e-16,-20.311579703523556,3.3104249614055284e-16,-0.014123665318435428,19.16998028755188,9932.13,15789.907320571057,42599.61156959481
-0.015304976528708821,-7.224600842754548e-16,0.8267612239911856,3.4780667627027474e-16,-0.014356205142600187,-1.3040404454067898e-18,0.07216965691746388,-1.0082198842441926e-15,-1.6255833597795395,3.555288089798499,4.257302993185962e-16,-0.005571843009796009,0.0,0.0,0.0,-17.647711999999956,0.0,0.0,0.0,0.0,0.0,19.32879999999999,-0.016758498180413226,-7.025369299663996e-16,18.121119876664274,0.0731825082529767,-9.840955466613436e-16,-20.633081907533732,3.392920488433637e-16,-0.01424477516723873,19.3239803314209,10418.6,16421.523974945238,44352.335265144204
-0.013871803325713377,-7.428720747250116e-16,0.7929993906772499,3.5658610846274547e-16,-0.01445833292399463,-1.340013214917207e-18,0.07114766338208059,-1.0329791607114954e-15,-1.7505999716140288,3.559536213296663,4.389728180641688e-16,-0.0051067045811660355,0.0,0.0,0.0,-18.036249999999956,0.0,0.0,0.0,0.0,0.0,19.524999999999995,-0.015304976528708821,-7.224600842754548e-16,18.47447322399114,0.07216965691746388,-1.0082198842441926e-15,-20.95438335977953,3.4780667627027474e-16,-0.014356205142600187,19.479979753494263,10920.6,17068.14873150296,46148.65386622745
-0.012459139482524268,-7.637854212415243e-16,0.756737002155983,3.656301016307225e-16,-0.01455156181713521,-1.373682465676244e-18,0.07011872093683039,-1.0583554909397896e-15,-1.8756388805126563,3.5584264813585498,4.5220317973176555e-16,-0.0046617326818355264,0.0,0.0,0.0,-18.42871199999996,0.0,0.0,0.0,0.0,0.0,19.7212,-0.013871803325713377,-7.428720747250116e-16,18.829249390677205,0.07114766338208059,-1.0329791607114954e-15,-21.275599971614024,3.5658610846274547e-16,-0.01445833292399463,19.63698172569275,11438.5,17729.93765532595,47988.998741537325
-0.011067103218062653,-7.852122878614419e-16,0.7179726242059362,3.7493819125805236e-16,-0.014636312573535685,-1.405067669359261e-18,0.06908490550933097,-1.0843311710519788e-15,-2.0007989144920266,3.552374398395512,4.654103360062536e-16,-0.004237799656230131,0.0,0.0,0.0,-18.825097999999958,0.0,0.0,0.0,0.0,0.0,19.917400000000004,-0.012459139482524268,-7.637854212415243e-16,19.18544900215594,0.07011872093683039,-1.0583554909397896e-15,-21.596838880512657,3.656301016307225e-16,-0.01455156181713521,19.79198455810547,11972.2,18407.043544205488,49873.79127352006
-0.009695772429293774,-8.071644857093801e-16,0.6767029241148245,3.845096830923431e-16,-0.01471301773356291,-1.4341975911661452e-18,0.06804817336755695,-1.1108886137418357e-15,-2.1261710946191457,3.5417703488082646,4.785827886940695e-16,-0.003835494983845511,0.0,0.0,0.0,-19.22540799999996,0.0,0.0,0.0,0.0,0.0,20.11360000000001,-0.011067103218062653,-7.852122878614419e-16,19.543070624205892,0.06908490550933097,-1.0843311710519788e-15,-21.91819891449203,3.7493819125805236e-16,-0.014636312573535685,19.94698429107666,12522.1,19099.615864922387,51803.44281632449
-0.008345187094263894,-8.296534747682386e-16,0.6329228220716351,3.9434369794478664e-16,-0.014782116647919993,-1.4611094791874483e-18,0.06701036013543102,-1.138010292144017e-15,-2.2518391096998016,3.526980986965838,4.917112804235439e-16,-0.0034551592028764047,0.0,0.0,0.0,-19.629641999999958,0.0,0.0,0.0,0.0,0.0,20.309800000000013,-0.009695772429293774,-8.071644857093801e-16,19.902110924114783,0.06804817336755695,-1.1108886137418357e-15,-22.239771094619154,3.845096830923431e-16,-0.01471301773356291,20.105053901672363,13088.2,19807.80070385647,53778.35464322983
-0.007015351683245271,-8.526903646429853e-16,0.5866256333284224,4.0443918995426995e-16,-0.014844051125222295,-1.4858482936414275e-18,0.0659731809664312,-1.1656786953306428e-15,-2.3778797646214667,3.5083505534828956,5.047874678020555e-16,-0.003096915216808049,0.0,0.0,0.0,-20.037799999999958,0.0,0.0,0.0,0.0,0.0,20.506000000000018,-0.008345187094263894,-8.296534747682386e-16,20.262564822071592,0.06701036013543102,-1.138010292144017e-15,-22.561639109699815,3.9434369794478664e-16,-0.014782116647919993,20.259984254837036,13670.5,20531.740728540968,55798.917917577164
-0.0057062375563354355,-8.762859145242744e-16,0.5378032016447957,4.1479493892087775e-16,-0.014899261656048851,-1.5084659702880616e-18,0.06493823172455224,-1.1938762927982648e-15,-2.504363403741218,3.486202122051423,5.178026248215505e-16,-0.0027606971199744495,0.0,0.0,0.0,-20.44988199999996,0.0,0.0,0.0,0.0,0.0,20.702200000000023,-0.007015351683245271,-8.526903646429853e-16,20.624425633328382,0.0659731809664312,-1.1656786953306428e-15,-22.883879764621483,4.0443918995426995e-16,-0.014844051125222295,20.41798424720764,14269.4,21271.575159264907,57865.51368531858
-0.004417785328808527,-9.004505325065627e-16,0.4864460245013227,4.2540959744839e-16,-0.01494818416622899,-1.5290207166864163e-18,0.06390699102813865,-1.222585505430557e-15,-2.6313543106060706,3.4608387819874467,5.307503834832405e-16,-0.0024462766609618506,0.0,0.0,0.0,-20.86588799999996,0.0,0.0,0.0,0.0,0.0,20.898400000000027,-0.0057062375563354355,-8.762859145242744e-16,20.987685201644755,0.06493823172455224,-1.1938762927982648e-15,-23.206563403741242,4.1479493892087775e-16,-0.014899261656048851,20.574983835220337,14884.8,22027.43974989709,59978.51288743712
-0.0031499071883459196,-9.251942744224183e-16,0.4325433705445615,4.362816838684735e-16,-0.014991247254290041,-1.5475763394974668e-18,0.062880823018122,-1.2517886861550192e-15,-2.7589110850700482,3.432544767651968,5.436240227121913e-16,-0.002153287452168137,0.0,0.0,0.0,-21.28581799999996,0.0,0.0,0.0,0.0,0.0,21.09460000000003,-0.004417785328808527,-9.004505325065627e-16,21.352334024501282,0.06390699102813865,-1.222585505430557e-15,-23.529754310606098,4.2540959744839e-16,-0.01494818416622899,20.729984521865845,15516.9,22799.46677717339,62138.27639064062
-0.0019024891511670698,-9.505268423495688e-16,0.37608338972037425,4.474095776256971e-16,-0.015028869869974001,-1.564201600669674e-18,0.06186098069976295,-1.2814681065600506e-15,-2.8870869973486712,3.40158661093609,5.56416591396602e-16,-0.0018812470246211336,0.0,0.0,0.0,-21.70967199999996,0.0,0.0,0.0,0.0,0.0,21.290800000000036,-0.0031499071883459196,-9.251942744224183e-16,21.71836137054452,0.062880823018122,-1.2517886861550192e-15,-23.853511085070082,4.362816838684735e-16,-0.014991247254290041,20.883983850479126,16165.8,23587.785037773432,64345.15503497653
-0.0006754360011056858,-9.764588556855573e-16,0.3170560611461544,4.587908568637197e-16,-0.015061459391870358,-1.578969591507532e-18,0.06084433430637545,-1.311733227038799e-15,-3.0156458600733096,3.382438847116661,5.69088016405866e-16,-0.0016295767850225509,0.0,0.0,0.0,-22.13744999999996,0.0,0.0,0.0,0.0,0.0,21.48700000000004,-0.0019024891511670698,-9.505268423495688e-16,22.085755389720333,0.06186098069976295,-1.2814681065600506e-15,-24.177886997348708,4.474095776256971e-16,-0.015028869869974001,21.044983625411987,16831.7,24392.52465382331,66599.48969835675
0.000529992839269643,-1.0030425356172193e-15,0.25554182583123114,4.70406818824451e-16,-0.015089246164267699,-1.591880760779154e-18,0.05969854973115743,-1.346634766127407e-15,-3.135777671419021,3.8038408705666757,5.808242550604488e-16,-0.0013894244714080985,0.0,0.0,0.0,-22.56915199999996,0.0,0.0,0.0,0.0,0.0,21.683200000000046,-0.0006754360011056858,-9.764588556855573e-16,22.454506061146112,0.06084433430637545,-1.311733227038799e-15,-24.50264586007335,4.587908568637197e-16,-0.015061459391870358,21.198983669281006,17519,25213.967523593146,68901.84706663535
0.0017115394165830692,-1.0303625567155123e-15,0.1916876054048815,4.824260640023004e-16,-0.015107432027908178,-1.600545792839578e-18,0.05845610800018519,-1.3853673437018996e-15,-3.249644371215938,4.117133706775197,6.009928526981454e-16,-0.000909349370124218,0.0,0.0,0.0,-23.004777999999963,0.0,0.0,0.0,0.0,0.0,21.87940000000005,0.000529992839269643,-1.0030425356172193e-15,22.82469382583119,0.05969854973115743,-1.346634766127407e-15,-24.818977671419066,4.70406818824451e-16,-0.015089246164267699,21.352983474731445,18242.3,26052.259892952046,71260.067206617
0.002867796929060874,-1.058480705787853e-15,0.12558419748869057,4.949732415401418e-16,-0.015113074527522774,-1.603303595266388e-18,0.0571696432475953,-1.4264475635321969e-15,-3.3606964204031566,4.257883429350634,6.273955597845631e-16,-0.00028214241412911293,0.0,0.0,0.0,-23.444327999999963,0.0,0.0,0.0,0.0,0.0,22.075600000000055,0.0017115394165830692,-1.0303625567155123e-15,23.196465605404843,0.05845610800018519,-1.3853673437018996e-15,-25.12904437121599,4.824260640023004e-16,-0.015107432027908178,21.50898313522339,18996.7,26907.86481675554,73674.36532257427
0.003997937784732398,-1.0874436732196253e-15,0.057285059590663275,5.080832113879208e-16,-0.01510559913194342,-1.5995540453912717e-18,0.05584444231955704,-1.4698491796450275e-15,-3.469217369399571,4.384453256219414,6.555418304522186e-16,0.00037379287539236685,0.0,0.0,0.0,-23.887801999999965,0.0,0.0,0.0,0.0,0.0,22.27180000000006,0.002867796929060874,-1.058480705787853e-15,23.569912197488655,0.0571696432475953,-1.4264475635321969e-15,-25.43629642040321,4.949732415401418e-16,-0.015113074527522774,21.66898512840271,19777.8,27781.23467596577,76143.47354234
0.005101239018137099,-1.1172976775652517e-15,-0.013161847835883249,5.217850740820648e-16,-0.015084680731150862,-1.5887812192696882e-18,0.05448568102091303,-1.5155512549176409e-15,-3.5754733732550807,4.497712939569084,6.851435998538989e-16,0.0010459846703973045,0.0,0.0,0.0,-24.335199999999965,0.0,0.0,0.0,0.0,0.0,22.468000000000064,0.003997937784732398,-1.0874436732196253e-15,23.945087059590627,0.05584444231955704,-1.4698491796450275e-15,-25.74101736939963,5.080832113879208e-16,-0.01510559913194342,21.822983503341675,20586.1,28672.685001493057,78668.28195537585
0.006177079866632923,-1.1480885634909134e-15,-0.08571372542599272,5.36105782543623e-16,-0.015050222007356815,-1.5705523656624668e-18,0.053098403828669344,-1.5635373376485244e-15,-3.679714385755865,4.598472550719693,7.160934026740607e-16,0.0017230426556827637,0.0,0.0,0.0,-24.786521999999966,0.0,0.0,0.0,0.0,0.0,22.66420000000007,0.005101239018137099,-1.1172976775652517e-15,24.322038152164083,0.05448568102091303,-1.5155512549176409e-15,-26.043473373255146,5.217850740820648e-16,-0.015084680731150862,21.97903537750244,21422.1,29582.52692104457,81249.66825626696
0.007224938883774058,-1.1798618875749184e-15,-0.16033261872047647,5.510682897951498e-16,-0.015002307086696866,-1.544503495241129e-18,0.051687497885444134,-1.6137950707519732e-15,-3.7821749436925085,4.6875029743804095,7.481911631113822e-16,0.0023958940747214577,0.0,0.0,0.0,-25.241767999999965,0.0,0.0,0.0,0.0,0.0,22.860400000000073,0.006177079866632923,-1.1480885634909134e-15,24.700808274573973,0.053098403828669344,-1.5635373376485244e-15,-26.343914385755934,5.36105782543623e-16,-0.015050222007356815,22.13297939300537,22286,30511.067037528213,83888.49726218569
0.008244390583358022,-1.2126629936050118e-15,-0.23698511847712803,5.666935399545194e-16,-0.014941174602945221,-1.5103338872598142e-18,0.05025767207295226,-1.6663155322573606e-15,-3.883075031972645,4.765531863199481,7.813363646012809e-16,0.003056813068578311,0.0,0.0,0.0,-25.70093799999997,0.0,0.0,0.0,0.0,0.0,23.056600000000078,0.007224938883774058,-1.1798618875749184e-15,25.081435381279487,0.051687497885444134,-1.6137950707519732e-15,-26.64257494369258,5.510682897951498e-16,-0.015002307086696866,22.289979934692383,23178.4,31458.607312897668,86585.62074552765
0.00923510168378083,-1.246537076443179e-15,-0.31564207754889684,5.830001067439751e-16,-0.014867191100085336,-1.4677999816302366e-18,0.04881343796932841,-1.721092751559357e-15,-3.9826208752042405,4.833247312303973,8.154104194291695e-16,0.0036994037320389997,0.0,0.0,0.0,-26.16403199999997,0.0,0.0,0.0,0.0,0.0,23.252800000000082,0.008244390583358022,-1.2126629936050118e-15,25.46395288152284,0.05025767207295226,-1.6663155322573606e-15,-26.939675031972723,5.666935399545194e-16,-0.014941174602945221,22.451026916503906,24099.5,32425.44497498245,89341.87720577812
0.010196827005429308,-1.2815292356217647e-15,-0.39627834349119423,6.000056988184578e-16,-0.014780830570796676,-1.4167118646489477e-18,0.0473590941955197,-1.7781231662992113e-15,-4.081005719025502,4.891298369064013,8.503700140982722e-16,0.0043182932988159745,0.0,0.0,0.0,-26.631049999999973,0.0,0.0,0.0,0.0,0.0,23.449000000000087,0.00923510168378083,-1.246537076443179e-15,25.848389922451073,0.04881343796932841,-1.721092751559357e-15,-27.235420875204323,5.830001067439751e-16,-0.014867191100085336,22.602982997894287,25049.9,33411.87243819798,92158.0916962589
0.01112940506387103,-1.3176845202863284e-15,-0.4788725051399808,6.177253089140669e-16,-0.014682644266636055,-1.3569231234362752e-18,0.0458987116486525,-1.837405300157167e-15,-4.178410445853157,4.940303310116985,8.860792953488741e-16,0.004909618586836987,0.0,0.0,0.0,-27.101991999999974,0.0,0.0,0.0,0.0,0.0,23.64520000000009,0.010196827005429308,-1.2815292356217647e-15,26.23477165650878,0.0473590941955197,-1.7781231662992113e-15,-27.53000571902559,6.000056988184578e-16,-0.014780830570796676,22.760982751846313,26029.8,34418.17724164811,95035.0756505295
0.01203275343662725,-1.3550479648544865e-15,-0.5634066530668288,6.361737504924026e-16,-0.014573252294516632,-1.2883325397285014e-18,0.04443612562696947,-1.898939156658629e-15,-4.275004346831647,4.980841826477202,9.225292500879114e-16,0.005469936616017673,0.0,0.0,0.0,-27.576857999999977,0.0,0.0,0.0,0.0,0.0,23.841400000000096,0.01112940506387103,-1.3176845202863284e-15,26.623119494859992,0.0458987116486525,-1.837405300157167e-15,-27.823610445853248,6.177253089140669e-16,-0.014682644266636055,22.919979572296143,27039.7,35444.64199392617,97973.62685436658
0.012906863973112082,-1.3936646159202656e-15,-0.6498661538054266,6.55365047606717e-16,-0.014453324065006096,-1.2108784019211753e-18,0.04297492802151376,-1.9627259499192674e-15,-4.370945727028136,5.013463359631546,9.596803625579633e-16,0.005996782051711448,0.0,0.0,0.0,-28.055647999999977,0.0,0.0,0.0,0.0,0.0,24.0376000000001,0.01203275343662725,-1.3550479648544865e-15,27.01345134693315,0.04443612562696947,-1.898939156658629e-15,-28.116404346831743,6.361737504924026e-16,-0.014573252294516632,23.070982933044434,28080,36491.54433745668,100974.52927159281
0.01375179788516063,-1.4335795531639341e-15,-0.7382394361830353,6.753126071728621e-16,-0.014323564172148492,-1.1245351694756507e-18,0.0415184631833411,-2.028767774447584e-15,-4.4663825107327355,5.038687092889061,9.975017354583818e-16,0.006488395611730236,0.0,0.0,0.0,-28.538361999999978,0.0,0.0,0.0,0.0,0.0,24.233800000000105,0.012906863973112082,-1.3936646159202656e-15,27.40578184619455,0.04297492802151376,-1.9627259499192674e-15,-28.408545727028237,6.55365047606717e-16,-0.014453324065006096,23.230979681015015,29150.9,37559.156917533524,104038.55300327974
0.01456768078126024,-1.474837904010638e-15,-0.8285177894409065,6.960292985114347e-16,-0.01418470005840189,-1.0293104066306263e-18,0.04006982642661985,-2.0970673102228048e-15,-4.5614528150543805,5.057003533825513,1.0359664531665326e-15,0.0069436348050089264,0.0,0.0,0.0,-29.02499999999998,0.0,0.0,0.0,0.0,0.0,24.43000000000011,0.01375179788516063,-1.4335795531639341e-15,27.80012256381694,0.0415184631833411,-2.028767774447584e-15,-28.70018251073284,6.753126071728621e-16,-0.014323564172148492,23.384920835494995,30252.9,38647.74736243269,107166.45424159142
0.01535469769483184,-1.5174848526574498e-15,-0.9206951725258936,7.175276147377441e-16,-0.014037471296253838,-9.252419284145737e-19,0.038631864930540216,-2.1676275544583915e-15,-4.65628549344434,5.068876015365057,1.0750556743060544e-15,0.007361893092718389,0.0,0.0,0.0,-29.515561999999985,0.0,0.0,0.0,0.0,0.0,24.626200000000114,0.01456768078126024,-1.474837904010638e-15,28.196482210559076,0.04006982642661985,-2.0970673102228048e-15,-28.99145281505449,6.960292985114347e-16,-0.01418470005840189,23.540977954864502,31386.2,39757.578272013336,110358.97524311289
