-0.3,0.0,-0.0019620000019637514,0.0,0.05998188087513498,0.0,0.0,0.0,-0.19620000019637515,-9.818756721454645e-09,0.0,2.9999935522712335,0.0,0.0,0.0,0.218038,0.0,0.0,0.0,0.0,0.0,-4.803799999999999,-0.3,0.0,-0.12,0.0,0.0,5.0,0.0,-0.0,0.10497927665710449,1.29544e+06,5.7949980656834486,125522.0
-0.3000000000001175,0.0,-0.007848000007848,0.0,0.11993670204256071,0.0,-1.1751025816437743e-11,0.0,-0.3924000003920497,-9.801355810671378e-09,0.0,2.999988428187732,0.0,0.0,0.0,0.312152,0.0,0.0,0.0,0.0,0.0,-4.607599999999998,-0.3,0.0,-0.22000000000196376,0.0,0.0,4.6075999998036234,0.0,0.05998188087513498,0.3339805603027344,1.07824e+06,7.476164406427336,106859.87792112266
-0.3000000000005866,0.0,-0.017658000017630994,0.0,0.17985598820398396,0.0,-3.515506069444104e-11,0.0,-0.5886000005862496,-9.780258765607364e-09,0.0,2.9995569488547127,0.0,0.0,0.0,0.4023419999999999,0.0,0.0,0.0,0.0,0.0,-4.411399999999997,-0.3000000000001175,0.0,-0.320000000007848,-1.1751025816437743e-11,0.0,4.2151999996079486,0.0,0.11993670204256071,0.503962516784668,881031,10.158778573971748,89873.47924598395
-0.3000000000016386,0.0,-0.031392000031275354,0.0,0.22822087037029862,0.0,-7.005303911871621e-11,0.0,-0.7848000007781859,-9.754148006442534e-09,0.0,2.4219783381999966,0.0,0.0,0.0,0.4886079999999999,0.0,0.0,0.0,0.0,0.0,-4.215199999999996,-0.3000000000005866,0.0,-0.42000000001763094,-3.515506069444104e-11,0.0,3.822799999413747,0.0,0.17985598820398396,0.681962251663208,703812,13.68652969435365,74562.7400601287
-0.3000000000034796,0.0,-0.049050000048732854,0.0,0.26389200768470955,0.0,-1.1403954819102274e-10,0.0,-0.9810000009675648,-9.720995259251262e-09,0.0,1.7866745878846597,0.0,0.0,0.0,0.5709499999999998,0.0,0.0,0.0,0.0,0.0,-4.018999999999995,-0.3000000000016386,0.0,-0.5200000000312752,-7.005303911871621e-11,0.0,3.4303999992218097,0.0,0.22822087037029862,0.8499612808227539,546584,18.23870895042678,60900.64460183539
-0.30000000000626525,0.0,-0.07063200006995266,0.0,0.29020740126222155,0.0,-1.6452513014141438e-10,0.0,-1.1772000011544146,-9.677507687984485e-09,0.0,1.318215648855364,0.0,0.0,0.0,0.6493679999999997,0.0,0.0,0.0,0.0,0.0,-3.8227999999999955,-0.3000000000034796,0.0,-0.6200000000487327,-1.1403954819102274e-10,0.0,3.0379999990324302,0.0,0.26389200768470955,1.0289509296417236,409347,23.853380042899374,48867.414929517145
-0.3000000000101062,0.0,-0.0961380000948841,0.0,0.30962171213473194,0.0,-2.1956890219637575e-10,0.0,-1.3734000013387304,-9.61796040558668e-09,0.0,0.9725786803340023,0.0,0.0,0.0,0.7238619999999997,0.0,0.0,0.0,0.0,0.0,-3.6265999999999963,-0.30000000000626525,0.0,-0.7200000000699524,-1.6452513014141438e-10,0.0,2.645599998845581,0.0,0.29020740126222155,1.1929519176483154,292101,30.502712568144734,38459.098448718
-0.3000000000150784,0.0,-0.12556800012347435,0.0,0.3239453373125241,0.0,-2.7765320063296574e-10,0.0,-1.5696000015202947,-9.531442627913559e-09,0.0,0.7175793946703487,0.0,0.0,0.0,0.7944319999999996,0.0,0.0,0.0,0.0,0.0,-3.430399999999997,-0.3000000000101062,0.0,-0.8200000000948837,-2.1956890219637575e-10,0.0,2.253199998661266,0.0,0.30962171213473194,1.3639519214630127,194845,38.17160989665939,29675.879193770226
-0.30000000002122956,0.0,-0.15892200015566138,0.0,0.3345075492358794,0.0,-3.37458755190835e-10,0.0,-1.7658000016984075,-9.39425607445278e-09,0.0,0.5291510214413401,0.0,0.0,0.0,0.8610779999999996,0.0,0.0,0.0,0.0,0.0,-3.2341999999999977,-0.3000000000150784,0.0,-0.9200000001234739,-2.7765320063296574e-10,0.0,1.8607999984797023,0.0,0.3239453373125241,1.5359504222869873,117580,46.85183763806612,22519.586080724126
-0.3000000000285791,0.0,-0.19620000019135686,0.0,0.3423008409938717,0.0,-3.9749575195069197e-10,0.0,-1.9620000018711414,-9.143505227268532e-09,0.0,0.39043605309084845,0.0,0.0,0.0,0.9237999999999995,0.0,0.0,0.0,0.0,0.0,-3.0379999999999985,-0.30000000002122956,0.0,-1.0200000001556608,-3.37458755190835e-10,0.0,1.4683999983015903,0.0,0.3345075492358794,1.7089519500732422,60305.5,56.5389625013695,16992.46927919095
-0.3000000000371022,0.0,-0.23740200023038832,0.0,0.3480563413551155,0.0,-4.548159536601728e-10,0.0,-2.1582000020320056,-8.53855064202489e-09,0.0,0.28834628606361284,0.0,0.0,0.0,0.9825979999999995,0.0,0.0,0.0,0.0,0.0,-2.841799999999999,-0.3000000000285791,0.0,-1.1200000001913564,-3.9749575195069197e-10,0.0,1.075999998128857,0.0,0.3423008409938717,1.880950689315796,23021.6,67.23053193063221,13096.729310820989
-0.30000000004654115,0.0,-0.2825280002719728,0.0,0.3523008811065682,0.0,-4.890792928832983e-10,0.0,-2.3544000021264395,-5.022899186086239e-09,0.0,0.2126488964178877,0.0,0.0,0.0,1.0374719999999995,0.0,0.0,0.0,0.0,0.0,-2.6456,-0.3000000000371022,0.0,-1.220000000230388,-4.548159536601728e-10,0.0,0.6835999979679936,0.0,0.3480563413551155,2.051950693130493,5728.19,78.92520326774768,10834.260872818788
-0.29981765904442154,0.0,-0.33108202075044835,0.0,0.35543032785328255,0.0,0.01823410070104142,0.0,-2.5010020457211173,2.64217700286896,0.0,0.15678365116470727,0.0,0.0,0.0,1.0884219999999996,0.0,0.0,0.0,0.0,0.0,-2.4494000000000007,-0.30000000004654115,0.0,-1.3200000002719723,-4.890792928832983e-10,0.0,0.29119999787356043,0.0,0.3523008811065682,2.2239511013031006,5033.9,91.97132862543262,10206.566751679788
-0.2989904895063131,0.0,-0.38181811834741786,0.0,0.35499846857095646,0.0,0.06448285310980564,0.0,-2.572607713975838,6.64505353673315,0.0,-0.02163593415512905,0.0,0.0,0.0,1.1354479999999993,0.0,0.0,0.0,0.0,0.0,-2.2532000000000014,-0.29981765904442154,0.0,-1.419504020750448,0.01823410070104142,0.0,-0.051602045721116596,0.0,0.35543032785328255,2.3949503898620605,6129.22,107.4526215409206,11171.041325552185
-0.2970155009472292,0.0,-0.43338353987861866,0.0,0.3475984410783826,0.0,0.13301600279858064,0.0,-2.5839344391442474,9.858361977684298,0.0,-0.3707393727560116,0.0,0.0,0.0,1.1785499999999995,0.0,0.0,0.0,0.0,0.0,-2.057000000000002,-0.2989904895063131,0.0,-1.5172661183474172,0.06448285310980564,0.0,-0.31940771397583667,0.0,0.35499846857095646,2.5649514198303223,7246.48,124.44198777948523,13118.475127402191
-0.29350836417737697,0.0,-0.48468695309423293,0.0,0.33141247369428367,0.0,0.21769767418664812,0.0,-2.5464068824171786,12.42975826823294,0.0,-0.8109321359650286,0.0,0.0,0.0,1.2177279999999997,0.0,0.0,0.0,0.0,0.0,-1.8608000000000022,-0.2970155009472292,0.0,-1.6119335398786183,0.13301600279858064,0.0,-0.5269344391442452,0.0,0.3475984410783826,2.7419493198394775,8365.27,142.08730320540164,15513.628905927204
-0.288212524133793,0.0,-0.5348398745334529,0.0,0.30587829600815314,0.0,0.3118863301717414,0.0,-2.4688852615048305,14.473685490499776,0.0,-1.2793697109858835,0.0,0.0,0.0,1.2529819999999998,0.0,0.0,0.0,0.0,0.0,-1.664600000000002,-0.29350836417737697,0.0,-1.7024149530942325,0.21769767418664812,0.0,-0.6856068824171764,0.0,0.33141247369428367,2.906949996948242,9466.78,159.77754596132186,18058.23567322579
-0.28100643808621784,0.0,-0.5831131020458505,0.0,0.27147853267314476,0.0,0.4087222745857757,0.0,-2.358437489734939,16.078716993435552,0.0,-1.723789658732596,0.0,0.0,0.0,1.284312,0.0,0.0,0.0,0.0,0.0,-1.468400000000002,-0.288212524133793,0.0,-1.7878218745334529,0.3118863301717414,0.0,-0.8042852615048284,0.0,0.30587829600815314,3.0799503326416016,10533.5,177.04769380050536,20585.414554593095
-0.2719033454048821,0.0,-0.628907601475251,0.0,0.2295434147002669,0.0,0.5015869935477979,0.0,-2.221012453205116,17.315420946906055,0.0,-2.1018017517327356,0.0,0.0,0.0,1.311718,0.0,0.0,0.0,0.0,0.0,-1.2722000000000018,-0.28100643808621784,0.0,-1.8674251020458503,0.4087222745857757,0.0,-0.8900374897349372,0.0,0.27147853267314476,3.2519495487213135,11549.2,193.52928976457278,22995.811772877303
-0.2610414172005568,0.0,-0.6717369020309969,0.0,0.18203521897250347,0.0,0.5846058268847307,0.0,-2.0619176023694568,18.2432561319902,0.0,-2.3817486925848423,0.0,0.0,0.0,1.3352,0.0,0.0,0.0,0.0,0.0,-1.0760000000000016,-0.2719033454048821,0.0,-1.940625601475251,0.5015869935477979,0.0,-0.9488124532051143,0.0,0.2295434147002669,3.424950122833252,12499.5,208.92843639759212,25222.419585146155
-0.2486644410962369,0.0,-0.7112166657405621,0.0,0.13131044359356686,0.0,0.6530917835472585,0.0,-1.8860587685870627,18.915476603531346,0.0,-2.5437914784255935,0.0,0.0,0.0,1.354758,0.0,0.0,0.0,0.0,0.0,-0.8798000000000015,-0.2610414172005568,0.0,-2.006936902030997,0.5846058268847307,0.0,-0.9859176023694551,0.0,0.18203521897250347,3.5969491004943848,13372.1,223.01695869417736,27214.363313318667
-0.23509506592592092,0.0,-0.7470568941614386,0.0,0.07986828011869579,0.0,0.7038457334843393,0.0,-1.6979640735005983,19.381587661090503,0.0,-2.5806134070552598,0.0,0.0,0.0,1.3703919999999998,0.0,0.0,0.0,0.0,0.0,-0.6836000000000013,-0.2486644410962369,0.0,-2.065974665740562,0.6530917835472585,0.0,-1.0062587685870612,0.0,0.13131044359356686,3.7709503173828125,14156.9,235.6268231185354,28932.066717197788
-0.22070400315594887,0.0,-0.7790532152083732,0.0,0.03012939596169577,0.0,0.7352605435128634,0.0,-1.5016680311928612,19.687561651736196,0.0,-2.495957567769889,0.0,0.0,0.0,1.3821019999999997,0.0,0.0,0.0,0.0,0.0,-0.4874000000000012,-0.23509506592592092,0.0,-2.1174488941614387,0.7038457334843393,0.0,-1.014364073500597,0.0,0.07986828011869579,3.938948631286621,14846.3,246.64212343012332,30347.858708650812
-0.20587904851476665,0.0,-0.8070754614957419,0.0,-0.015775084695666568,0.0,0.7472349206053579,0.0,-1.3005565975440163,19.874591883536468,0.0,-2.3041846498536525,0.0,0.0,0.0,1.389888,0.0,0.0,0.0,0.0,0.0,-0.2912000000000013,-0.22070400315594887,0.0,-2.161155215208373,0.7352605435128634,0.0,-1.01426803119286,0.0,0.03012939596169577,4.111949920654297,15434.9,255.98839081089048,31447.78803839549
-0.19099737661112254,0.0,-0.8310536050535984,0.0,-0.0561302411462114,0.0,0.7409322697590537,0.0,-1.0972577582416285,19.977427637939623,0.0,-2.026088038413162,0.0,0.0,0.0,1.3937499999999998,0.0,0.0,0.0,0.0,0.0,-0.09500000000000125,-0.20587904851476665,0.0,-2.196963461495742,0.7472349206053579,0.0,-1.009356597544015,0.0,-0.015775084695666568,4.282949686050415,15918.8,263.619751124765,32232.2212731979
-0.1764033943041834,0.0,-0.8509624325324232,0.0,-0.08972293686962152,0.0,0.7184659609348611,0.0,-0.8936249896408706,20.023172693103056,0.0,-1.6868421583976208,0.0,0.0,0.0,1.393688,0.0,0.0,0.0,0.0,0.0,0.10119999999999876,-0.19099737661112254,0.0,-2.224803605053598,0.7409322697590537,0.0,-1.0022577582416272,0.0,-0.0561302411462114,4.45294976234436,16295.4,269.5079812640811,32714.414626143924
-0.16239304187836542,0.0,-0.866806837530349,0.0,-0.1158579871274396,0.0,0.682569281646936,0.0,-0.6908155101517055,20.03104692134904,0.0,-1.3124962509359004,0.0,0.0,0.0,1.3897019999999998,0.0,0.0,0.0,0.0,0.0,0.2973999999999988,-0.1764033943041834,0.0,-2.2446504325324232,0.7184659609348611,0.0,-0.9948249896408693,0.0,-0.08972293686962152,4.612950086593628,16563.1,273.63453004971416,32917.470121132756
-0.14920435588109962,0.0,-0.8786093536738286,0.0,-0.13432864114187973,0.0,0.6362993180796415,0.0,-0.48943610419625466,20.013139032171345,0.0,-0.9276447965565637,0.0,0.0,0.0,1.381792,0.0,0.0,0.0,0.0,0.0,0.4935999999999987,-0.16239304187836542,0.0,-2.256508837530349,0.682569281646936,0.0,-0.9882155101517043,0.0,-0.1158579871274396,4.782949447631836,16720.9,275.98677410359335,32870.487129183515
-0.1370134234154369,0.0,-0.8864008917013881,0.0,-0.1453547541587598,0.0,0.582793928486629,0.0,-0.28971769855969715,19.975873612766836,0.0,-0.5537738612819992,0.0,0.0,0.0,1.369958,0.0,0.0,0.0,0.0,0.0,0.6897999999999989,-0.14920435588109962,0.0,-2.2604013536738288,0.6362993180796415,0.0,-0.9830361041962534,0.0,-0.13432864114187973,4.9589478969573975,16768.3,276.5578669842931,32604.786038386796
-0.1259346530639869,0.0,-0.8902149040302434,0.0,-0.1495032415625826,0.0,0.525083106658367,0.0,-0.09168353432582782,19.921791787215763,0.0,-0.20835436901235768,0.0,0.0,0.0,1.3542,0.0,0.0,0.0,0.0,0.0,0.885999999999999,-0.1370134234154369,0.0,-2.256358891701388,0.582793928486629,0.0,-0.9795176985596961,0.0,-0.1453547541587598,5.1209495067596436,16705.6,275.34906745405704,32150.799078925244
-0.11602434838302823,0.0,-0.8900846061983918,0.0,-0.14760149457749466,0.0,0.46594736143750026,0.0,0.10471331751098392,19.851279835000735,0.0,0.09551377600647648,0.0,0.0,0.0,1.334518,0.0,0.0,0.0,0.0,0.0,1.0821999999999992,-0.1259346530639869,0.0,-2.2444149040302435,0.525083106658367,0.0,-0.9776835343258268,0.0,-0.1495032415625826,5.280948638916016,16534,272.3732812551245,31535.93189851498
-0.10728672390455449,0.0,-0.8860425217066781,0.0,-0.1406513097694328,0.0,0.4078150864098746,0.0,0.2994951316603902,19.763991271719917,0.0,0.34906913088097763,0.0,0.0,0.0,1.310912,0.0,0.0,0.0,0.0,0.0,1.2783999999999993,-0.11602434838302823,0.0,-2.224602606198392,0.46594736143750026,0.0,-0.9774866824890153,0.0,-0.14760149457749466,5.451948881149292,16255.4,267.65875212525333,30783.458820989214
-0.09968163681856693,0.0,-0.8781214808898082,0.0,-0.12974821134309888,0.0,0.35269362218888145,0.0,0.4926089500265942,19.659833734593228,0.0,0.5476085256486191,0.0,0.0,0.0,1.283382,0.0,0.0,0.0,0.0,0.0,1.4745999999999995,-0.10728672390455449,0.0,-2.196954521706678,0.4078150864098746,0.0,-0.9789048683396091,0.0,-0.1406513097694328,5.607947826385498,15873.2,261.2521492105247,29912.351442379644
-0.09313338598123579,0.0,-0.866356249589335,0.0,-0.11600911175693428,0.0,0.30213146154423254,0.0,0.683914180020736,19.539500720455205,0.0,0.6900610626464365,0.0,0.0,0.0,1.251928,0.0,0.0,0.0,0.0,0.0,1.6707999999999996,-0.09968163681856693,0.0,-2.161503480889808,0.35269362218888145,0.0,-0.9819910499734053,0.0,-0.12974821134309888,5.776948928833008,15391.5,253.22062763368032,28937.837691624518
-0.08753996983831754,0.0,-0.8507851300726048,0.0,-0.10051047624398388,0.0,0.25721015274759274,0.0,0.8731977716522772,19.404607919329088,0.0,0.7784573533767786,0.0,0.0,0.0,1.2165500000000002,0.0,0.0,0.0,0.0,0.0,1.8669999999999998,-0.09313338598123579,0.0,-2.118284249589335,0.30213146154423254,0.0,-0.9868858199792636,0.0,-0.11600911175693428,5.930948734283447,14815.9,243.65273312560362,27872.435726921063
-0.08278223225385442,0.0,-0.8314511045543835,0.0,-0.0842385235856428,0.0,0.21856360569871847,0.0,1.0602047801698489,19.257541832733164,0.0,0.8173253364846482,0.0,0.0,0.0,1.177248,0.0,0.0,0.0,0.0,0.0,2.0631999999999997,-0.08753996983831754,0.0,-2.067335130072605,0.25721015274759274,0.0,-0.9938022283477226,0.0,-0.10051047624398388,6.088948726654053,14153,232.6582557362747,26727.200369658705
-0.0787323901407241,0.0,-0.808402326160625,0.0,-0.06805231386625074,0.0,0.1864206056143145,0.0,1.244673059205986,19.101145981246823,0.0,0.813045267581472,0.0,0.0,0.0,1.1340220000000003,0.0,0.0,0.0,0.0,0.0,2.259399999999999,-0.08278223225385442,0.0,-2.008699104554384,0.21856360569871847,0.0,-1.0029952198301508,0.0,-0.0842385235856428,6.2479472160339355,13410.4,220.36729487887558,25512.952901042805
-0.07526153898232706,0.0,-0.7816919599234718,0.0,-0.052660571817475965,0.0,0.1606645102253903,0.0,1.4263635645093307,18.938361231116357,0.0,0.7731622736671969,0.0,0.0,0.0,1.086872,0.0,0.0,0.0,0.0,0.0,2.4555999999999982,-0.0787323901407241,0.0,-1.9424243261606253,0.1864206056143145,0.0,-1.014726940794013,0.0,-0.06805231386625074,6.405948162078857,12596.9,206.92886317959514,24241.32788055583
-0.07224586530545703,0.0,-0.751377511316132,0.0,-0.03861030934086014,0.0,0.14090285746161268,0.0,1.6050812962246552,18.771909098072605,0.0,0.7057952759271714,0.0,0.0,0.0,1.0357980000000002,0.0,0.0,0.0,0.0,0.0,2.6517999999999975,-0.07526153898232706,0.0,-1.8685639599234718,0.1606645102253903,0.0,-1.0292364354906676,0.0,-0.052660571817475965,6.5739476680755615,11722.1,192.50935405593887,22925.547161932584
-0.06957143424793735,0.0,-0.7175198443662282,0.0,-0.02628717338395453,0.0,0.12654024829035526,0.0,1.780685398765716,18.604070469158746,0.0,0.619048417773299,0.0,0.0,0.0,0.9808000000000002,0.0,0.0,0.0,0.0,0.0,2.8479999999999968,-0.07224586530545703,0.0,-1.787175511316132,0.14090285746161268,0.0,-1.0467187037753423,0.0,-0.03861030934086014,6.745946884155273,10796.4,177.29110643541952,21580.90094681595
-0.06713754721354007,0.0,-0.6801820951024263,0.0,-0.015924488179807503,0.0,0.11684845514937386,0.0,1.9530895276144826,18.43657605540177,0.0,0.5205738133825285,0.0,0.0,0.0,0.9218780000000003,0.0,0.0,0.0,0.0,0.0,3.044199999999996,-0.06957143424793735,0.0,-1.6983198443662284,0.12654024829035526,0.0,-1.0673146012342807,0.0,-0.02628717338395453,6.8989481925964355,9830.98,161.47121991820157,20224.971930806198
-0.06485876563522516,0.0,-0.6394286482847601,0.0,-0.007619645897777648,0.0,0.11102970268211715,0.0,2.122255154152127,18.270597892209263,0.0,0.4172014804775221,0.0,0.0,0.0,0.8590320000000004,0.0,0.0,0.0,0.0,0.0,3.2403999999999953,-0.06713754721354007,0.0,-1.6020600951024266,0.11684845514937386,0.0,-1.0911104723855134,0.0,-0.015924488179807503,7.056948184967041,8837.81,145.26066229504676,18877.666061546846
-0.0626657648179295,0.0,-0.595324287376506,0.0,-0.0013544907293875092,0.0,0.10827037904744996,0.0,2.288180936673284,18.106814755326326,0.0,0.31473783419441526,0.0,0.0,0.0,0.7922620000000005,0.0,0.0,0.0,0.0,0.0,3.4365999999999945,-0.06485876563522516,0.0,-1.4984606482847604,0.11102970268211715,0.0,-1.1181448458478682,0.0,-0.007619645897777648,7.226948976516724,7829.57,128.8836518890352,17561.12262057575
-0.060505218643411254,0.0,-0.547933568066498,0.0,0.002981918043204814,0.0,0.10778423840437479,0.0,2.450890994327525,17.9455193445394,0.0,0.21784556639514363,0.0,0.0,0.0,0.7215680000000005,0.0,0.0,0.0,0.0,0.0,3.632799999999994,-0.0626657648179295,0.0,-1.3875862873765064,0.10827037904744996,0.0,-1.1484190633267106,0.0,-0.0013544907293875092,7.384949445724487,6819.61,112.5772441648516,16299.566788159731
-0.05833892617212752,0.0,-0.4973204164217043,0.0,0.005570113155542519,0.0,0.10884500872399866,0.0,2.6104241701518327,17.786737869527908,0.0,0.1300217798345242,0.0,0.0,0.0,0.6469500000000007,0.0,0.0,0.0,0.0,0.0,3.828999999999993,-0.060505218643411254,0.0,-1.2695015680664985,0.10778423840437479,0.0,-1.1819090056724688,0.0,0.002981918043204814,7.555949449539185,5821.98,96.59104580160363,15119.151721898485
-0.05614238550113489,0.0,-0.44354791966117907,0.0,0.006638021017481018,0.0,0.11080905837526384,0.0,2.766825505900688,17.630340287619894,0.0,0.05364793875001944,0.0,0.0,0.0,0.5684080000000008,0.0,0.0,0.0,0.0,0.0,4.025199999999993,-0.05833892617212752,0.0,-1.144270416421705,0.10884500872399866,0.0,-1.2185758298481604,0.0,0.005570113155542519,7.728949069976807,4851.39,81.1869836747471,14047.817656898224
-0.053903003122618906,0.0,-0.3866782608874966,0.0,0.006440780958920868,0.0,0.11312917947633405,0.0,2.9201403714675576,17.47612830507307,0.0,-0.009908648016312211,0.0,0.0,0.0,0.485942000000001,0.0,0.0,0.0,0.0,0.0,4.221399999999994,-0.05614238550113489,0.0,-1.0119559196611798,0.11080905837526384,0.0,-1.258374494099305,0.0,0.006638021017481018,7.902947664260864,3923.23,66.6390746205779,13115.179144638925
-0.05161810380307895,0.0,-0.3267727460608017,0.0,0.005243244242690394,0.0,0.11536075247766181,0.0,3.0704111112019286,17.323896314783145,0.0,-0.060160047262561654,0.0,0.0,0.0,0.39955200000000113,0.0,0.0,0.0,0.0,0.0,4.417599999999995,-0.053903003122618906,0.0,-0.8726202608874976,0.11312917947633405,0.0,-1.3012596285324363,0.0,0.006440780958920868,8.069947957992554,3053.51,53.23316339226103,12352.439846068623
-0.049292879900188255,0.0,-0.26389187775261974,0.0,0.0033055066021294367,0.0,0.11716163781140765,0.0,3.217675719616266,17.17346648329911,0.0,-0.09734518357626713,0.0,0.0,0.0,0.30923800000000123,0.0,0.0,0.0,0.0,0.0,4.613799999999996,-0.05161810380307895,0.0,-0.7263247460608029,0.11536075247766181,0.0,-1.3471888887980663,0.0,0.005243244242690394,8.228952169418335,2258.88,41.26661589339855,11792.327811519424
-0.046938392110906564,0.0,-0.19809544138735766,0.0,0.0008715905650035128,0.0,0.11828714111676175,0.0,3.3619679169099443,17.02470287373376,0.0,-0.12227153589591093,0.0,0.0,0.0,0.2150000000000013,0.0,0.0,0.0,0.0,0.0,4.809999999999997,-0.049292879900188255,0.0,-0.573129877752621,0.11716163781140765,0.0,-1.39612428038373,0.0,0.0033055066021294367,8.397948503494263,1556.6,31.047969656360003,11469.042134035626
-0.044569707233071264,0.0,-0.12944258212797013,0.0,-0.0018388110920112327,0.0,0.11858134666676834,0.0,3.503318009028807,16.877511016613084,0.0,-0.13616133552962012,0.0,0.0,0.0,0.11683800000000134,0.0,0.0,0.0,0.0,0.0,5.006199999999998,-0.046938392110906564,0.0,-0.413095441387359,0.11828714111676175,0.0,-1.4480320830900526,0.0,0.0008715905650035128,8.557948112487793,964.51,22.89655266631358,11418.202887153904
-0.04220423362689189,0.0,-0.057991863940600574,0.0,-0.004636181213081918,0.0,0.11796601395116857,0.0,3.641753809708148,16.731818320990556,0.0,-0.140530469217735,0.0,0.0,0.0,0.014752000000001375,0.0,0.0,0.0,0.0,0.0,5.202399999999999,-0.044569707233071264,0.0,-0.2462805821279715,0.11858134666676834,0.0,-1.5028819909711908,0.0,-0.0018388110920112327,8.725010633468628,501.018,17.142067449756347,11676.798898626006
-0.03986029392113618,0.0,0.01619869756378318,0.0,-0.0073623659049916294,0.0,0.11642795662440225,0.0,3.7773023407302277,16.587604819235338,0.0,-0.1369544820810329,0.0,0.0,0.0,-0.09125799999999862,0.0,0.0,0.0,0.0,0.0,5.3986,-0.04220423362689189,0.0,-0.07274386394060195,0.11796601395116857,0.0,-1.560646190291851,0.0,-0.004636181213081918,8.88201093673706,185.074,14.124260632345662,12283.13436486639
-0.03755594665306353,0.0,0.0930712833158432,0.0,-0.009893707753561496,0.0,0.11400677018286315,0.0,3.909956234475776,16.44314033080311,0.0,-0.12716633078581197,0.0,0.0,0.0,-0.2011919999999986,0.0,0.0,0.0,0.0,0.0,5.594800000000001,-0.03986029392113618,0.0,0.1074566975637818,0.11642795662440225,0.0,-1.6212976592697723,0.0,-0.0073623659049916294,9.068010091781616,36.1594,14.189652083715487,13276.757791759444
-0.03529106796021697,0.0,0.17085041969441608,0.0,-0.012138929262752172,0.0,0.11248109910179233,0.0,3.8679574033815127,7.71043581196016,0.0,-0.11279265874621305,0.0,0.0,0.0,-0.3150499999999986,0.0,0.0,0.0,0.0,0.0,5.791000000000002,-0.03755594665306353,0.0,0.2942632833158418,0.11400677018286315,0.0,-1.6848437655242252,0.0,-0.009893707753561496,9.233010292053223,11.9707,7.387502551269225,14698.976361816593
-0.03305297974229242,0.0,0.24719766783612915,0.0,-0.01429191219625916,0.0,0.11132772269066299,0.0,3.7667674107897904,4.750850393578714,0.0,-0.10815895586352901,0.0,0.0,0.0,-0.43283199999999866,0.0,0.0,0.0,0.0,0.0,5.987200000000003,-0.03529106796021697,0.0,0.48590041969441466,0.11248109910179233,0.0,-1.9230425966184894,0.0,-0.012138929262752172,9.398005962371826,19.7036,13.014902218842414,19741.184285024785
-0.03083457556755295,0.0,0.3211412493441796,0.0,-0.0164229798548047,0.0,0.11051269478328363,0.0,3.6275907400152514,2.851457673912194,0.0,-0.1070580639467688,0.0,0.0,0.0,-0.5545379999999988,0.0,0.0,0.0,0.0,0.0,6.183400000000004,-0.03305297974229242,0.0,0.6800296678361278,0.11132772269066299,0.0,-2.220432589210213,0.0,-0.01429191219625916,9.554004192352295,39.8108,23.608470640135476,27032.259262138217
-0.028628398022216978,0.0,0.3919792519810322,0.0,-0.018581336366728856,0.0,0.11010505975031376,0.0,3.4562095236700072,1.2411065510479495,0.0,-0.10842903179292497,0.0,0.0,0.0,-0.6801679999999989,0.0,0.0,0.0,0.0,0.0,6.379600000000005,-0.03083457556755295,0.0,0.8756792493441783,0.11051269478328363,0.0,-2.555809259984753,0.0,-0.0164229798548047,9.720004320144653,70.6167,38.49857427413722,36562.04331090899
-0.026426305226490036,0.0,0.4591418944301398,0.0,-0.02081583515028749,0.0,0.11010421982238033,0.0,3.2600547212407536,0.00226026872316047,0.0,-0.11225424814852973,0.0,0.0,0.0,-0.8097219999999989,0.0,0.0,0.0,0.0,0.0,6.575800000000006,-0.028628398022216978,0.0,1.0721472519810311,0.11010505975031376,0.0,-2.923390476329998,0.0,-0.018581336366728856,9.87704873085022,111.203,57.55938946277856,48544.9979122226
-0.024224220897699884,0.0,0.5223809921047732,0.0,-0.023165053405791655,0.0,0.11010421305663481,0.0,3.0638550462225878,1.625261266399448e-05,0.0,-0.11801747536942886,0.0,0.0,0.0,-0.943199999999999,0.0,0.0,0.0,0.0,0.0,6.772000000000007,-0.026426305226490036,0.0,1.2688638944301387,0.11010421982238033,0.0,-3.3157452787592527,0.0,-0.02081583515028749,10.043005466461182,161.219,80.59142663101406,63087.18462013158
-0.0220221366746174,0.0,0.5816960946715007,0.0,-0.025599116853282353,0.0,0.1101042092516133,0.0,2.8676552104501782,8.213583208572172e-06,0.0,-0.12227992446966472,0.0,0.0,0.0,-1.080601999999999,0.0,0.0,0.0,0.0,0.0,6.968200000000008,-0.024224220897699884,0.0,1.4655809921047722,0.11010421305663481,0.0,-3.7081449537774196,0.0,-0.023165053405791655,10.207005739212036,221.347,107.49528547662352,79557.56506476982
-0.01982005251814893,0.0,0.6370871999960723,0.0,-0.028095842652566618,0.0,0.11010420639523372,0.0,2.67145532200698,5.579668234248936e-06,0.0,-0.12542798604254146,0.0,0.0,0.0,-1.2219279999999992,0.0,0.0,0.0,0.0,0.0,7.164400000000009,-0.0220221366746174,0.0,1.6622980946714998,0.1101042092516133,0.0,-4.10054478954983,0.0,-0.025599116853282353,10.37900447845459,291.588,138.2709193407103,97954.82876417531
-0.01761796841422244,0.0,0.6885543072894297,0.0,-0.03063884751317338,0.0,0.11010420399741566,0.0,2.4752554073287536,4.267772962305373e-06,0.0,-0.1277530087571737,0.0,0.0,0.0,-1.3671779999999996,0.0,0.0,0.0,0.0,0.0,7.3606000000000105,-0.01982005251814893,0.0,1.8590151999960716,0.11010420639523372,0.0,-4.492944677993029,0.0,-0.028095842652566618,10.541005849838257,371.942,172.9183307774368,118278.97270222212
-0.015415884355209651,0.0,0.7360974161190911,0.0,-0.03321603156550823,0.0,0.11010420190386283,0.0,2.2790554756373824,3.417035204369989e-06,0.0,-0.12947017634744382,0.0,0.0,0.0,-1.516352,0.0,0.0,0.0,0.0,0.0,7.5568000000000115,-0.01761796841422244,0.0,2.0557323072894294,0.11010420399741566,0.0,-4.885344592671257,0.0,-0.03063884751317338,10.709054231643677,462.409,211.4375219958763,140529.99587950847
-0.013213800335987371,0.0,0.7797165261992769,0.0,-0.035818458499524176,0.0,0.11010420001836513,0.0,2.0828555323811946,2.8387564660721173e-06,0.0,-0.13073841473642778,0.0,0.0,0.0,-1.6694499999999999,0.0,0.0,0.0,0.0,0.0,7.7530000000000125,-0.015415884355209651,0.0,2.252449416119091,0.11010420190386283,0.0,-5.277744524362629,0.0,-0.03321603156550823,10.883003950119019,562.989,253.8284947774615,164707.89763067625
-0.01101171635325605,0.0,0.8194116373390614,0.0,-0.03843952872053778,0.0,0.11010419825476692,0.0,1.886655581597269,2.4623831176790383e-06,0.0,-0.13167511218511238,0.0,0.0,0.0,-1.8264720000000003,0.0,0.0,0.0,0.0,0.0,7.949200000000014,-0.013213800335987371,0.0,2.449166526199277,0.11010420001836513,0.0,-5.670144467618818,0.0,-0.035818458499524176,11.043003797531128,673.681,300.0912505163789,190812.67729036804
-0.008809632404734074,0.0,0.8551827494019484,0.0,-0.041074367657858546,0.0,0.11010419659743076,0.0,1.6904556246914442,2.15630165214217e-06,0.0,-0.132366927795314,0.0,0.0,0.0,-1.9874180000000004,0.0,0.0,0.0,0.0,0.0,8.145400000000013,-0.01101171635325605,0.0,2.645883637339062,0.11010419825476692,0.0,-6.062544418402744,0.0,-0.03843952872053778,11.211004972457886,794.487,350.22579028874515,218844.3341859174
-0.006607548488549335,0.0,0.88702986227935,0.0,-0.04371937542009308,0.0,0.11010419502104318,0.0,1.4942556630487223,1.919482881425567e-06,0.0,-0.13287789698075034,0.0,0.0,0.0,-2.1522880000000004,0.0,0.0,0.0,0.0,0.0,8.34160000000001,-0.008809632404734074,0.0,2.8426007494019485,0.11010419659743076,0.0,-6.4549443753085685,0.0,-0.041074367657858546,11.385003805160522,925.404,404.2321149175873,248802.86778119105
-0.004405464603248492,0.0,0.9149529758859466,0.0,-0.046371893322197884,0.0,0.1101041935090411,0.0,1.298055697610941,1.7297637950533582e-06,0.0,-0.1332553026750148,0.0,0.0,0.0,-2.3210820000000005,0.0,0.0,0.0,0.0,0.0,8.537800000000008,-0.006607548488549335,0.0,3.0393178622793506,0.11010419502104318,0.0,-6.847344336951288,0.0,-0.04371937542009308,11.552005052566528,1066.43,462.11022502608387,280688.2775699729
-0.002203380747511598,0.0,0.9389520901494223,0.0,-0.04902995663170786,0.0,0.11010419206464833,0.0,1.101855728736634,1.5579594338454666e-06,0.0,-0.1335340066657923,0.0,0.0,0.0,-2.4938000000000007,0.0,0.0,0.0,0.0,0.0,8.734000000000005,-0.004405464603248492,0.0,3.2360349758859472,0.1101041935090411,0.0,-7.239744302389067,0.0,-0.046371893322197884,11.70500373840332,1217.56,523.860121084573,314500.5631158452
-1.2969203135936936e-06,0.0,0.959027205011401,0.0,-0.05169211628949621,0.0,0.11010419065515209,0.0,0.9056557574612485,1.4379587684979503e-06,0.0,-0.13373991462766815,0.0,0.0,0.0,-2.670442000000001,0.0,0.0,0.0,0.0,0.0,8.930200000000003,-0.002203380747511598,0.0,3.432752090149423,0.11010419206464833,0.0,-7.632144271263371,0.0,-0.04902995663170786,11.865004777908325,1378.81,589.4818034490714,350239.7240722388
0.00220078687877646,0.0,0.9751783204314701,0.0,-0.05435730070396411,0.0,0.11010418925385329,0.0,0.7094557845456586,1.356031809096432e-06,0.0,-0.13389198925798546,0.0,0.0,0.0,-2.851008000000001,0.0,0.0,0.0,0.0,0.0,9.1264,-1.2969203135936936e-06,0.0,3.629469205011402,0.11010419065515209,0.0,-8.024544242538754,0.0,-0.05169211628949621,12.03400444984436,1550.16,658.9752723861692,387905.7600913798
0.0044028706491485575,0.0,0.9874054363926412,0.0,-0.05702471717364214,0.0,0.1101041877833564,0.0,0.5132558115714356,1.3532876609905533e-06,0.0,-0.1340042410688156,0.0,0.0,0.0,-3.035498000000001,0.0,0.0,0.0,0.0,0.0,9.322599999999998,0.00220078687877646,0.0,3.8261863204314714,0.11010418925385329,0.0,-8.416944215454341,0.0,-0.05435730070396411,12.191002368927002,1731.61,732.3405281006952,427498.67088410584
0.0066049543893833655,0.0,0.9957085528944016,0.0,-0.05969378164414191,0.0,0.11010418624012436,0.0,0.31705583860460584,1.3538591684008922e-06,0.0,-0.1340871518059968,0.0,0.0,0.0,-3.223912000000001,0.0,0.0,0.0,0.0,0.0,9.518799999999995,0.0044028706491485575,0.0,4.022903436392642,0.1101041877833564,0.0,-8.809344188428563,0.0,-0.05702471717364214,12.348003625869751,1923.18,809.5775707576018,469018.4561227297
0.008807038097945911,0.0,1.0000876699382246,0.0,-0.06236406273098432,0.0,0.11010418461613036,0.0,0.12085586577769689,1.3610788299988735e-06,0.0,-0.13414839111127155,0.0,0.0,0.0,-3.416250000000001,0.0,0.0,0.0,0.0,0.0,9.714999999999993,0.0066049543893833655,0.0,4.219620552894403,0.11010418624012436,0.0,-9.20174416139539,0.0,-0.05969378164414191,12.505002737045288,2124.86,890.6864004905656,512465.1156350004
0.011009121773167617,0.0,1.0005427875276338,0.0,-0.06503524337414147,0.0,0.11010418290604024,0.0,-0.07534410683677889,1.3719432802330143e-06,0.0,-0.13419370228106378,0.0,0.0,0.0,-3.612512000000001,0.0,0.0,0.0,0.0,0.0,9.91119999999999,0.008807038097945911,0.0,4.416337669938226,0.11010418461613036,0.0,-9.594144134222296,0.0,-0.06236406273098432,12.677003860473633,2336.64,975.6670174086398,557838.6492742893
0.013211205413788563,0.0,0.9970739056596015,0.0,-0.0677070907229497,0.0,0.1101041811560543,0.0,-0.27154407996645574,1.3463624303225464e-06,0.0,-0.13422731572954924,0.0,0.0,0.0,-3.812698000000001,0.0,0.0,0.0,0.0,0.0,10.107399999999988,0.011009121773167617,0.0,4.613054787527635,0.11010418290604024,0.0,-9.986544106836769,0.0,-0.06503524337414147,12.852004528045654,2558.53,1064.5194216018658,605139.056926321
0.015413289018651062,0.0,0.9896810243295304,0.0,-0.07037942671304374,0.0,0.11010417933019556,0.0,-0.4677440530406521,1.3493819550350937e-06,0.0,-0.13425198374490108,0.0,0.0,0.0,-4.016808,0.0,0.0,0.0,0.0,0.0,10.303599999999985,0.013211205413788563,0.0,4.809771905659603,0.1101041811560543,0.0,-10.378944079966443,0.0,-0.0677070907229497,13.026003122329712,2790.53,1157.2436131377813,654366.3385816679
0.017615372586218852,0.0,0.9783641435387491,0.0,-0.07305212316897043,0.0,0.11010417742658346,0.0,-0.663944026037476,1.353509569868318e-06,0.0,-0.13427021259606947,0.0,0.0,0.0,-4.224842,0.0,0.0,0.0,0.0,0.0,10.499799999999983,0.015413289018651062,0.0,5.006489024329531,0.11010417933019556,0.0,-10.771344053040638,0.0,-0.07037942671304374,13.202003955841064,3032.64,1253.839592079536,705520.4941159739
0.019817456114919096,0.0,0.9631232632889861,0.0,-0.07572508541412218,0.0,0.1101041754434407,0.0,-0.8601439989388284,1.3585558195396095e-06,0.0,-0.13428368516392689,0.0,0.0,0.0,-4.4368,0.0,0.0,0.0,0.0,0.0,10.69599999999998,0.017615372586218852,0.0,5.203206143538749,0.11010417742658346,0.0,-11.16374402603746,0.0,-0.07305212316897043,13.371003866195679,3284.88,1354.3073584820488,758601.5234749203
0.022019539603087928,0.0,0.9439583835830438,0.0,-0.07839824351087908,0.0,0.11010417337344258,0.0,-1.0563439716554,1.3680920661770495e-06,0.0,-0.1342936442616135,0.0,0.0,0.0,-4.652681999999999,0.0,0.0,0.0,0.0,0.0,10.892199999999978,0.019817456114919096,0.0,5.399923263288986,0.1101041754434407,0.0,-11.556143998938808,0.0,-0.07572508541412218,13.540003061294556,3547.5,1458.646912394678,813609.4266159845
0.02422162305869136,0.0,0.9208695043009738,0.0,-0.08107158512487408,0.0,0.11010417218690005,0.0,-1.2525439565516099,7.575162605005997e-07,0.0,-0.1343029837415182,0.0,0.0,0.0,-4.872487999999999,0.0,0.0,0.0,0.0,0.0,11.088399999999975,0.022019539603087928,0.0,5.5966403835830425,0.11010417337344258,0.0,-11.948543971655377,0.0,-0.07839824351087908,13.712002754211426,3820.55,1566.8582538896967,870544.203497194
0.02642370647984742,0.0,0.8938566254478744,0.0,-0.08374498328040392,0.0,0.11010416992870653,0.0,-1.4487439287583463,1.3942425902272708e-06,0.0,-0.13430594425251977,0.0,0.0,0.0,-5.096217999999999,0.0,0.0,0.0,0.0,0.0,11.284599999999973,0.02422162305869136,0.0,5.793357504300973,0.11010417218690005,0.0,-12.340943956551586,0.0,-0.08107158512487408,13.88400411605835,4104.1,1678.9413828538798,929405.8556452936
0.028625789854845533,0.0,0.8629197471535706,0.0,-0.08641846189494776,0.0,0.11010416757110458,0.0,-1.6449439006720328,1.4092545117419401e-06,0.0,-0.13431010634053703,0.0,0.0,0.0,-5.323871999999998,0.0,0.0,0.0,0.0,0.0,11.48079999999997,0.02642370647984742,0.0,5.990074625447873,0.11010416992870653,0.0,-12.73334392875832,0.0,-0.08374498328040392,14.05699348449707,4398.51,1794.896299413956,990194.3799460264
0.030827873181120066,0.0,0.8280588694304027,0.0,-0.08909198738571106,0.0,0.11010416505634862,0.0,-1.8411438716447555,1.4568002921631944e-06,0.0,-0.13431258130856358,0.0,0.0,0.0,-5.555449999999998,0.0,0.0,0.0,0.0,0.0,11.676999999999968,0.028625789854845533,0.0,6.186791747153569,0.11010416757110458,0.0,-13.125743900672003,0.0,-0.08641846189494776,14.229991674423218,4703.96,1914.7230036382127,1052909.7779139671
0.03302995645571252,0.0,0.7892739922945522,0.0,-0.09176553863380911,0.0,0.11010416240289667,0.0,-2.0373438419403134,1.4911360416133617e-06,0.0,-0.13431399531230784,0.0,0.0,0.0,-5.790951999999996,0.0,0.0,0.0,0.0,0.0,11.873199999999965,0.030827873181120066,0.0,6.3835088694304005,0.11010416505634862,0.0,-13.518143871644723,0.0,-0.08909198738571106,14.39197564125061,5020.94,2038.421495575759,1117552.0494386316
0.035232039676053074,0.0,0.7465651157569432,0.0,-0.09443914460450749,0.0,0.110104159631159,0.0,-2.2335438118205855,1.5123496359117298e-06,0.0,-0.13431686448221822,0.0,0.0,0.0,-6.030377999999996,0.0,0.0,0.0,0.0,0.0,12.069399999999963,0.03302995645571252,0.0,6.580225992294548,0.11010416240289667,0.0,-13.910543841940278,0.0,-0.09176553863380911,14.550976276397705,5349.53,2165.991775304712,1184121.19453447
0.03743412283943654,0.0,0.6999322398292248,0.0,-0.09711279109962767,0.0,0.11010415670718765,0.0,-2.4297437809512528,1.5503752380767081e-06,0.0,-0.13431902037115812,0.0,0.0,0.0,-6.273727999999996,0.0,0.0,0.0,0.0,0.0,12.26559999999996,0.035232039676053074,0.0,6.776943115756939,0.110104159631159,0.0,-14.302943811820548,0.0,-0.09443914460450749,14.729976415634155,5689.71,2297.433842838028,1252617.2132646125
0.03963620594276199,0.0,0.6493753645265471,0.0,-0.09978643016799942,0.0,0.11010415362535719,0.0,-2.6259437493165305,1.5892241458385827e-06,0.0,-0.13431876728498032,0.0,0.0,0.0,-6.521001999999995,0.0,0.0,0.0,0.0,0.0,12.461799999999958,0.03743412283943654,0.0,6.97366023982922,0.11010415670718765,0.0,-14.695343780951212,0.0,-0.09711279109962767,14.893975019454956,6041.96,2432.7476981962463,1323040.1055699429
0.04183828900267293,0.0,0.5948944896660288,0.0,-0.10246020518953858,0.0,0.110104152365737,0.0,-2.822143736735294,6.322067258027668e-07,0.0,-0.13432571735896376,0.0,0.0,0.0,-6.7721999999999944,0.0,0.0,0.0,0.0,0.0,12.657999999999955,0.03963620594276199,0.0,7.170377364526542,0.11010415362535719,0.0,-15.087743749316488,0.0,-0.09978643016799942,15.052976131439209,6406.71,2571.93334155523,1395389.8713993307
0.0440403720157707,0.0,0.5364896152641071,0.0,-0.10513382053284687,0.0,0.11010414894404047,0.0,-3.018343703456868,1.672693693943847e-06,0.0,-0.1343178154291079,0.0,0.0,0.0,-7.027321999999993,0.0,0.0,0.0,0.0,0.0,12.854199999999953,0.04183828900267293,0.0,7.367094489666023,0.110104152365737,0.0,-15.480143736735249,0.0,-0.10246020518953858,15.22197437286377,6783.95,2714.9907725241246,1469666.5139504669
0.04624245495871447,0.0,0.4741607415355312,0.0,-0.10780688885139506,0.0,0.11010414535033664,0.0,-3.2145436694007157,1.7122618673281824e-06,0.0,-0.13429045380974847,0.0,0.0,0.0,-7.286367999999992,0.0,0.0,0.0,0.0,0.0,13.05039999999995,0.0440403720157707,0.0,7.5638116152640995,0.11010414894404047,0.0,-15.87254370345682,0.0,-0.10513382053284687,15.389976024627686,7173.7,2861.919991073179,1545870.0268377634
0.04844453782806915,0.0,0.40790786849541744,0.0,-0.11047949342266453,0.0,0.11010414158513149,0.0,-3.410743634610665,1.749660211194118e-06,0.0,-0.1342672758215491,0.0,0.0,0.0,-7.549337999999992,0.0,0.0,0.0,0.0,0.0,13.246599999999948,0.04624245495871447,0.0,7.7605287415355235,0.11010414535033664,0.0,-16.264943669400665,0.0,-0.10780688885139506,15.546976089477539,7575.94,3012.7209977161297,1624000.4126486173
0.05064662062029656,0.0,0.33773099615905733,0.0,-0.11315169347342323,0.0,0.11010413763760935,0.0,-3.606943599025343,1.7901801723862554e-06,0.0,-0.13424707321225637,0.0,0.0,0.0,-7.8162319999999905,0.0,0.0,0.0,0.0,0.0,13.442799999999945,0.04844453782806915,0.0,7.957245868495409,0.11010414158513149,0.0,-16.657343634610612,0.0,-0.11047949342266453,15.705974578857422,7990.68,3167.3937924884754,1704057.671434482
0.05284870333157223,0.0,0.26363012454354157,0.0,-0.11582605287280345,0.0,0.1101041334899574,0.0,-3.803143562526238,1.8367006520481673e-06,0.0,-0.13435567549939484,0.0,0.0,0.0,-8.08704999999999,0.0,0.0,0.0,0.0,0.0,13.638999999999943,0.05064662062029656,0.0,8.153962996159049,0.11010413763760935,0.0,-17.049743599025287,0.0,-0.11315169347342323,15.879975080490112,8417.91,3325.938377133039,1786041.8032113796
0.05505078595793437,0.0,0.18560525366635758,0.0,-0.11850037647434991,0.0,0.11010412914625678,0.0,-3.999343525192162,1.879295732550119e-06,0.0,-0.13435399718528881,0.0,0.0,0.0,-8.36179199999999,0.0,0.0,0.0,0.0,0.0,13.83519999999994,0.05284870333157223,0.0,8.350680124543532,0.1101041334899574,0.0,-17.44214356252618,0.0,-0.11582605287280345,16.056979417800903,8857.65,3488.3547484975907,1869952.8108919966
0.05725286852728002,0.0,0.10365638327657188,0.0,-0.121174715450223,0.0,0.11010412778830841,0.0,-4.195543513786407,5.743153410994514e-07,0.0,-0.13435488968263368,0.0,0.0,0.0,-8.64045799999999,0.0,0.0,0.0,0.0,0.0,14.031399999999937,0.05505078595793437,0.0,8.547397253666349,0.11010412914625678,0.0,-17.834543525192103,0.0,-0.11850037647434991,16.233949422836304,9310.13,3654.6429081527526,1955790.6920573441
0.059454951035814704,0.0,0.017783513388714128,0.0,-0.12384857312862245,0.0,0.11010412306516015,0.0,-4.391743474999369,1.95367764483994e-06,0.0,-0.13433083006394778,0.0,0.0,0.0,-8.923047999999989,0.0,0.0,0.0,0.0,0.0,14.227599999999935,0.05725286852728002,0.0,8.744114383276562,0.11010412778830841,0.0,-18.226943513786345,0.0,-0.121174715450223,16.3999502658844,9776.09,3824.802855557956,2043555.4516207862
0.06165703344792074,0.0,-0.07201335571606987,0.0,-0.12652221495245392,0.0,0.1101041181454433,0.0,-4.5879434354790325,1.9912688917914437e-06,0.0,-0.1343201058630889,0.0,0.0,0.0,-9.209561999999988,0.0,0.0,0.0,0.0,0.0,14.423799999999932,0.059454951035814704,0.0,8.940831513388703,0.11010412306516015,0.0,-18.619343474999305,0.0,-0.12384857312862245,16.574950218200684,10255.6,3998.8345912590376,2133247.079344942
0.06385911575964963,0.0,-0.16573422402329754,0.0,-0.12919577751480263,0.0,0.11010411302744572,0.0,-4.784143395243734,2.0279750210144604e-06,0.0,-0.13431624388753105,0.0,0.0,0.0,-9.499999999999986,0.0,0.0,0.0,0.0,0.0,14.61999999999993,0.06165703344792074,0.0,9.137548644283918,0.1101041181454433,0.0,-19.011743435478966,0.0,-0.12652221495245392,16.74394965171814,10748.6,4176.738115460313,2224865.5803030757
0.06606119796704564,0.0,-0.26337909151905015,0.0,-0.131869249380048,0.0,0.1101041077121549,0.0,-4.980343354331526,2.0628020859204358e-06,0.0,-0.1343118073862173,0.0,0.0,0.0,-9.794361999999985,0.0,0.0,0.0,0.0,0.0,14.816199999999927,0.06385911575964963,0.0,9.334265775976688,0.11010411302744572,0.0,-19.404143395243665,0.0,-0.12919577751480263,16.91295051574707,11255.2,4358.513428121682,2318410.9546552342
0.06826328006583406,0.0,-0.3649479581875933,0.0,-0.13454254671843807,0.0,0.11010410216668637,0.0,-5.176543312522788,2.1087453582473593e-06,0.0,-0.13430315936042084,0.0,0.0,0.0,-10.092647999999983,0.0,0.0,0.0,0.0,0.0,15.012399999999925,0.06606119796704564,0.0,9.530982908480935,0.1101041077121549,0.0,-19.796543354331455,0.0,-0.131869249380048,17.082950830459595,11775.3,4544.160529254525,2413883.202385123
0.07045034941913536,0.0,-0.4703299153179483,0.0,-0.13721639230945437,0.0,0.10860283316344382,0.0,-5.361652400512717,0.5596028454074549,0.0,-0.13433082292832013,0.0,0.0,0.0,-10.394857999999982,0.0,0.0,0.0,0.0,0.0,15.208599999999922,0.06826328006583406,0.0,9.727700041812389,0.11010410216668637,0.0,-20.188943312522714,0.0,-0.13454254671843807,17.25492548942566,12321.4,4733.695077233266,2511282.3233266454
0.07256604211380838,0.0,-0.5791167775699162,0.0,-0.13966478995907097,0.0,0.10296643630385743,0.0,-5.517033824684073,2.060294337126149,0.0,-0.12300468453034172,0.0,0.0,0.0,-10.70099199999998,0.0,0.0,0.0,0.0,0.0,15.40479999999992,0.07045034941913536,0.0,9.924528084682033,0.10860283316344382,0.0,-20.57025240051264,0.0,-0.13721639230945437,17.42392635345459,12902.5,4927.389874447857,2608335.638449306
0.07453587536337439,0.0,-0.6907828382690622,0.0,-0.14131605272037084,0.0,0.09401688865274344,0.0,-5.649572245230515,3.2143782842415214,0.0,-0.08295758327780524,0.0,0.0,0.0,-11.011049999999978,0.0,0.0,0.0,0.0,0.0,15.600999999999917,0.07256604211380838,0.0,10.121875222430063,0.10296643630385743,0.0,-20.921833824683993,0.0,-0.13966478995907097,17.592902183532715,13512.4,5125.586914125967,2701054.3138858117
0.07630092274302747,0.0,-0.804925887545841,0.0,-0.1418462247724599,0.0,0.08248784931256387,0.0,-5.764732682447373,4.092777016950222,0.0,-0.02663525104578462,0.0,0.0,0.0,-11.325031999999977,0.0,0.0,0.0,0.0,0.0,15.797199999999915,0.07453587536337439,0.0,10.320267161730916,0.09401688865274344,0.0,-21.250572245230433,0.0,-0.14131605272037084,17.751900911331177,14151.3,5328.769149118998,2790645.50019042
0.07780984460726209,0.0,-0.9211963372819937,0.0,-0.14110431963039805,0.0,0.068404337110898,0.0,-5.862312291167888,4.981045796831586,0.0,0.03727248686713635,0.0,0.0,0.0,-11.642937999999976,0.0,0.0,0.0,0.0,0.0,15.993399999999912,0.07630092274302747,0.0,10.520106112454137,0.08248784931256387,0.0,-21.56193268244729,0.0,-0.1418462247724599,17.921900510787964,14823.5,5537.488052056733,2878111.6002363064
0.07901703480257855,0.0,-1.0392718942730153,0.0,-0.13896577154309156,0.0,0.05231468242074755,0.0,-5.945243407934259,5.720296517017709,0.0,0.10743831412703189,0.0,0.0,0.0,-11.964767999999975,0.0,0.0,0.0,0.0,0.0,16.189599999999917,0.07780984460726209,0.0,10.721741662717982,0.068404337110898,0.0,-21.8557122911678,0.0,-0.14110431963039805,18.097902059555054,15532.5,5752.115083207398,2963292.7399531878
0.07988968340403835,0.0,-1.1588972637371542,0.0,-0.13540513813478988,0.0,0.03495017772523293,0.0,-6.017293538479609,6.267917538730004,0.0,0.17888254650299065,0.0,0.0,0.0,-12.290521999999973,0.0,0.0,0.0,0.0,0.0,16.38579999999992,0.07901703480257855,0.0,10.925496105726959,0.05231468242074755,0.0,-22.134843407934177,0.0,-0.13896577154309156,18.269901752471924,16276.3,5973.051248569112,3046730.2492673416
0.08040879640406916,0.0,-1.2798847281575296,0.0,-0.13050068407578555,0.0,0.016961122277849155,0.0,-6.081452903557952,6.663020221041529,0.0,0.24639533271150382,0.0,0.0,0.0,-12.62019999999997,0.0,0.0,0.0,0.0,0.0,16.581999999999926,0.07988968340403835,0.0,11.131624736262818,0.03495017772523293,0.0,-22.40309353847953,0.0,-0.13540513813478988,18.43990206718445,17055.8,6200.704999761733,3129188.038953562
0.08056747968386391,0.0,-1.402100214023286,0.0,-0.12439919259102139,0.0,-0.0010927942983745293,0.0,-6.140095683017694,6.936845973946424,0.0,0.3065346676938408,0.0,0.0,0.0,-12.95380199999997,0.0,0.0,0.0,0.0,0.0,16.77819999999993,0.08040879640406916,0.0,11.34031527184244,0.016961122277849155,0.0,-22.66345290355788,0.0,-0.13050068407578555,18.607901573181152,17871.7,6435.439738822639,3211293.158296606
0.08036907577209595,0.0,-1.5254522504979968,0.0,-0.11729029087804699,0.0,-0.018747596878421133,0.0,-6.195107964453373,7.114362924313471,0.0,0.3571483115354971,0.0,0.0,0.0,-13.291327999999968,0.0,0.0,0.0,0.0,0.0,16.974399999999935,0.08056747968386391,0.0,11.551701785976682,-0.0010927942983745293,0.0,-22.918295683017625,0.0,-0.12439919259102139,18.78390073776245,18724.7,6677.578668049576,3293560.2931923023
0.07982524716483472,0.0,-1.6498832004015915,0.0,-0.10938267729248083,0.0,-0.03563526384770323,0.0,-6.247987025906105,7.215622759286881,0.0,0.3972781757088562,0.0,0.0,0.0,-13.632777999999966,0.0,0.0,0.0,0.0,0.0,17.17059999999994,0.08036907577209595,0.0,11.765875749501971,-0.018747596878421133,0.0,-23.16950796445331,0.0,-0.11729029087804699,18.954901456832886,19615.7,6927.409920179612,3376412.495703237
0.07895410623704704,0.0,-1.77536226938637,0.0,-0.10088792211218117,0.0,-0.05147882893106377,0.0,-6.299919872571752,7.25672620500255,0.0,0.4267798232052717,0.0,0.0,0.0,-13.978151999999966,0.0,0.0,0.0,0.0,0.0,17.366799999999945,0.07982524716483472,0.0,11.982894799598375,-0.03563526384770323,0.0,-23.418587025906046,0.0,-0.10938267729248083,19.1219003200531,20545.3,7185.19132049159,3460197.9629019145
0.07777847757759035,0.0,-1.9018799151481798,0.0,-0.09200943578880924,0.0,-0.06608403701460445,0.0,-6.351844703609234,7.2506269526032385,0.0,0.44606289728142323,0.0,0.0,0.0,-14.327449999999965,0.0,0.0,0.0,0.0,0.0,17.56299999999995,0.07895410623704704,0.0,12.202789730613596,-0.05147882893106377,0.0,-23.666719872571697,0.0,-0.10088792211218117,19.297892093658447,21514.3,7451.154708478571,3545203.8446494834
0.07632434766974447,0.0,-2.0294433564822802,0.0,-0.08293286284038341,0.0,-0.0793289537699826,0.0,-6.4044994298008175,7.2077516349744135,0.0,0.45601957062097154,0.0,0.0,0.0,-14.680671999999964,0.0,0.0,0.0,0.0,0.0,17.759199999999954,0.07777847757759035,0.0,12.425570084851785,-0.06608403701460445,0.0,-23.914844703609184,0.0,-0.09200943578880924,19.466894149780273,22523.4,7725.509716281076,3631667.357295522
0.07461953435663539,0.0,-2.158072952999575,0.0,-0.07382147201167091,0.0,-0.09115237754092552,0.0,-6.458460221928674,7.136488213008243,0.0,0.4577736073643698,0.0,0.0,0.0,-15.037817999999964,0.0,0.0,0.0,0.0,0.0,17.95539999999996,0.07632434766974447,0.0,12.651228643517683,-0.0793289537699826,0.0,-24.163699429800772,0.0,-0.08293286284038341,19.62289309501648,23573.4,8008.447018570358,3719784.763365044
0.07269258784198757,0.0,-2.287799279478793,0.0,-0.06481366544660934,0.0,-0.10154227392385727,0.0,-6.51417242599313,7.043573445644411,0.0,0.4525739625641214,0.0,0.0,0.0,-15.398887999999962,0.0,0.0,0.0,0.0,0.0,18.151599999999963,0.07461953435663539,0.0,12.87974504700039,-0.09115237754092552,0.0,-24.413860221928633,0.0,-0.07382147201167091,19.796894788742065,24665,8300.14111668223,3809718.649260846
0.07056981526805771,0.0,-2.4186283856892863,0.0,-0.05602280694649989,0.0,-0.11073498346912868,0.0,-6.5687381950561905,7.096612093436122,0.0,0.44167830530810526,0.0,0.0,0.0,-15.763881999999962,0.0,0.0,0.0,0.0,0.0,18.347799999999967,0.07269258784198757,0.0,13.111088720521169,-0.10154227392385727,0.0,-24.665772425993094,0.0,-0.06481366544660934,19.97189426422119,25801,8600.86650583681,3901603.8633260396
0.06827415141763245,0.0,-2.5505214614888385,0.0,-0.04750530123995774,0.0,-0.11883140157339865,0.0,-6.620569384899045,7.2297830763290065,0.0,0.4279482309258325,0.0,0.0,0.0,-16.13279999999996,0.0,0.0,0.0,0.0,0.0,18.543999999999972,0.07056981526805771,0.0,13.345253614310675,-0.11073498346912868,0.0,-24.91653819505616,0.0,-0.05602280694649989,20.146897077560425,27000.2,8910.765597987995,3994750.2527312683
0.06582819026833235,0.0,-2.6834364655485077,0.0,-0.039296178809175665,0.0,-0.12576471335661205,0.0,-6.670931021067868,7.300153967081455,0.0,0.4124575775089863,0.0,0.0,0.0,-16.50564199999996,0.0,0.0,0.0,0.0,0.0,18.740199999999977,0.06827415141763245,0.0,13.582278538511122,-0.11883140157339865,0.0,-25.164569384899018,0.0,-0.04750530123995774,20.308892965316772,28249.6,9229.987060982314,4088774.408202472
0.06325537090760915,0.0,-2.8173539543779507,0.0,-0.031438044132970897,0.0,-0.13151722271570937,0.0,-6.720817861876411,7.321309977816672,0.0,0.3948257562354641,0.0,0.0,0.0,-16.88240799999996,0.0,0.0,0.0,0.0,0.0,18.93639999999998,0.06582819026833235,0.0,13.822205534451452,-0.12576471335661205,0.0,-25.411131021067845,0.0,-0.039296178809175665,20.479894161224365,29550.1,9558.801547424784,4184003.199549628
0.06057910884277383,0.0,-2.9522722181769727,0.0,-0.02397271329837034,0.0,-0.1361089837678226,0.0,-6.771008518025776,7.304076389464426,0.0,0.37509234527102125,0.0,0.0,0.0,-17.263097999999957,0.0,0.0,0.0,0.0,0.0,19.132599999999986,0.06325537090760915,0.0,14.06505404562201,-0.13151722271570937,0.0,-25.657217861876394,0.0,-0.031438044132970897,20.652893781661987,30902.8,9897.453394287078,4280704.300452478
0.05782213796858073,0.0,-3.088203383245808,0.0,-0.016934032267990496,0.0,-0.1395881036514866,0.0,-6.8221079888577725,7.257111656850803,0.0,0.35365779022805893,0.0,0.0,0.0,-17.647711999999956,0.0,0.0,0.0,0.0,0.0,19.32879999999999,0.06057910884277383,0.0,14.310825781822984,-0.1361089837678226,0.0,-25.903608518025763,0.0,-0.02397271329837034,20.822893142700195,32308.4,10246.164836650518,4379097.194938499
0.05500603523252606,0.0,-3.2251702990198403,0.0,-0.010349184065602642,0.0,-0.1420221699539807,0.0,-6.874583588545465,7.187250504173582,0.0,0.3308568858647992,0.0,0.0,0.0,-18.036249999999956,0.0,0.0,0.0,0.0,0.0,19.524999999999995,0.05782213796858073,0.0,14.559508616754147,-0.1395881036514866,0.0,-26.150907988857764,0.0,-0.016934032267990496,20.979893684387207,33768,10605.139478654519,4479361.974014061
0.052150896368308365,0.0,-3.36320405784055,0.0,-0.004234936512128695,0.0,-0.14349171646778908,0.0,-6.92879229352551,7.099944969575475,0.0,0.3072129834660298,0.0,0.0,0.0,-18.42871199999996,0.0,0.0,0.0,0.0,0.0,19.7212,0.05500603523252606,0.0,14.811079700980116,-0.1420221699539807,0.0,-26.39958358854546,0.0,-0.010349184065602642,21.15389370918274,35282.4,10974.565350009529,4581646.993118327
0.04927513354279064,0.0,-3.5023420100637725,0.0,0.0014031132428715509,0.0,-0.14408456608398373,0.0,-6.98500292879672,6.999531003545453,0.0,0.2832874130915309,0.0,0.0,0.0,-18.825097999999958,0.0,0.0,0.0,0.0,0.0,19.917400000000004,0.052150896368308365,0.0,15.065507942159408,-0.14349171646778908,0.0,-26.64999229352551,0.0,-0.004234936512128695,21.330953359603882,36852.6,11354.617361349674,4686074.731618057
0.046395375545150934,0.0,-3.6426261878584767,0.0,0.006567185157784928,0.0,-0.14389123367998663,0.0,-7.043414850673698,6.889410687833649,0.0,0.2594730139025351,0.0,0.0,0.0,-19.22540799999996,0.0,0.0,0.0,0.0,0.0,20.11360000000001,0.04927513354279064,0.0,15.322755989936185,-0.14408456608398373,0.0,-26.902402928796725,0.0,0.0014031132428715509,21.49889373779297,38479.3,11745.459323817446,4792746.624200759
0.043526445776192184,0.0,-3.784102057281743,0.0,0.011267049388358623,0.0,-0.14300174321588793,0.0,-7.104172091652958,6.772283987776267,0.0,0.23614921649459214,0.0,0.0,0.0,-19.629641999999958,0.0,0.0,0.0,0.0,0.0,20.309800000000013,0.046395375545150934,0.0,15.582781812141482,-0.14389123367998663,0.0,-27.157014850673708,0.0,0.006567185157784928,21.671895265579224,40163.6,12147.245677644218,4901747.224752212
0.04068139633447203,0.0,-3.9268175334813367,0.0,0.015518237675800727,0.0,-0.14150320095612728,0.0,-7.167375528306372,6.650250275535968,0.0,0.21360557878182446,0.0,0.0,0.0,-20.037799999999958,0.0,0.0,0.0,0.0,0.0,20.506000000000018,0.043526445776192184,0.0,15.845539942718215,-0.14300174321588793,0.0,-27.413972091652973,0.0,0.011267049388358623,21.840893268585205,41906.2,12560.122836402976,5013147.3645732645
0.03787240665866107,0.0,-4.070769115908518,0.0,0.01934083319479423,0.0,-0.13939576662496939,0.0,-7.227782714411673,6.790458302813648,0.0,0.19207084754126036,0.0,0.0,0.0,-20.44988199999996,0.0,0.0,0.0,0.0,0.0,20.702200000000023,0.04068139633447203,0.0,16.11098246651862,-0.14150320095612728,0.0,-27.67337552830639,0.0,0.015518237675800727,21.997878313064575,43719.8,12984.407091268056,5127006.940573633
0.035111084888053506,0.0,-4.215911945978511,0.0,0.02274607488692183,0.0,-0.13673641043578694,0.0,-7.286500292587667,6.875406985396345,0.0,0.17110067880942492,0.0,0.0,0.0,-20.86588799999996,0.0,0.0,0.0,0.0,0.0,20.898400000000027,0.03787240665866107,0.0,16.37911288409144,-0.13939576662496939,0.0,-27.929982714411697,0.0,0.01934083319479423,22.166878700256348,45623.2,13420.104202981049,5241902.5643195715
0.03240780651221213,0.0,-4.3622215415038985,0.0,0.025746769565833,0.0,-0.13359142714835065,0.0,-7.344459259951086,6.913840109574867,0.0,0.15077388807788672,0.0,0.0,0.0,-21.28581799999996,0.0,0.0,0.0,0.0,0.0,21.09460000000003,0.035111084888053506,0.0,16.649976054021447,-0.13673641043578694,0.0,-28.184900292587695,0.0,0.02274607488692183,22.32487916946411,47596.1,13867.510004373453,5358153.770603706
0.029771585704735794,0.0,-4.509690034129583,0.0,0.02835891140419876,0.0,-0.13003065359928295,0.0,-7.402390002617373,6.91575495370623,0.0,0.13125065860607552,0.0,0.0,0.0,-21.70967199999996,0.0,0.0,0.0,0.0,0.0,21.290800000000036,0.03240780651221213,0.0,16.92359645849606,-0.13359142714835065,0.0,-28.43905925995112,0.0,0.025746769565833,22.49887752532959,49639.7,14326.894605468704,5476038.842562527
0.027210040927205217,0.0,-4.658322566201979,0.0,0.030601709214227897,0.0,-0.12612382415377482,0.0,-7.460863204622227,6.889109921156654,0.0,0.11269253929716212,0.0,0.0,0.0,-22.13744999999996,0.0,0.0,0.0,0.0,0.0,21.48700000000004,0.029771585704735794,0.0,17.199981965870375,-0.13003065359928295,0.0,-28.69319000261741,0.0,0.02835891140419876,22.669877767562866,51755.1,14798.50350975841,5595785.653493083
0.02472942250881216,0.0,-4.808134423089323,0.0,0.032497156843149896,0.0,-0.12193801768553093,0.0,-7.520322484112145,6.840238596241703,0.0,0.09523948800601487,0.0,0.0,0.0,-22.56915199999996,0.0,0.0,0.0,0.0,0.0,21.683200000000046,0.027210040927205217,0.0,17.47912743379798,-0.12612382415377482,0.0,-28.94786320462227,0.0,0.030601709214227897,22.836878299713135,53943.4,15282.561686533489,5717581.320152132
0.022334682721920174,0.0,-4.959148752171304,0.0,0.03406937339587366,0.0,-0.11753596100366755,0.0,-7.581110424085966,6.774179674241792,0.0,0.07899830651637613,0.0,0.0,0.0,-23.004777999999963,0.0,0.0,0.0,0.0,0.0,21.87940000000005,0.02472942250881216,0.0,17.76101757691064,-0.12193801768553093,0.0,-29.20352248411219,0.0,0.032497156843149896,22.995877504348755,56205.8,15779.27694138501,5841580.036685363
0.02002957316054297,0.0,-5.111394749642032,0.0,0.035343822668061645,0.0,-0.11297499513405286,0.0,-7.64348932298678,6.694940161992241,0.0,0.06403657184882648,0.0,0.0,0.0,-23.444327999999963,0.0,0.0,0.0,0.0,0.0,22.075600000000055,0.022334682721920174,0.0,18.045629247828657,-0.11753596100366755,0.0,-29.460510424086017,0.0,0.03406937339587366,23.166877031326294,58543.2,16288.842688879187,5967909.418300775
0.01781675771178228,0.0,-5.26490622014291,0.0,0.03634654626544945,0.0,-0.10830654974201583,0.0,-7.707657727101092,6.605705241399246,0.0,0.05038332463719038,0.0,0.0,0.0,-23.887801999999965,0.0,0.0,0.0,0.0,0.0,22.27180000000006,0.02002957316054297,0.0,18.332933250357932,-0.11297499513405286,0.0,-29.719089322986836,0.0,0.035343822668061645,23.32278847694397,60956.7,16811.440222718426,6096675.627344385
0.01569793227373062,0.0,-5.419720433372141,0.0,0.03710348930661511,0.0,-0.10357599406315017,0.0,-7.773763595821971,6.5090055212567774,0.0,0.03803372184809678,0.0,0.0,0.0,-24.335199999999965,0.0,0.0,0.0,0.0,0.0,22.468000000000064,0.01781675771178228,0.0,18.622895779857053,-0.10830654974201583,0.0,-29.979457727101153,0.0,0.03634654626544945,23.494730234146118,63447.5,17347.240567870595,6227967.508277303
0.01367394473024492,0.0,-5.575877218612914,0.0,0.03764052775228335,0.0,-0.09882276028541977,0.0,-7.841914928255412,6.406842923179299,0.0,0.026984291726054047,0.0,0.0,0.0,-24.786521999999966,0.0,0.0,0.0,0.0,0.0,22.66420000000007,0.01569793227373062,0.0,18.915479566627823,-0.10357599406315017,0.0,-30.241763595822036,0.0,0.03710348930661511,23.665729999542236,66016.4,17896.40598309954,6361859.918508221
0.011744911624736325,0.0,-5.73341824413139,0.0,0.03798118863614192,0.0,-0.09408055026543989,0.0,-7.912187623592202,6.300828242305663,0.0,0.01711701078983878,0.0,0.0,0.0,-25.241767999999965,0.0,0.0,0.0,0.0,0.0,22.860400000000073,0.01367394473024492,0.0,19.210644781387053,-0.09882276028541977,0.0,-30.50611492825548,0.0,0.03764052775228335,23.83965039253235,68664.6,18459.091202300275,6498416.45328305
0.00991354172795066,0.0,-5.892301843473774,0.0,0.03814785667790871,0.0,-0.0890564394131267,0.0,-7.976172310646176,6.6155367634214475,0.0,0.008374482732881437,0.0,0.0,0.0,-25.70093799999997,0.0,0.0,0.0,0.0,0.0,23.056600000000078,0.011744911624736325,0.0,19.508349755868576,-0.09408055026543989,0.0,-30.772587623592276,0.0,0.03798118863614192,24.015650272369385,71441.1,19035.7154890662,6637691.454562698
0.008183244569830245,0.0,-6.052455446316047,0.0,0.03811445863572326,0.0,-0.08397327639891468,0.0,-8.039187973581113,6.664065235591905,0.0,-0.0016781341220478809,0.0,0.0,0.0,-26.16403199999997,0.0,0.0,0.0,0.0,0.0,23.252800000000082,0.00991354172795066,0.0,19.808636156526195,-0.0890564394131267,0.0,-31.032772310646255,0.0,0.03814785667790871,24.184648752212524,74319.8,19626.143933129304,6777122.541263646
0.006554667376506946,0.0,-6.213866707225758,0.0,0.03789210534306203,0.0,-0.07888444293341514,0.0,-8.101938117389976,6.677342349968852,0.0,-0.011172470740871663,0.0,0.0,0.0,-26.631049999999973,0.0,0.0,0.0,0.0,0.0,23.449000000000087,0.008183244569830245,0.0,20.111576553683925,-0.08397327639891468,0.0,-31.291987973581193,0.0,0.03811445863572326,24.35665011405945,77291.9,20230.90425837098,6918362.970010184
0.005027460907334825,0.0,-6.376535840579637,0.0,0.037497072002874006,0.0,-0.07383620398379699,0.0,-8.164975217997847,6.662927751936565,0.0,-0.019849035957971786,0.0,0.0,0.0,-27.101991999999974,0.0,0.0,0.0,0.0,0.0,23.64520000000009,0.006554667376506946,0.0,20.417183292774215,-0.07888444293341514,0.0,-31.55093811739006,0.0,0.03789210534306203,24.529648780822754,80358.6,20850.267925504006,7061653.856143821
0.003600422717425381,0.0,-6.540472905501878,0.0,0.03694828799685872,0.0,-0.06886761500714746,0.0,-8.228731274226318,6.626855422856096,0.0,-0.027574467024923995,0.0,0.0,0.0,-27.576857999999977,0.0,0.0,0.0,0.0,0.0,23.841400000000096,0.005027460907334825,0.0,20.72545615942034,-0.07383620398379699,0.0,-31.810175217997937,0.0,0.037497072002874006,24.700649976730347,83521.3,21484.483183754295,7207193.3175328765
0.002271638497302963,0.0,-6.705695641241705,0.0,0.03626585457677961,0.0,-0.06401080700509433,0.0,-8.293542299756352,6.573935502466815,0.0,-0.03428988199156468,0.0,0.0,0.0,-28.055647999999977,0.0,0.0,0.0,0.0,0.0,24.0376000000001,0.003600422717425381,0.0,21.036385094498097,-0.06886761500714746,0.0,-32.07013127422641,0.0,0.03694828799685872,24.869648694992065,86781.1,22133.778927681957,7355144.693387817
0.0010386156584364836,0.0,-6.872227742769721,0.0,0.03546994706200282,0.0,-0.05929147688155363,0.0,-8.359667853045307,6.508001568069599,0.0,-0.039991559506297084,0.0,0.0,0.0,-28.538361999999978,0.0,0.0,0.0,0.0,0.0,24.233800000000105,0.002271638497302963,0.0,21.349952358758273,-0.06401080700509433,0.0,-32.33114229975645,0.0,0.03626585457677961,25.038650512695312,90139.5,22798.367869141228,7505643.22942156
-0.00010159414158094948,0.0,-7.04009748741426,0.0,0.03458003365430739,0.0,-0.05472950312018969,0.0,-8.42730661140863,6.432107830206709,0.0,-0.04471502985790456,0.0,0.0,0.0,-29.02499999999998,0.0,0.0,0.0,0.0,0.0,24.43000000000011,0.0010386156584364836,0.0,21.666134257230258,-0.05929147688155363,0.0,-32.59346785304541,0.0,0.03546994706200282,25.211650133132935,93597.6,23478.449131682537,7658801.475074645
-0.0011522853961911097,0.0,-7.209336641448723,0.0,0.033614350029890036,0.0,-0.050339622340826326,0.0,-8.49660879203764,6.348686402392548,0.0,-0.04852222306825046,0.0,0.0,0.0,-29.515561999999985,0.0,0.0,0.0,0.0,0.0,24.626200000000114,-0.00010159414158094948,0.0,21.98490251258572,-0.05472950312018969,0.0,-32.85730661140874,0.0,0.03458003365430739,25.38564968109131,97156.6,24174.210367527332,7814713.636757915
