-0.3,0.0,-0.0019620000008336207,-1.757920874195525e-16,0.005523934562354926,-4.85533228367452e-19,0.0,0.0,-0.19620000008336205,-4.168102490686333e-09,-8.789537319462593e-15,0.27619743043875394,0.0,0.0,0.0,0.218038,0.0,0.0,0.0,0.0,0.0,-4.803799999999999,-0.3,0.0,-0.12,0.0,0.0,5.0,0.0,-0.0,0.05000019073486328,40423,1.2590342510290484,149.9031587452
-0.3000000000000039,-1.2655458367774196e-28,-0.007848000003220772,-3.1721706291489187e-16,0.010435034273584843,-1.6961791017036712e-18,-3.976779385718081e-13,-1.2655458367774196e-26,-0.3924000001553531,-3.5996078206361676e-09,-7.0707927315665714e-15,0.2455564157141582,0.0,0.0,0.0,0.312152,0.0,0.0,0.0,0.0,0.0,-4.607599999999998,-0.3,0.0,-0.22000000000083364,0.0,0.0,4.607599999916637,-1.757920874195525e-16,0.005523934562354926,0.25100040435791016,33560.9,1.0714353113191795,113.02470793204871
-0.3000000000000179,-5.641664600688625e-28,-0.017658000006909463,-4.2809085101405946e-16,0.014801293605489154,-3.323411167041941e-18,-1.004632861236762e-12,-3.110572927133786e-26,-0.5886000002135161,-2.908308310762208e-09,-5.5427006472455815e-15,0.21831480431541064,0.0,0.0,0.0,0.4023419999999999,0.0,0.0,0.0,0.0,0.0,-4.411399999999997,-0.3000000000000039,-1.2655458367774196e-28,-0.32000000000322076,-3.976779385718081e-13,-1.2655458367774196e-26,4.2151999998446446,-3.1721706291489187e-16,0.010435034273584843,0.4050002098083496,27336.7,0.9004040641207963,85.39765788978241
-0.30000000000004406,-1.3617433181482074e-27,-0.031392000011589656,-5.118025666815496e-16,0.01868316081809468,-5.14793644561078e-18,-1.6113433800383927e-12,-4.8651956536596635e-26,-0.7848000002545035,-2.049593394977248e-09,-4.18409706528564e-15,0.19409539238569742,0.0,0.0,0.0,0.4886079999999999,0.0,0.0,0.0,0.0,0.0,-4.215199999999996,-0.3000000000000179,-5.641664600688625e-28,-0.4200000000069094,-1.004632861236762e-12,-3.110572927133786e-26,3.822799999786481,-4.2809085101405946e-16,0.014801293605489154,0.5620005130767822,21750.4,0.7459045969005544,67.02049428470207
-0.3000000000000798,-2.4324435373294087e-27,-0.04905000001687054,-5.713640614053616e-16,0.022134376639106033,-7.0174457482883e-18,-1.967897782961833e-12,-5.841806538152351e-26,-0.9810000002735857,-9.54268794280029e-10,-2.976200169604118e-15,0.17256287703310697,0.0,0.0,0.0,0.5709499999999998,0.0,0.0,0.0,0.0,0.0,-4.018999999999995,-0.30000000000004406,-1.3617433181482074e-27,-0.5200000000115895,-1.6113433800383927e-12,-4.8651956536596635e-26,3.430399999745492,-5.118025666815496e-16,0.01868316081809468,0.7159993648529053,16802,0.6079085582647026,57.89190383475412
-0.300000000000117,-3.544702548488872e-27,-0.07063200002224407,-6.094522836292512e-16,0.025202718848994516,-8.829526894814484e-18,-1.7505187651651951e-12,-5.280783573442289e-26,-1.1772000002637661,4.91084010321005e-10,-1.902290781860635e-15,0.1534191615671301,0.0,0.0,0.0,0.6493679999999997,0.0,0.0,0.0,0.0,0.0,-3.8227999999999955,-0.3000000000000798,-2.4324435373294087e-27,-0.6200000000168704,-1.967897782961833e-12,-5.841806538152351e-26,3.0379999997264093,-5.713640614053616e-16,0.022134376639106033,0.8699996471405029,12491.5,0.4863935684061897,58.01074506021396
-0.3000000000001395,-4.297930956533564e-27,-0.09613800002702232,-6.284473534420696e-16,0.027930664123983973,-1.0518583628058959e-17,-4.974925656850141e-13,-2.2515005070046255e-26,-1.3734000002140585,2.4861580723307016e-09,-9.475231592102675e-16,0.13639922537283986,0.0,0.0,0.0,0.7238619999999997,0.0,0.0,0.0,0.0,0.0,-3.6265999999999963,-0.300000000000117,-3.544702548488872e-27,-0.7200000000222437,-1.7505187651651951e-12,-5.280783573442289e-26,2.6455999997362296,-6.094522836292512e-16,0.025202718848994516,1.0329992771148682,8819,0.38134196421780653,67.37602374894304
-0.2999999999995828,7.997252362712115e-27,-0.12556800001102103,-6.304915261553656e-16,0.03035515902231129,-1.2045377013734407e-17,5.616755433739893e-11,1.252033336994614e-24,-1.5695999981858109,1.0145196499875479e-07,-9.998565764809566e-17,0.12122658530458204,0.0,0.0,0.0,0.7944319999999996,0.0,0.0,0.0,0.0,0.0,-3.430399999999997,-0.3000000000001395,-4.297930956533564e-27,-0.820000000027022,-4.974925656850141e-13,-2.2515005070046255e-26,2.253199999785938,-6.284473534420696e-16,0.027930664123983973,1.1969993114471436,5784.37,0.2927393123031389,85.98687229191013
-0.29999999999780413,4.664361696480097e-26,-0.15892199995315517,-6.174179617285e-16,0.032510982952150935,-1.3391178117920469e-17,1.2170043768820335e-10,2.6126031232142718e-24,-1.7657999960276023,1.0796014680861463e-07,6.558031239891522e-16,0.10779290108618819,0.0,0.0,0.0,0.8610779999999996,0.0,0.0,0.0,0.0,0.0,-3.2341999999999977,-0.2999999999995828,7.997252362712115e-27,-0.9200000000110207,5.616755433739893e-11,1.252033336994614e-24,1.8608000018141861,-6.304915261553656e-16,0.03035515902231129,1.3510000705718994,3387.66,0.2205758695987781,113.84254682072553
-0.2999999999945884,1.137344786878283e-25,-0.19619999984966932,-5.90921636163144e-16,0.034427874978198145,-1.4549955182584065e-17,1.9987750606522203e-10,4.096483049088461e-24,-1.9619999936238142,1.202529648444643e-07,1.3267763355052631e-15,0.09584616488406572,0.0,0.0,0.0,0.9237999999999995,0.0,0.0,0.0,0.0,0.0,-3.0379999999999985,-0.29999999999780413,4.664361696480097e-26,-1.0199999999531548,1.2170043768820335e-10,2.6126031232142718e-24,1.4684000039723955,-6.174179617285e-16,0.032510982952150935,1.5079998970031738,1628.87,0.16484210114523812,150.94236150647873
-0.2999999999895427,2.136430485515857e-25,-0.2374019996917127,-5.524966394449628e-16,0.036132273879023354,-1.552498222787926e-17,3.04693147120978e-10,5.894373937287282e-24,-2.158199990580518,1.5225504034360884e-07,1.9230010962895124e-15,0.0852213689734853,0.0,0.0,0.0,0.9825979999999995,0.0,0.0,0.0,0.0,0.0,-2.841799999999999,-0.2999999999945884,1.137344786878283e-25,-1.1199999998496688,1.9987750606522203e-10,4.096483049088461e-24,1.0760000063761843,-5.90921636163144e-16,0.034427874978198145,1.664011001586914,507.99,0.12553119868434062,197.28573596575023
-0.2999999999797109,3.8864157454739697e-25,-0.2825279993999165,-5.034538084962454e-16,0.037647687395779963,-1.6325627667907475e-17,6.784871625260313e-10,1.1605478662293837e-23,-2.3543999802398643,5.173703749760181e-07,2.4536592969382697e-15,0.07577196555529359,0.0,0.0,0.0,1.0374719999999995,0.0,0.0,0.0,0.0,0.0,-2.6456,-0.2999999999895427,2.136430485515857e-25,-1.2199999996917121,3.04693147120978e-10,5.894373937287282e-24,0.6836000094194814,-5.524966394449628e-16,0.036132273879023354,1.8229997158050537,25.0295,0.10263779520499336,252.87216052889343
-0.29998933195393984,1.4252102198573992e-19,-0.33129476854977685,-4.569389114545203e-16,0.038995016450515244,-1.6973085472883163e-17,0.0010668018986160327,1.425205172893787e-17,-2.5222769347461673,1.4171564582653384,2.3270249527145023e-15,0.06736761604038478,0.0,0.0,0.0,1.0884219999999996,0.0,0.0,0.0,0.0,0.0,-2.4494000000000007,-0.2999999999797109,3.8864157454739697e-25,-1.319999999399916,6.784871625260313e-10,1.1605478662293837e-23,0.29120001976013565,-5.034538084962454e-16,0.037647687395779963,1.9879989624023438,5.22627,0.19657428105861408,317.70118660887994
-0.2999480933380625,6.6049937754995165e-19,-0.38319217824195606,-4.175055357376563e-16,0.04016456107955658,-1.7484837139480987e-17,0.003057059689120636,3.7545783827483295e-17,-2.6674640344717515,2.5525855130044603,1.9727154868061024e-15,0.0584782523428645,0.0,0.0,0.0,1.1354479999999993,0.0,0.0,0.0,0.0,0.0,-2.2532000000000014,-0.29998933195393984,1.4252102198573992e-19,-1.4197167685497765,0.0010668018986160327,1.425205172893787e-17,-0.07287693474616663,-4.569389114545203e-16,0.038995016450515244,2.1570041179656982,7.99307,0.43157673031885874,389.66502679326493
-0.2998583908161877,1.7078868982090216e-18,-0.43779273367082594,-3.8468294852839224e-16,0.04115114064290695,-1.7880875798607165e-17,0.005913192498361904,6.719296823842371e-17,-2.792591508415234,3.556494571441948,1.6419630011384135e-15,0.049329846161531826,0.0,0.0,0.0,1.1785499999999995,0.0,0.0,0.0,0.0,0.0,-2.057000000000002,-0.2999480933380625,6.6049937754995165e-19,-1.5186401782419554,0.003057059689120636,3.7545783827483295e-17,-0.4142640344717501,-4.175055357376563e-16,0.04016456107955658,2.3089985847473145,11.6536,0.7610280573961865,468.07860698974747
-0.29970314755509253,3.3968680324606754e-18,-0.49470844693770816,-3.5789544438524774e-16,0.04195133760135893,-1.8178236937277534e-17,0.009611133611154347,1.0170514518674167e-16,-2.898979818272987,4.494389406437942,1.3400164485370692e-15,0.04001055569455525,0.0,0.0,0.0,1.2177279999999997,0.0,0.0,0.0,0.0,0.0,-1.8608000000000022,-0.2998583908161877,1.7078868982090216e-18,-1.6163427336708254,0.005913192498361904,6.719296823842371e-17,-0.735591508415232,-3.8468294852839224e-16,0.04115114064290695,2.468998670578003,16.0468,1.1723219558988132,552.1712534500452
-0.2994658585547198,5.814734571470251e-18,-0.5535764211020417,-3.3658868485891967e-16,0.04256243327578391,-1.8390624653894458e-17,0.01411776642612159,1.4008150871421584e-16,-2.9878175981603645,5.372838180803505,1.0658054671108862e-15,0.030555325999738484,0.0,0.0,0.0,1.2529819999999998,0.0,0.0,0.0,0.0,0.0,-1.664600000000002,-0.29970314755509253,3.3968680324606754e-18,-1.7124364469377078,0.009611133611154347,1.0170514518674167e-16,-1.0381798182729847,-3.5789544438524774e-16,0.04195133760135893,2.6219935417175293,21.0417,1.648512696509355,641.1031276276208
-0.2991306880575696,9.03318808520923e-18,-0.6140546355053257,-3.2020539752562395e-16,0.042982579681836074,-1.85287257973812e-17,0.01939928328890216,1.8176384265968206e-16,-3.0600038421680287,6.206308503389618,8.194741795376159e-16,0.021007693771062815,0.0,0.0,0.0,1.284312,0.0,0.0,0.0,0.0,0.0,-1.468400000000002,-0.2994658585547198,5.814734571470251e-18,-1.8065584211020416,0.01411776642612159,1.4008150871421584e-16,-1.3232175981603624,-3.3658868485891967e-16,0.04256243327578391,2.776993751525879,26.5271,2.1812477687937486,734.0310475297617
-0.29868257615423366,1.3115408564966834e-17,-0.675818722612919,-3.0823682310313163e-16,0.04321073335476068,-1.8600483125566047e-17,0.025411907044693028,2.2645820531607834e-16,-3.1164048685913075,6.99641062573042,5.985939443371893e-16,0.011407886585595115,0.0,0.0,0.0,1.311718,0.0,0.0,0.0,0.0,0.0,-1.2722000000000018,-0.2991306880575696,9.03318808520923e-18,-1.8983666355053255,0.01939928328890216,1.8176384265968206e-16,-1.5916038421680268,-3.2020539752562395e-16,0.042982579681836074,2.937998056411743,32.4015,2.758929672989987,830.0902716254315
-0.2981074526922496,1.8120592770749725e-17,-0.7385618967548178,-3.0023841913757576e-16,0.04324684309148353,-1.8611479338831908e-17,0.03210043915371221,2.7406021526221103e-16,-3.157912545598573,7.741842683538285,3.9995107427845706e-16,0.0018055189593370663,0.0,0.0,0.0,1.3352,0.0,0.0,0.0,0.0,0.0,-1.0760000000000016,-0.29868257615423366,1.3115408564966834e-17,-1.9875367226129188,0.025411907044693028,2.2645820531607834e-16,-1.8442048685913057,-3.0823682310313163e-16,0.04321073335476068,3.094998598098755,38.5727,3.36896247157098,928.4181758484003
-0.2973924257102109,2.410752028689421e-17,-0.8019947951030186,-2.9581101403633435e-16,0.04309205922444444,-1.856530690394278e-17,0.039402259050154036,3.2463253635223785e-16,-3.1853772892215106,8.444658565986124,2.2127456093610336e-16,-0.0077393310634458045,0.0,0.0,0.0,1.354758,0.0,0.0,0.0,0.0,0.0,-0.8798000000000015,-0.2981074526922496,1.8120592770749725e-17,-2.0737618967548177,0.03210043915371221,2.7406021526221103e-16,-2.0819125455985716,-3.0023841913757576e-16,0.04324684309148353,3.245997905731201,44.9567,4.001946761313145,1028.1668955418797
-0.2965259010114775,3.113761358478659e-17,-0.8658442622870546,-2.9459020781386723e-16,0.0427488177690834,-1.8463888416717214e-17,0.047250210823186416,3.7837679343700044e-16,-3.199569429182085,9.108848920577556,6.082381398282595e-17,-0.01716237833623547,0.0,0.0,0.0,1.3703919999999998,0.0,0.0,0.0,0.0,0.0,-0.6836000000000013,-0.2973924257102109,2.410752028689421e-17,-2.1567527951030185,0.039402259050154036,3.2463253635223785e-16,-2.3055772892215094,-2.9581101403633435e-16,0.04309205922444444,3.4019932746887207,51.4793,4.651527208967601,1128.5016220838077
-0.29549768095047624,3.9277243825453526e-17,-0.9298522135123706,-2.9625795946852713e-16,0.04222084106998121,-1.830777051386168e-17,0.05557179527694197,4.3558623062969326e-16,-3.201225693349511,9.736081593679664,-8.372060613085592e-17,-0.026399305725332948,0.0,0.0,0.0,1.3821019999999997,0.0,0.0,0.0,0.0,0.0,-0.4874000000000012,-0.2965259010114775,3.113761358478659e-17,-2.236236262287054,0.047250210823186416,3.7837679343700044e-16,-2.5159694291820838,-2.9459020781386723e-16,0.0427488177690834,3.5570011138916016,58.0725,5.310741208264565,1228.5988041028868
-0.2942990627975196,4.859930020963157e-17,-0.9937750442461559,-3.005392626262729e-16,0.04151316173195871,-1.809641477678272e-17,0.06429002001872329,4.966194077881113e-16,-3.1910573800290285,10.327619302795409,-2.1451129801965014e-16,-0.035384599790878116,0.0,0.0,0.0,1.389888,0.0,0.0,0.0,0.0,0.0,-0.2912000000000013,-0.29549768095047624,3.9277243825453526e-17,-2.3119542135123705,0.05557179527694197,4.3558623062969326e-16,-2.7138256933495097,-2.9625795946852713e-16,0.04222084106998121,3.7129931449890137,64.6754,5.973157220796716,1327.654887208155
-0.2929229166624412,5.918430956981712e-17,-1.057383126732713,-3.0720250489184706e-16,0.04063212322370551,-1.78284668581105e-17,0.07332459348911945,5.618815282304436e-16,-3.1697508686267044,10.884703259643967,-3.337182009402421e-16,-0.044052717109320176,0.0,0.0,0.0,1.3937499999999998,0.0,0.0,0.0,0.0,0.0,-0.09500000000000125,-0.2942990627975196,4.859930020963157e-17,-2.383663044246156,0.06429002001872329,4.966194077881113e-16,-2.8998573800290273,-3.005392626262729e-16,0.04151316173195871,3.869048833847046,71.2328,6.633109825651843,1424.8912854758842
-0.29136373962383144,7.112123438911603e-17,-1.1204603184631372,-3.1605244383234094e-16,0.0395853503724393,-1.7502001133871e-17,0.08259311037185822,6.318109536994486e-16,-3.1379683044157103,11.408544494087073,-4.4315945658566193e-16,-0.052339589659997215,0.0,0.0,0.0,1.393688,0.0,0.0,0.0,0.0,0.0,0.10119999999999876,-0.2929229166624412,5.918430956981712e-17,-2.4511331267327128,0.07332459348911945,5.618815282304436e-16,-3.0747508686267033,-3.0720250489184706e-16,0.04063212322370551,4.026997327804565,77.6956,7.285630235792572,1519.5582442088596
-0.2896176866928909,8.450802726707907e-17,-1.1828034936671008,-3.2693134327253466e-16,0.038381692882143575,-1.7114740806094893e-17,0.09201218272220134,7.06868334096854e-16,-3.0963492159806405,11.90027707114722,-5.447095010490341e-16,-0.06018397357108894,0.0,0.0,0.0,1.3897019999999998,0.0,0.0,0.0,0.0,0.0,0.2973999999999988,-0.29136373962383144,7.112123438911603e-17,-2.5141483184631372,0.08259311037185822,6.318109536994486e-16,-3.239168304415709,-3.1605244383234094e-16,0.0395853503724393,4.184992074966431,84.0202,7.9263325501461015,1610.9384611128116
-0.28768257875391956,9.945201309622371e-17,-1.2442220893824782,-3.3971255647140425e-16,0.03703114588150805,-1.666425367314226e-17,0.10149861117493413,7.875302488176092e-16,-3.045510355557105,12.361046768391834,-6.399214963605918e-16,-0.06752859755315144,0.0,0.0,0.0,1.381792,0.0,0.0,0.0,0.0,0.0,0.4935999999999987,-0.2896176866928909,8.450802726707907e-17,-2.5725054936671006,0.09201218272220134,7.06868334096854e-16,-3.3937492159806393,-3.2693134327253466e-16,0.038381692882143575,4.3389928340911865,90.1677,8.551458668916872,1698.3506075742314
-0.28555788802537235,1.1607015726308952e-16,-1.304537659294703,-3.5429871610454804e-16,0.035544748550841616,-1.6148125683840056e-17,0.11097046167978768,8.742841678689718e-16,-2.9860466356653754,12.791955833732263,-7.30257783925769e-16,-0.07432125887375465,0.0,0.0,0.0,1.369958,0.0,0.0,0.0,0.0,0.0,0.6897999999999989,-0.28768257875391956,9.945201309622371e-17,-2.626014089382478,0.10149861117493413,7.875302488176092e-16,-3.5391103555571037,-3.3971255647140425e-16,0.03703114588150805,4.494992733001709,96.1043,9.157767217403928,1781.1523127875535
-0.2832447025132195,1.3448925519982205e-16,-1.363583443460785,-3.706189708493525e-16,0.033934465346942395,-1.5564111988955712e-17,0.12034808953550334,9.676256258042803e-16,-2.9185317809428417,13.19407674920142,-8.170423356014788e-16,-0.0805156933922057,0.0,0.0,0.0,1.3542,0.0,0.0,0.0,0.0,0.0,0.885999999999999,-0.28555788802537235,1.1607015726308952e-16,-2.6744956592947027,0.11097046167978768,8.742841678689718e-16,-3.6758466356653745,-3.5429871610454804e-16,0.035544748550841616,4.655997037887573,101.8,9.742502037057353,1858.7430452246183
-0.2807456707558612,1.5484607994482286e-16,-1.4212039508053222,-3.886260641177411e-16,0.03221305275701135,-1.4910267509634148e-17,0.12955508620032394,1.0680568486958e-15,-2.8435189535108902,13.568452983964264,-9.014529844987256e-16,-0.08607229905729792,0.0,0.0,0.0,1.334518,0.0,0.0,0.0,0.0,0.0,1.0821999999999992,-0.2832447025132195,1.3448925519982205e-16,-2.7177834434607853,0.12034808953550334,9.676256258042803e-16,-3.804531780942841,-3.706189708493525e-16,0.033934465346942395,4.807992219924927,107.23,10.303349825428123,1930.5666928469652
-0.2780649285562359,1.7728751180138848e-16,-1.4772545547956137,-4.0829525752875054e-16,0.030393914858915887,-1.4185057429976723e-17,0.13851913376220812,1.1760863369607607e-15,-2.761541445518243,13.916095007372883,-9.846137860571874e-16,-0.09095869556162466,0.0,0.0,0.0,1.310912,0.0,0.0,0.0,0.0,0.0,1.2783999999999993,-0.2807456707558612,1.5484607994482286e-16,-2.7557219508053223,0.12955508620032394,1.0680568486958e-15,-3.9257189535108896,-3.886260641177411e-16,0.03221305275701135,4.964992046356201,112.372,10.838394342170409,1996.1138809247295
-0.2752080095053972,2.0197067244004668e-16,-1.5316010992701958,-4.296204674155865e-16,0.028490951038229653,-1.3387450214926236e-17,0.14717277132166326,1.292229726905059e-15,-2.673113001939977,14.23799813323458,-1.0674557790785684e-15,-0.09515011649903914,0.0,0.0,0.0,1.283382,0.0,0.0,0.0,0.0,0.0,1.4745999999999995,-0.2780649285562359,1.7728751180138848e-16,-2.788166554795614,0.13851913376220812,1.1760863369607607e-15,-4.0399414455182425,-4.0829525752875054e-16,0.030393914858915887,5.120058298110962,117.207,11.346103772606488,2054.924049623551
-0.27218174141098556,2.2906307525042356e-16,-1.5841195152969618,-4.526133318924652e-16,0.026518398744229107,-1.2516994971611754e-17,0.1554540381195004,1.4170105541326266e-15,-2.578728600736617,14.535118988375421,-1.1508636155288e-15,-0.09862965743827087,0.0,0.0,0.0,1.251928,0.0,0.0,0.0,0.0,0.0,1.6707999999999996,-0.2752080095053972,2.0197067244004668e-16,-2.814983099270196,0.14717277132166326,1.292229726905059e-15,-4.147713001939977,-4.296204674155865e-16,0.028490951038229653,5.28099250793457,121.722,11.82526379093012,2106.5872141090977
-0.2689941308910713,2.5874279839480525e-16,-1.6346954504581444,-4.773024204680814e-16,0.02449067483705179,-1.1573882209745122e-17,0.1633070138719291,1.5509617603055431e-15,-2.4788649153816253,14.808390781424215,-1.235682774520702e-15,-0.10138834640879368,0.0,0.0,0.0,1.2165500000000002,0.0,0.0,0.0,0.0,0.0,1.8669999999999998,-0.27218174141098556,2.2906307525042356e-16,-2.8360475152969618,0.1554540381195004,1.4170105541326266e-15,-4.249528600736617,-4.526133318924652e-16,0.026518398744229107,5.4329962730407715,125.903,12.274966402672746,2150.7455634482317
-0.26565423809405136,2.911986975675617e-16,-1.683223897735188,-5.037303924367244e-16,0.022422218168859514,-1.0558991272663919e-17,0.17068226583006693,1.6946281569701005e-15,-2.3739798123227436,15.058771001099633,-1.3226170638304898e-15,-0.1034250822638415,0.0,0.0,0.0,1.177248,0.0,0.0,0.0,0.0,0.0,2.0631999999999997,-0.2689941308910713,2.5874279839480525e-16,-2.8512454504581446,0.1633070138719291,1.5509617603055431e-15,-4.345864915381625,-4.773024204680814e-16,0.02449067483705179,5.593991994857788,129.742,12.694652505454565,2187.0947687005046
-0.26217204454839155,3.266306485754953e-16,-1.7296088498761195,-5.319548871869801e-16,0.020327335536692054,-9.473924054784659e-18,0.17753708873591187,1.8485669438232587e-15,-2.2645154017703932,15.287063196980162,-1.4124152663913146e-15,-0.104746466173505,0.0,0.0,0.0,1.1340220000000003,0.0,0.0,0.0,0.0,0.0,2.259399999999999,-0.26565423809405136,2.911986975675617e-16,-2.860471897735188,0.17068226583006693,1.6946281569701005e-15,-4.437179812322743,-5.037303924367244e-16,0.022422218168859514,5.766992092132568,133.232,13.083817227060612,2215.384863818903
-0.25855831611523766,3.652498295087567e-16,-1.773762966183027,-5.6204509818333205e-16,0.018220055973259878,-8.321028232718333e-18,0.18383575457947285,2.0133511495028785e-15,-2.1508962289203497,15.49415963007469,-1.5056553428255918e-15,-0.10536638480993914,0.0,0.0,0.0,1.086872,0.0,0.0,0.0,0.0,0.0,2.4555999999999982,-0.26217204454839155,3.266306485754953e-16,-2.86363084987612,0.17753708873591187,1.8485669438232587e-15,-4.523915401770392,-5.319548871869801e-16,0.020327335536692054,5.935992240905762,136.369,13.442347186170567,2235.4215995701516
-0.25482446282461996,4.0727905119508908e-16,-1.8156072321091714,-5.940828943065919e-16,0.016113992094315743,-7.103409339681815e-18,0.18954957448229479,2.189571019130359e-15,-2.033530363694063,15.680895986278328,-1.602971809575512e-15,-0.10530565760509437,0.0,0.0,0.0,1.0357980000000002,0.0,0.0,0.0,0.0,0.0,2.6517999999999975,-0.25855831611523766,3.652498295087567e-16,-2.860634966183027,0.18383575457947285,2.0133511495028785e-15,-4.6064962289203475,-5.6204509818333205e-16,0.018220055973259878,6.091991901397705,139.152,13.770280404437178,2247.0666702200415
-0.25098239838149355,4.529531233093979e-16,-1.8550706350941284,-6.281610837457608e-16,0.014022212618386421,-5.824932003877194e-18,0.19465686983034533,2.377836192300531e-15,-1.9128099348016467,15.848078962063935,-1.7049128494411433e-15,-0.10459147821142266,0.0,0.0,0.0,0.9808000000000002,0.0,0.0,0.0,0.0,0.0,2.8479999999999968,-0.25482446282461996,4.0727905119508908e-16,-2.8514052321091716,0.18954957448229479,2.189571019130359e-15,-4.68533036369406,-5.940828943065919e-16,0.016113992094315743,6.2489914894104,141.581,14.067825139428127,2250.2382612494903
-0.24704440122093885,5.02519260226882e-16,-1.8920898505066757,-6.643839936733404e-16,0.011957127204357484,-4.4902116447310114e-18,0.19914284622512088,2.578777499447875e-15,-1.789111606453084,15.996489026065968,-1.8120560708608263e-15,-0.10325679867726158,0.0,0.0,0.0,0.9218780000000003,0.0,0.0,0.0,0.0,0.0,3.044199999999996,-0.25098239838149355,4.529531233093979e-16,-2.8358706350941287,0.19465686983034533,2.377836192300531e-15,-4.760809934801643,-6.281610837457608e-16,0.014022212618386421,6.404996395111084,143.658,14.335343835276669,2244.9113082231092
-0.24302297875384174,5.562375380420195e-16,-1.926608917930562,-7.028643550161903e-16,0.00993038483272356,-3.1045988277688484e-18,0.20299940048458828,2.7930502820658826e-15,-1.6627951359355675,16.126976372357642,-1.924823709176055e-15,-0.10133965231623848,0.0,0.0,0.0,0.8590320000000004,0.0,0.0,0.0,0.0,0.0,3.2403999999999953,-0.24704440122093885,5.02519260226882e-16,-2.813967850506676,0.19914284622512088,2.578777499447875e-15,-4.83331160645308,-6.643839936733404e-16,0.011957127204357484,6.564991235733032,145.387,14.573489228537037,2231.117561427395
-0.23893073707669418,6.143813687473776e-16,-1.958578949817808,-7.437270156626633e-16,0.00795278603714872,-1.6741532016070572e-18,0.20622476723016733,3.0213327884699242e-15,-1.534208052789001,16.240154892233786,-2.0438239970077202e-15,-0.0988824612270519,0.0,0.0,0.0,0.7922620000000005,0.0,0.0,0.0,0.0,0.0,3.4365999999999945,-0.24302297875384174,5.562375380420195e-16,-2.7856409179305626,0.20299940048458828,2.7930502820658826e-15,-4.9031951359355626,-7.028643550161903e-16,0.00993038483272356,6.733991622924805,146.773,14.782694703346845,2208.9450822216654
-0.2347802574417433,6.772380001725612e-16,-1.9879578605771424,-7.871061904119828e-16,0.006034211808798225,-2.0560894590700546e-19,0.20882319626492116,3.2643303540484384e-15,-1.4036830231444692,16.336768103703136,-2.1695279219414916e-15,-0.09593120266790411,0.0,0.0,0.0,0.7215680000000005,0.0,0.0,0.0,0.0,0.0,3.632799999999994,-0.23893073707669418,6.143813687473776e-16,-2.7508409498178086,0.20622476723016733,3.0213327884699242e-15,-4.970808052788995,-7.437270156626633e-16,0.00795278603714872,6.892996311187744,147.825,14.963746664861445,2178.5387877700673
-0.2305839804427101,7.451090480289762e-16,-2.014710104102413,-8.331468608450073e-16,0.004183566603092984,1.2936671768848652e-18,0.21080450363839606,3.5227744315930563e-15,-1.2715413293826046,16.417383579708915,-2.3024766483829177e-15,-0.09253470393275834,0.0,0.0,0.0,0.6469500000000007,0.0,0.0,0.0,0.0,0.0,3.828999999999993,-0.2347802574417433,6.772380001725612e-16,-2.709525860577143,0.20882319626492116,3.2643303540484384e-15,-5.036483023144463,-7.871061904119828e-16,0.006034211808798225,7.06499171257019,148.55,15.117275160729069,2140.0994386279335
-0.2263540991108019,8.183110573948122e-16,-2.0388064184101498,-8.820032269202816e-16,0.0024087373735226267,2.81572449982587e-18,0.21218362955242562,3.79742650499054e-15,-1.1380901013910572,16.482705641415652,-2.4431340167031412e-15,-0.08874384097578769,0.0,0.0,0.0,0.5684080000000008,0.0,0.0,0.0,0.0,0.0,4.025199999999993,-0.2305839804427101,7.451090480289762e-16,-2.6616601041024137,0.21080450363839606,3.5227744315930563e-15,-5.100541329382597,-8.331468608450073e-16,0.004183566603092984,7.237990856170654,148.959,15.244252105319879,2093.8836513096558
-0.22210246236281503,8.97175834406717e-16,-2.060223865156915,-9.338523444783365e-16,0.0007165668340889798,4.352094843232108e-18,0.21298004524626066,4.089051196199943e-15,-1.0036545732854758,16.531824364208422,-2.592645775656197e-15,-0.0846108269442832,0.0,0.0,0.0,0.485942000000001,0.0,0.0,0.0,0.0,0.0,4.221399999999994,-0.2263540991108019,8.183110573948122e-16,-2.6072144184101504,0.21218362955242562,3.79742650499054e-15,-5.16329010139105,-8.820032269202816e-16,0.0024087373735226267,7.405991077423096,149.062,15.3430885684305,2040.2025691713877
-0.21784048722601976,9.820510422737145e-16,-2.0789456139576608,-9.888674403929049e-16,-0.0008871564529093331,5.893849930305435e-18,0.21321746843326558,4.398469590499818e-15,-0.8685203067890586,16.56671757806058,-2.750823324249267e-15,-0.08018837086018772,0.0,0.0,0.0,0.39955200000000113,0.0,0.0,0.0,0.0,0.0,4.417599999999995,-0.22210246236281503,8.97175834406717e-16,-2.546165865156916,0.21298004524626066,4.089051196199943e-15,-5.22505457328547,-9.338523444783365e-16,0.0007165668340889798,7.555991172790527,148.873,15.417070395483655,1979.4272551118293
-0.21357908112412757,1.0733011244996164e-15,-2.094960379792999,-1.0472312896227147e-15,-0.002397701021817349,7.43166079747201e-18,0.21292314175595237,4.726538632090349e-15,-0.7329562767447839,16.58820803005943,-2.9181467844234023e-15,-0.07552932920968566,0.0,0.0,0.0,0.30923800000000123,0.0,0.0,0.0,0.0,0.0,4.613799999999996,-0.21784048722601976,9.820510422737145e-16,-2.478497613957662,0.21321746843326558,4.398469590499818e-15,-5.286120306789053,-9.888674403929049e-16,-0.0008871564529093331,7.709990501403809,148.404,15.46766428010535,1911.9767001871614
-0.2093285771791487,1.171308003994217e-15,-2.1082621278008586,-1.10913410058878e-15,-0.0038113775133279673,8.955869545457321e-18,0.21212725274193375,5.074149317369716e-15,-0.5972185240411487,16.59693534280217,-3.094990328283202e-15,-0.07068580911448898,0.0,0.0,0.0,0.2150000000000013,0.0,0.0,0.0,0.0,0.0,4.809999999999997,-0.21357908112412757,1.0733011244996164e-15,-2.4041983797930007,0.21292314175595237,4.726538632090349e-15,-5.34675627674478,-1.0472312896227147e-15,-0.002397701021817349,7.869991064071655,147.67,15.49610949131171,1838.320683047661
-0.20509868099638362,1.2764717848860963e-15,-2.118849800309383,-1.1747767219575593e-15,-0.0051255112619661815,1.045656656504832e-17,0.21086236553457724,5.442228771818213e-15,-0.4615487268113643,16.59361038570159,-3.2818881943288716e-15,-0.06570854715918634,0.0,0.0,0.0,0.11683800000000134,0.0,0.0,0.0,0.0,0.0,5.006199999999998,-0.2093285771791487,1.171308003994217e-15,-2.32326212780086,0.21212725274193375,5.074149317369716e-15,-5.407218524041146,-1.10913410058878e-15,-0.0038113775133279673,8.027990102767944,146.686,15.503830663900962,1758.9791202920392
-0.20089842845575667,1.3892114326039219e-15,-2.12672708195698,-1.2443696470002215e-15,-0.006338403927204868,1.1923673019718737e-17,0.20916288852811757,5.8317359999643335e-15,-0.32617943794834026,16.578682210841347,-3.4793245092814328e-15,-0.06064636151417023,0.0,0.0,0.0,0.014752000000001375,0.0,0.0,0.0,0.0,0.0,5.202399999999999,-0.20509868099638362,1.2764717848860963e-15,-2.2356878003093845,0.21086236553457724,5.442228771818213e-15,-5.4677487268113625,-1.1747767219575593e-15,-0.0051255112619661815,8.17798924446106,145.467,15.491875629312135,1674.5204200170406
-0.19673615410989356,1.5099654428943411e-15,-2.1319021931992252,-1.3181350150340593e-15,-0.007449286124740719,1.3347027174000858e-17,0.20706454605819366,6.243665029077594e-15,-0.19133168627622066,16.552720088272988,-3.687883106788819e-15,-0.055545701891152294,0.0,0.0,0.0,-0.09125799999999862,0.0,0.0,0.0,0.0,0.0,5.3986,-0.20089842845575667,1.3892114326039219e-15,-2.1414790819569816,0.20916288852811757,5.8317359999643335e-15,-5.5285794379483395,-1.2443696470002215e-15,-0.006338403927204868,8.337989568710327,144.029,15.461545018686849,1585.5609677752705
-0.1926194698239083,1.6391925460193139e-15,-2.1343876674529754,-1.3963038766874103e-15,-0.00845826197098121,1.4716472071875303e-17,0.20460388254033443,6.679045283419695e-15,-0.057215739098816054,16.516255615654387,-3.908010685347735e-15,-0.05045024515766516,0.0,0.0,0.0,-0.2011919999999986,0.0,0.0,0.0,0.0,0.0,5.594800000000001,-0.19673615410989356,1.5099654428943411e-15,-2.0406441931992267,0.20706454605819366,6.243665029077594e-15,-5.589931686276221,-1.3181350150340593e-15,-0.007449286124740719,8.493000268936157,142.39,15.41412230508881,1492.7631914798799
-0.18855525300755874,1.7773724091516218e-15,-2.134200141237694,-1.4791187304908654e-15,-0.00936624710192376,1.6021944358645666e-17,0.2018177990946187,7.138941029811091e-15,0.07596836062698173,16.469794125393676,-4.140280368475802e-15,-0.04540056901906419,0.0,0.0,0.0,-0.3150499999999986,0.0,0.0,0.0,0.0,0.0,5.791000000000002,-0.1926194698239083,1.6391925460193139e-15,-1.9331956674529769,0.20460388254033443,6.679045283419695e-15,-5.652015739098817,-1.3963038766874103e-15,-0.00845826197098121,8.650000095367432,140.565,15.350887184965023,1396.8341076585293
-0.18454964377002303,1.9250063372317506e-15,-2.1313601524036474,-1.5668329223332594e-15,-0.010174901573764826,1.7253564324915803e-17,0.19874312465894925,7.624451778201785e-15,0.20803052277759912,16.413828066807238,-4.385234842044507e-15,-0.04043389607612381,0.0,0.0,0.0,-0.43283199999999866,0.0,0.0,0.0,0.0,0.0,5.987200000000003,-0.18855525300755874,1.7773724091516218e-15,-1.8191501412376954,0.2018177990946187,7.138941029811091e-15,-5.71503163937302,-1.4791187304908654e-15,-0.00936624710192376,8.805000305175781,138.574,15.27313259080568,1298.5237737827997
-0.1806080502470524,2.0826179753494783e-15,-2.1258919454942737,-1.6597104761177256e-15,-0.010886558953429666,1.84017246736139e-17,0.19541622763811192,8.13671203357096e-15,0.33879016815979224,16.348828547654165,-4.643407925996624e-15,-0.03558390330066849,0.0,0.0,0.0,-0.5545379999999988,0.0,0.0,0.0,0.0,0.0,6.183400000000004,-0.18454964377002303,1.9250063372317506e-15,-1.6985281524036488,0.19874312465894925,7.624451778201785e-15,-5.779169477222404,-1.5668329223332594e-15,-0.010174901573764826,8.961008310317993,136.433,15.182145987748482,1198.623647349959
-0.1767351613297402,2.250754010885766e-15,-2.117823281189233,-1.7580266173683254e-15,-0.01150415294374518,1.9457177743988188e-17,0.19187266409310796,8.67689152005781e-15,0.4680762623443444,16.275269149088807,-4.915359244687656e-15,-0.030880598755385662,0.0,0.0,0.0,-0.6801679999999989,0.0,0.0,0.0,0.0,0.0,6.379600000000005,-0.1806080502470524,2.0826179753494783e-15,-1.571353945494275,0.19541622763811192,8.13671203357096e-15,-5.844609831840212,-1.6597104761177256e-15,-0.010886558953429666,9.119004487991333,134.163,15.079244104106463,1097.9649300575977
-0.17293496589652949,2.4299848631913463e-15,-2.107185255447569,-1.8620675248458206e-15,-0.012031142637354643,2.0411119933390786e-17,0.18814687922796355,9.246193710500252e-15,0.5957263118220079,16.193574035674338,-5.201635657742962e-15,-0.026350253025490895,0.0,0.0,0.0,-0.8097219999999989,0.0,0.0,0.0,0.0,0.0,6.575800000000006,-0.1767351613297402,2.250754010885766e-15,-1.437655281189234,0.19187266409310796,8.67689152005781e-15,-5.911523737655661,-1.7580266173683254e-15,-0.01150415294374518,9.284999370574951,131.78,14.965684138755481,997.4168038171193
-0.16921077773221635,2.620905363348504e-15,-2.0940121248381907,-1.97213010442674e-15,-0.012471437851299614,2.1255272709705147e-17,0.18427193720335086,9.845856305215543e-15,0.7215867491158684,16.104187378257148,-5.5027724125301456e-15,-0.022015403253106056,0.0,0.0,0.0,-0.943199999999999,0.0,0.0,0.0,0.0,0.0,6.772000000000007,-0.17293496589652949,2.4299848631913463e-15,-1.2974632554475702,0.18814687922796355,9.246193710500252e-15,-5.980073688177998,-1.8620675248458206e-15,-0.012031142637354643,9.451999425888062,129.306,14.842773925312933,897.8847934097528
-0.16556526374608085,2.8241351757425306e-15,-2.0783412603258604,-2.0885333260003666e-15,-0.012829325133643158,2.198196075159106e-17,0.18027946141019965,1.047712493418707e-14,0.8454997021172167,16.00689246404515,-5.819871356439573e-15,-0.017894886744502875,0.0,0.0,0.0,-1.080601999999999,0.0,0.0,0.0,0.0,0.0,6.968200000000008,-0.16921077773221635,2.620905363348504e-15,-1.1508121248381915,0.18427193720335086,9.845856305215543e-15,-6.050413250884139,-1.97213010442674e-15,-0.012471437851299614,9.622074842453003,126.759,14.710776980326475,800.3089025582628
-0.16200047205664594,3.040318542158807e-15,-2.0602134185511485,-2.2116312378505033e-15,-0.013109399921112888,2.258419523629997e-17,0.17619970753329092,1.1141211707440593e-14,0.9672844753540005,15.900547192010796,-6.154684856461786e-15,-0.01400414853652179,0.0,0.0,0.0,-1.2219279999999992,0.0,0.0,0.0,0.0,0.0,7.164400000000009,-0.16556526374608085,2.8241351757425306e-15,-0.9977392603258615,0.18027946141019965,1.047712493418707e-14,-6.122700297882791,-2.0885333260003666e-15,-0.012829325133643158,9.793002367019653,124.156,14.568530841158866,705.6635107795852
-0.1585178693339259,3.270125013716896e-15,-2.0396725245159537,-2.3417550779804953e-15,-0.013316507630639653,2.305575710323125e-17,0.1720605647387142,1.1839435448368332e-14,1.08680492816544,15.787379201955439,-6.506070590211625e-15,-0.01035568811216938,0.0,0.0,0.0,-1.3671779999999996,0.0,0.0,0.0,0.0,0.0,7.3606000000000105,-0.16200047205664594,3.040318542158807e-15,-0.8382854185511492,0.17619970753329092,1.1141211707440593e-14,-6.197115524646009,-2.2116312378505033e-15,-0.013109399921112888,9.944002389907837,121.519,14.42029374608116,614.9575066190339
-0.15511838566923716,3.514250929186924e-15,-2.016765084636574,-2.479242005217811e-15,-0.013455664236226428,2.3391223953031567e-17,0.16788780173015957,1.2573156098634479e-14,1.2039390597725483,15.668095766645225,-6.87432274745769e-15,-0.006958033645384379,0.0,0.0,0.0,-1.516352,0.0,0.0,0.0,0.0,0.0,7.5568000000000115,-0.1585178693339259,3.270125013716896e-15,-0.6724945245159542,0.1720605647387142,1.1839435448368332e-14,-6.27379507183457,-2.3417550779804953e-15,-0.013316507630639653,10.098997354507446,118.865,14.267846846904488,529.2237925921232
-0.15180245686798846,3.7734200845800015e-15,-1.9915399686723703,-2.624441038407096e-15,-0.013531991346199137,2.3586016375415674e-17,0.1637050783947148,1.3343759440673269e-14,1.3185725366478267,15.543080898013354,-7.26003243726029e-15,-0.0038164670494227142,0.0,0.0,0.0,-1.6694499999999999,0.0,0.0,0.0,0.0,0.0,7.7530000000000125,-0.15511838566923716,3.514250929186924e-15,-0.5004130846365742,0.16788780173015957,1.2573156098634479e-14,-6.352860940227464,-2.479242005217811e-15,-0.013455664236226428,10.260997772216797,116.214,14.112453141559703,449.5213955174729
-0.14857006688549493,4.048384225106527e-15,-1.9640482635764096,-2.777712555351659e-15,-0.013550657999447189,2.363644106243172e-17,0.15953391985463802,1.4152654611979244e-14,1.4305979729482368,15.412682938585416,-7.663765712024147e-15,-0.0009333599436552436,0.0,0.0,0.0,-1.8264720000000003,0.0,0.0,0.0,0.0,0.0,7.949200000000014,-0.15180245686798846,3.7734200845800015e-15,-0.3220899686723704,0.1637050783947148,1.3343759440673269e-14,-6.434427463352186,-2.624441038407096e-15,-0.013531991346199137,10.413002967834473,113.587,13.955321070948807,376.93441085577575
-0.1454207905606665,4.33992349675287e-15,-1.934343136010656,-2.939429906344173e-15,-0.013516827463435771,2.35397252082612e-17,0.15539371262820242,1.5001272552655188e-14,1.5399147836271196,15.277243118710434,-8.086169345417798e-15,0.0016915762439750476,0.0,0.0,0.0,-1.9874180000000004,0.0,0.0,0.0,0.0,0.0,8.145400000000013,-0.14857006688549493,4.048384225106527e-15,-0.13757626357640929,0.15953391985463802,1.4152654611979244e-14,-6.518602027051777,-2.777712555351659e-15,-0.013550657999447189,10.572064399719238,111.002,13.797648377084474,312.57024269427455
-0.1423538361027002,4.6488468575478815e-15,-1.9024797023059474,-3.1099774943442023e-15,-0.013435609019587475,2.3294041171872684e-17,0.1513017331684303,1.5891063526845972e-14,1.6464285868437423,15.137072946393191,-8.527794200505941e-15,0.004061040895780554,0.0,0.0,0.0,-2.1522880000000004,0.0,0.0,0.0,0.0,0.0,8.34160000000001,-0.1454207905606665,4.33992349675287e-15,0.053074863989344356,0.15539371262820242,1.5001272552655188e-14,-6.605485216372893,-2.939429906344173e-15,-0.013516827463435771,10.746001720428467,108.479,13.640586143913326,257.5577933670358
-0.13936808439829837,4.9759918779412185e-15,-1.8685150874600336,-3.28979991201758e-15,-0.01331201509895057,2.2898519010904505e-17,0.14727343727175143,1.682343851248759e-14,1.7500328977476687,14.991568630767855,-8.991648184180754e-15,0.006179876677896436,0.0,0.0,0.0,-2.3210820000000005,0.0,0.0,0.0,0.0,0.0,8.537800000000008,-0.1423538361027002,4.6488468575478815e-15,0.249808297694053,0.1513017331684303,1.5891063526845972e-14,-6.6951714131562685,-3.1099774943442023e-15,-0.013435609019587475,10.916002750396729,106.036,13.483911499187144,213.04570741468478
-0.13646212876723054,5.322224912574397e-15,-1.8325083754569416,-3.4793186385081778e-15,-0.01315093007518725,2.2353269471978876e-17,0.14332212583502943,1.7799864950830306e-14,1.8506383025615478,14.841585258051182,-9.476574055673312e-15,0.008054486654113915,0.0,0.0,0.0,-2.4938000000000007,0.0,0.0,0.0,0.0,0.0,8.734000000000005,-0.13936808439829837,4.9759918779412185e-15,0.45256691253996695,0.14727343727175143,1.682343851248759e-14,-6.787767102252339,-3.28979991201758e-15,-0.01331201509895057,11.065996646881104,103.689,13.329630351476162,180.2017539347274
-0.13363431679153295,5.688442057548817e-15,-1.794520302785958,-3.67894537960076e-15,-0.012957072949314346,2.165937010687078e-17,0.13945907173473002,1.8821849546611674e-14,1.9481689645367992,14.68780318592617,-9.982081778251671e-15,0.009693139705032213,0.0,0.0,0.0,-2.670442000000001,0.0,0.0,0.0,0.0,0.0,8.930200000000003,-0.13646212876723054,5.322224912574397e-15,0.6612916245430591,0.14332212583502943,1.7799864950830306e-14,-6.883361697438458,-3.4793186385081778e-15,-0.01315093007518725,11.227000713348389,101.455,13.179448367360866,160.20864218818565
-0.13088278890220584,6.075569630086691e-15,-1.754613063635766,-3.889100959634444e-15,-0.012734966772778846,2.0818845839674117e-17,0.13569371719798237,1.989090770717576e-14,2.0425549504824057,14.530519013680086,-1.0508626127727775e-14,0.011105633600191246,0.0,0.0,0.0,-2.851008000000001,0.0,0.0,0.0,0.0,0.0,9.1264,-0.13363431679153295,5.688442057548817e-15,0.8759216972140429,0.13945907173473002,1.8821849546611674e-14,-6.982031035463203,-3.67894537960076e-15,-0.012957072949314346,11.400002717971802,99.3531,13.034478859544539,154.2627999563689
-0.12820551395543936,6.484564326522011e-15,-1.712850190452309,-4.1102189355783164e-15,-0.01248891594984299,1.98346479478396e-17,0.13203377747866737,2.1008561936356192e-14,2.1337323678632822,14.37003611506005,-1.1056842782353296e-14,0.01230290102048182,0.0,0.0,0.0,-3.035498000000001,0.0,0.0,0.0,0.0,0.0,9.322599999999998,-0.13088278890220584,6.075569630086691e-15,1.0963949363642351,0.13569371719798237,1.989090770717576e-14,-7.083845049517595,-3.889100959634444e-15,-0.012734966772778846,11.571997165679932,97.4025,12.895836856013013,163.57326179835712
-0.12560032468074409,6.916414029641141e-15,-1.6692962692779856,-4.3427998245892736e-15,-0.012222988115868827,1.871061566477404e-17,0.12848514999085933,2.2176408375556867e-14,2.2216597495690555,14.207477062450732,-1.1630079079560033e-14,0.013296780756395043,0.0,0.0,0.0,-3.223912000000001,0.0,0.0,0.0,0.0,0.0,9.518799999999995,-0.12820551395543936,6.484564326522011e-15,1.322647809547692,0.13203377747866737,2.1008561936356192e-14,-7.1888676321367155,-4.1102189355783164e-15,-0.01248891594984299,11.741997241973877,95.6189,12.765791094507595,189.3600157445448
-0.12306494933524062,7.372138395916687e-15,-1.6240167638769365,-4.587320610013972e-15,-0.01194099502270609,1.745140762208418e-17,0.12505238455948772,2.339602825199771e-14,2.306290790535871,14.042601027677494,-1.2227157736819826e-14,0.014100067354599205,0.0,0.0,0.0,-3.416250000000001,0.0,0.0,0.0,0.0,0.0,9.714999999999993,-0.12560032468074409,6.916414029641141e-15,1.5546157307220156,0.12848514999085933,2.2176408375556867e-14,-7.29714025043094,-4.3427998245892736e-15,-0.012222988115868827,11.89500117301941,94.0135,12.64461808079313,232.8521750481989
-0.12059703769395218,7.85278841873117e-15,-1.57707809765417,-4.844240138899044e-15,-0.011646487310733622,1.606247734520242e-17,0.12173877956935594,2.466897402945071e-14,2.387575831740768,13.87524126551628,-1.284717152736358e-14,0.014725816765439718,0.0,0.0,0.0,-3.612512000000001,0.0,0.0,0.0,0.0,0.0,9.91119999999999,-0.12306494933524062,7.372138395916687e-15,1.7922332361230646,0.12505238455948772,2.339602825199771e-14,-7.408709209464122,-4.587320610013972e-15,-0.01194099502270609,12.054996967315674,92.6031,12.532726740851444,295.2875261301671
-0.11819418636103858,8.359446263364626e-15,-1.528547598764403,-5.114029886448351e-15,-0.011342751943459453,1.455003803384355e-17,0.11854635372200309,2.599681043389493e-14,2.4654740572359453,13.705840798943722,-1.3490751657354252e-14,0.01518721321169209,0.0,0.0,0.0,-3.812698000000001,0.0,0.0,0.0,0.0,0.0,10.107399999999988,-0.12059703769395218,7.85278841873117e-15,2.035433902345831,0.12173877956935594,2.466897402945071e-14,-7.523624168259222,-4.844240138899044e-15,-0.011646487310733622,12.21200156211853,91.405,12.43138570350434,377.9105725799067
-0.11585396988907266,8.893228603831926e-15,-1.4784927247787918,-5.397248625735385e-15,-0.011032808692712514,1.292098617433933e-17,0.11547529347458743,2.7381423612835176e-14,2.5400133413251824,13.537835070663654,-1.4162263099722191e-14,0.015497616660975516,0.0,0.0,0.0,-4.016808,0.0,0.0,0.0,0.0,0.0,10.303599999999985,-0.11819418636103858,8.359446263364626e-15,2.284150401235598,0.11854635372200309,2.599681043389493e-14,-7.6419259427640425,-5.114029886448351e-15,-0.011342751943459453,12.367996454238892,90.4315,12.345887275422989,481.9708152714189
-0.11357396167620713,9.455287237616461e-15,-1.4269809356796193,-5.694395036426696e-15,-0.010719391914856942,1.118272976481735e-17,0.11252552781196498,2.882443976561819e-14,2.6111655685920647,13.368424976603183,-1.4858701249583003e-14,0.01567129829677078,0.0,0.0,0.0,-4.224842,0.0,0.0,0.0,0.0,0.0,10.499799999999983,-0.11585396988907266,8.893228603831926e-15,2.5383152752212084,0.11547529347458743,2.7381423612835176e-14,-7.763586658674803,-5.397248625735385e-15,-0.011032808692712514,12.519996643066406,89.6913,12.27291162982213,608.7233533266508
-0.11135174432821972,1.0046806027152584e-14,-1.3740802838687078,-6.005969172044138e-15,-0.010404975435364778,9.343233504898573e-18,0.10969620698677704,3.03274391879941e-14,2.6788996124990705,13.197460417580107,-1.5580135012997694e-14,0.015721285037815537,0.0,0.0,0.0,-4.4368,0.0,0.0,0.0,0.0,0.0,10.69599999999998,-0.11357396167620713,9.455287237616461e-15,2.7978610643203803,0.11252552781196498,2.882443976561819e-14,-7.888634431407918,-5.694395036426696e-15,-0.010719391914856942,12.696001052856445,89.2001,12.212873215228733,759.4269456656203
-0.10918493616296003,1.0669006746883125e-14,-1.3198583271856208,-6.332561227708947e-15,-0.01009178074754303,7.410950952221834e-18,0.10698460953919167,3.1892632785059886e-14,2.7432960558096324,13.030527524512614,-1.633107191792088e-14,0.015660193855164033,0.0,0.0,0.0,-4.652681999999999,0.0,0.0,0.0,0.0,0.0,10.892199999999978,-0.11135174432821972,1.0046806027152584e-14,3.062719716131292,0.10969620698677704,3.03274391879941e-14,-8.01710038750091,-6.005969172044138e-15,-0.010404975435364778,12.86599588394165,88.9695,12.173679211195253,935.3417813211413
-0.10707120595309941,1.1323150549496047e-14,-1.2643819067049442,-6.674709911486599e-15,-0.009781755034894915,5.394557160135304e-18,0.10438841144687047,3.352174747623228e-14,2.8043459922580203,12.86315183452657,-1.7108938033861802e-14,0.015501740635041616,0.0,0.0,0.0,-4.872487999999999,0.0,0.0,0.0,0.0,0.0,11.088399999999975,-0.10918493616296003,1.0669006746883125e-14,3.332823672814378,0.10698460953919167,3.1892632785059886e-14,-8.148903944190344,-6.332561227708947e-15,-0.01009178074754303,13.024996042251587,89.0047,12.149836672438086,1137.7351939166513
-0.10500827704902733,1.201053507714258e-14,-1.2077177152730192,-7.032977135425311e-15,-0.009476611127096007,3.303051609391476e-18,0.10190447896033658,3.52167052884211e-14,2.862073150934486,12.6969653691444,-1.7914894060444932e-14,0.01525764340739844,0.0,0.0,0.0,-5.096217999999999,0.0,0.0,0.0,0.0,0.0,11.284599999999973,-0.10707120595309941,1.1323150549496047e-14,3.6081060932950546,0.10438841144687047,3.352174747623228e-14,-8.284054007741954,-6.674709911486599e-15,-0.009781755034894915,13.196996450424194,89.3198,12.143979981545662,1367.8734640679743
-0.10299394682001128,1.273250214492726e-14,-1.1499311704903472,-7.407983321860355e-15,-0.009177831160042746,1.1456229283035033e-18,0.09952854394126912,3.698000149004688e-14,2.9165813273327084,12.5359717194298,-1.8751866140625192e-14,0.014939437195567964,0.0,0.0,0.0,-5.323871999999998,0.0,0.0,0.0,0.0,0.0,11.48079999999997,-0.10500827704902733,1.201053507714258e-14,3.8885002847269794,0.10190447896033658,3.52167052884211e-14,-8.422526849065488,-7.032977135425311e-15,-0.009476611127096007,13.361995697021484,89.9199,12.161585209595884,1627.0251493620794
-0.10102608988521652,1.3490436205834827e-14,-1.0910867428845368,-7.800305189225325e-15,-0.008886660912329217,-1.0685679482685705e-18,0.09725714953820727,3.881340460070968e-14,2.9678614332483386,12.374526461297988,-1.9617669648491916e-14,0.014558940208567532,0.0,0.0,0.0,-5.555449999999998,0.0,0.0,0.0,0.0,0.0,11.676999999999968,-0.10299394682001128,1.273250214492726e-14,4.17394082950965,0.09952854394126912,3.698000149004688e-14,-8.564218672667263,-7.407983321860355e-15,-0.009177831160042746,13.528995990753174,90.8129,12.195866927116992,1916.4674992828834
-0.09910266758787564,1.4285770004936044e-14,-1.0312473879213313,-8.210609236910527e-15,-0.008604155969392435,-3.3302356619832556e-18,0.09508508019588016,4.0719975309412105e-14,3.0160740630722076,12.221114055462282,-2.0516794302417187e-14,0.014125662381451198,0.0,0.0,0.0,-5.790951999999996,0.0,0.0,0.0,0.0,0.0,11.873199999999965,-0.10102608988521652,1.3490436205834827e-14,4.464363257115461,0.09725714953820727,3.881340460070968e-14,-8.70913856675163,-7.800305189225325e-15,-0.008886660912329217,13.699995279312134,92.0065,12.257760317701731,2237.4704416372915
-0.09722173250232694,1.5119986500379668e-14,-0.9704744211324959,-8.639519512755229e-15,-0.008331154889821134,-5.6303697853101616e-18,0.09300842835898929,4.2701674234950286e-14,3.061222615811322,12.067874335619,-2.1447118143468698e-14,0.013650455374273954,0.0,0.0,0.0,-6.030377999999996,0.0,0.0,0.0,0.0,0.0,12.069399999999963,-0.09910266758787564,1.4285770004936044e-14,4.759704612078665,0.09508508019588016,4.0719975309412105e-14,-8.857125936927758,-8.210609236910527e-15,-0.008604155969392435,13.872000455856323,93.504,12.337809085738193,2591.3227087130717
-0.09538143106019864,1.599462281077464e-14,-0.9088273455959174,-9.08774324071336e-15,-0.008068336058983517,-7.959977330119287e-18,0.09102171585384042,4.4761956804547093e-14,3.103484937846532,11.923529894393967,-2.2412800621339587e-14,0.013141328082999205,0.0,0.0,0.0,-6.273727999999996,0.0,0.0,0.0,0.0,0.0,12.26559999999996,-0.09722173250232694,1.5119986500379668e-14,5.0599035788675,0.09300842835898929,4.2701674234950286e-14,-9.008177384188642,-8.639519512755229e-15,-0.008331154889821134,14.040000438690186,95.3128,12.44693969453063,2979.3003689332318
-0.09358000688341694,1.691127433821963e-14,-0.8463635566059226,-9.555968061537745e-15,-0.007816192349536151,-1.0310498721239265e-17,0.08912070182432955,4.690319593995179e-14,3.142893961152958,11.780834617902565,-2.3412863191579617e-14,0.012607556416119593,0.0,0.0,0.0,-6.521001999999995,0.0,0.0,0.0,0.0,0.0,12.461799999999958,-0.09538143106019864,1.599462281077464e-14,5.364900654404078,0.09102171585384042,4.4761956804547093e-14,-9.162115062153429,-9.08774324071336e-15,-0.008068336058983517,14.197999000549316,97.4352,12.576609117840457,3402.7039373079447
-0.09181579947268959,1.787159783882728e-14,-0.7831383776191674,-1.0044950181396556e-14,-0.007575082507790039,-1.267355583645771e-17,0.08730003924840449,4.912915412081297e-14,3.1796239375225612,11.646854586513845,-2.4450734707993486e-14,0.012055846888812326,0.0,0.0,0.0,-6.7721999999999944,0.0,0.0,0.0,0.0,0.0,12.657999999999955,-0.09358000688341694,1.691127433821963e-14,5.674638443394072,0.08912070182432955,4.690319593995179e-14,-9.318906038847,-9.555968061537745e-15,-0.007816192349536151,14.369998931884766,99.8763,12.73548295684963,3862.821014000342
-0.09008724675192532,1.8877318396876654e-14,-0.7192045932016957,-1.0555454245491967e-14,-0.007345215126142277,-1.504130223125259e-17,0.0855552328280216,5.144290168412411e-14,3.213754504224588,11.516858762996264,-2.5526837695893914e-14,0.011493707418674635,0.0,0.0,0.0,-7.027321999999993,0.0,0.0,0.0,0.0,0.0,12.854199999999953,-0.09181579947268959,1.787159783882728e-14,5.989061622380827,0.08730003924840449,4.912915412081297e-14,-9.478376062477395,-1.0044950181396556e-14,-0.007575082507790039,14.54500436782837,102.639,12.918137429514701,4360.964902071875
-0.08839287861663073,1.9930228145730216e-14,-0.6546129830212364,-1.1088286868877605e-14,-0.007126685929703434,-1.7406258816460916e-17,0.08388158070143817,5.384807320123233e-14,3.245406513821343,11.39290781459245,-2.664327114466935e-14,0.010926781537366476,0.0,0.0,0.0,-7.286367999999992,0.0,0.0,0.0,0.0,0.0,13.05039999999995,-0.09008724675192532,1.8877318396876654e-14,6.3081174067982975,0.0855552328280216,5.144290168412411e-14,-9.640445495775364,-1.0555454245491967e-14,-0.007345215126142277,14.71299934387207,105.726,13.127224590170025,4898.442729341781
-0.08673130705198001,2.1032177652732085e-14,-0.5894133821077214,-1.1644245436847597e-14,-0.00691948316124552,-1.976143870902441e-17,0.08227557576363512,5.6346877498954726e-14,3.274553577530148,11.2676393239712,-2.7799573976660035e-14,0.010360443521403629,0.0,0.0,0.0,-7.549337999999992,0.0,0.0,0.0,0.0,0.0,13.246599999999948,-0.08839287861663073,1.9930228145730216e-14,6.631755016978756,0.08388158070143817,5.384807320123233e-14,-9.804993486178606,-1.1088286868877605e-14,-0.007126685929703434,14.880999326705933,109.146,13.354638767667169,5476.575114738605
-0.08510121350591687,2.2185061383127667e-14,-0.5236561494672543,-1.2224126414357452e-14,-0.006723529484981367,-2.2100040721437192e-17,0.08073377884267893,5.894149554060321e-14,3.301169686516549,11.141072161330053,-2.8995700437648835e-14,0.00979797239671741,0.0,0.0,0.0,-7.8162319999999905,0.0,0.0,0.0,0.0,0.0,13.442799999999945,-0.08673130705198001,2.1032177652732085e-14,6.95992461789227,0.08227557576363512,5.6346877498954726e-14,-9.972046422469798,-1.1644245436847597e-14,-0.00691948316124552,15.030998706817627,112.909,13.601009245604978,6096.658426515077
-0.08350134748505146,2.3390817248451048e-14,-0.45739214282936397,-1.2828733221145817e-14,-0.006538689772906665,-2.4415473305446662e-17,0.07925282324386254,6.163409099173462e-14,3.325230977272482,11.013313469950257,-3.023199851139385e-14,0.009242257860666984,0.0,0.0,0.0,-8.08704999999999,0.0,0.0,0.0,0.0,0.0,13.638999999999943,-0.08510121350591687,2.2185061383127667e-14,7.292575850532736,0.08073377884267893,5.894149554060321e-14,-10.141630313483397,-1.2224126414357452e-14,-0.006723529484981367,15.191005229949951,117.029,13.867064616164592,6759.9839422860505
-0.08193052498338062,2.465142626724676e-14,-0.3906726712164484,-1.3458870564488317e-14,-0.006364778172726581,-2.67013804973271e-17,0.07782942692322212,6.442681088783696e-14,3.346716184019077,10.884493016832897,-3.150853278336476e-14,0.008695836203831287,0.0,0.0,0.0,-8.36179199999999,0.0,0.0,0.0,0.0,0.0,13.83519999999994,-0.08350134748505146,2.3390817248451048e-14,7.629657857170627,0.07925282324386254,6.163409099173462e-14,-10.31376902272746,-1.2828733221145817e-14,-0.006538689772906665,15.340010643005371,121.519,14.153553528109864,7467.837244577263
-0.08038762664423114,2.596891214927346e-14,-0.32354944548138426,-1.4115349975964579e-14,-0.0062015647435939925,-2.895166645838475e-17,0.07646040699172499,6.732177731483288e-14,3.365606389487337,10.754728111852868,-3.2825644659130337e-14,0.008160911920033868,0.0,0.0,0.0,-8.64045799999999,0.0,0.0,0.0,0.0,0.0,14.031399999999937,-0.08193052498338062,2.465142626724676e-14,7.9711193287835425,0.07782942692322212,6.442681088783696e-14,-10.488483815980864,-1.3458870564488317e-14,-0.006364778172726581,15.500010251998901,126.389,14.461204500659065,8221.4975101894
-0.07887159567558023,2.7345340761641816e-14,-0.2560745309967876,-1.4798983235580032e-14,-0.006048781768707915,-3.116051681410529e-17,0.07514268987336556,7.032108392200304e-14,3.381885058972327,10.624137772604819,-3.418334671529459e-14,0.0076393738637919595,0.0,0.0,0.0,-8.923047999999989,0.0,0.0,0.0,0.0,0.0,14.227599999999935,-0.08038762664423114,2.596891214927346e-14,8.316908554518605,0.07646040699172499,6.732177731483288e-14,-10.665793610512601,-1.4115349975964579e-14,-0.0062015647435939925,15.671010255813599,131.653,14.79074149206789,9022.23669817448
-0.07738143557339171,2.87828194907227e-14,-0.18830030139418252,-1.5510588276958745e-14,-0.005906129675819051,-3.3322417339899404e-17,0.07387332034548652,7.342678898608501e-14,3.395537901288182,10.492834069859452,-3.5581946773004695e-14,0.007132814855522844,0.0,0.0,0.0,-9.209561999999988,0.0,0.0,0.0,0.0,0.0,14.423799999999932,-0.07887159567558023,2.7345340761641816e-14,8.666973469003201,0.07514268987336556,7.032108392200304e-14,-10.845714941027609,-1.4798983235580032e-14,-0.006048781768707915,15.825010061264038,137.321,15.142874156464629,9871.318831500772
-0.07591620768887798,3.0283496487222305e-14,-0.1202793944715025,-1.625098237557426e-14,-0.005773282580625771,-3.543216951178953e-17,0.0726494681058861,7.664091066387544e-14,3.406552790979819,10.360925190857886,-3.7021412032778383e-14,0.006642550537572273,0.0,0.0,0.0,-9.499999999999986,0.0,0.0,0.0,0.0,0.0,14.61999999999993,-0.07738143557339171,2.87828194907227e-14,9.021261698605805,0.07387332034548652,7.342678898608501e-14,-11.02826209871175,-1.5510588276958745e-14,-0.005906129675819051,15.986014366149902,143.406,15.518301126152167,10769.999270561511
-0.07447502868277074,3.18495598027135e-14,-0.052064669722817765,-1.7020989442946693e-14,-0.005649893433097912,-3.748490311240702e-17,0.0714684325048364,7.996542088524419e-14,3.4149196838886544,10.228515107221813,-3.850207439550269e-14,0.006169639228406608,0.0,0.0,0.0,-9.794361999999985,0.0,0.0,0.0,0.0,0.0,14.816199999999927,-0.07591620768887798,3.0283496487222305e-14,9.379720605528483,0.0726494681058861,7.664091066387544e-14,-11.21344720902011,-1.625098237557426e-14,-0.005773282580625771,16.13601064682007,149.919,15.917709542848364,11719.524029675551
-0.07305706790193678,3.348323642110363e-14,0.016290832459023304,-1.7821430478304752e-14,-0.005535598764489287,-3.9476085671362426e-17,0.07032764557856033,8.340224095376868e-14,3.4206305342954524,10.09570365388266,-4.002378831278537e-14,0.0057149018887683155,0.0,0.0,0.0,-10.092647999999983,0.0,0.0,0.0,0.0,0.0,15.012399999999925,-0.07447502868277074,3.18495598027135e-14,9.742297330277168,0.0714684325048364,7.996542088524419e-14,-11.401280316111272,-1.7020989442946693e-14,-0.005649893433097912,16.293009996414185,156.872,16.341775061661657,12721.129121873457
-0.07166154471049471,3.5186791184628815e-14,0.08473392994490649,-1.8653128900978594e-14,-0.005430023035996582,-4.140152869993363e-17,0.06922467356564752,8.695323539874978e-14,3.423679214292865,9.962586640523181,-4.1586674847366934e-14,0.0052789420399471255,0.0,0.0,0.0,-10.394857999999982,0.0,0.0,0.0,0.0,0.0,15.208599999999922,-0.07305706790193678,3.348323642110363e-14,10.108938832459007,0.07032764557856033,8.340224095376868e-14,-11.591769465704473,-1.7821430478304752e-14,-0.005535598764489287,16.45101046562195,164.275,16.79116190286765,13776.039933450693
-0.07028772580398814,3.6962525610250535e-14,0.15321133644213986,-1.9516908736233754e-14,-0.005332782594107506,-4.325739123494229e-17,0.06815721708501074,9.062020716342259e-14,3.4240614354304713,9.829255965068398,-4.3190764336702014e-14,0.0048621654299042,0.0,0.0,0.0,-10.70099199999998,0.0,0.0,0.0,0.0,0.0,15.40479999999992,-0.07166154471049471,3.5186791184628815e-14,10.479591929944888,0.06922467356564752,8.695323539874978e-14,-11.784920785707058,-1.8653128900978594e-14,-0.005430023035996582,16.60201072692871,172.139,17.26652291643062,14885.470628228144
-0.06893492253167614,3.88127766085208e-14,0.2216696975224799,-2.0413589471640746e-14,-0.005243489241303365,-4.504018019364761e-17,0.06712311014618769,9.440489266360374e-14,3.4217746726035285,9.695799725666667,-4.483582991665817e-14,0.004464799266125319,0.0,0.0,0.0,-11.011049999999978,0.0,0.0,0.0,0.0,0.0,15.600999999999917,-0.07028772580398814,3.6962525610250535e-14,10.85420333644212,0.06815721708501074,9.062020716342259e-14,-11.98073856456945,-1.9516908736233754e-14,-0.005332782594107506,16.76401138305664,180.476,17.768499654263643,16050.623581291467
-0.06760248824867911,4.0739915096287966e-14,0.2900556251499483,-2.134399114842088e-14,-0.005161753433860582,-4.6746748073605085e-17,0.06612031815351657,9.830895611311316e-14,3.4168180901433134,9.562302330516046,-4.652189928725951e-14,0.004086910861232372,0.0,0.0,0.0,-11.325031999999977,0.0,0.0,0.0,0.0,0.0,15.797199999999915,-0.06893492253167614,3.88127766085208e-14,11.232719697522457,0.06712311014618769,9.440489266360374e-14,-12.179225327396388,-2.0413589471640746e-14,-0.005243489241303365,16.921010971069336,189.295,18.29772244856376,17272.688841924348
-0.06628981571658825,4.2746344508734526e-14,0.3583157307520145,-2.2308930043308115e-14,-0.005087187121050062,-4.837428813127911e-17,0.0651469350555691,1.0233398513154359e-13,3.409192470063309,9.428844605367418,-4.8248784226339587e-14,0.0037284255636274356,0.0,0.0,0.0,-11.642937999999976,0.0,0.0,0.0,0.0,0.0,15.993399999999912,-0.06760248824867911,4.0739915096287966e-14,11.615087625149926,0.06612031815351657,9.830895611311316e-14,-12.380381909856602,-2.134399114842088e-14,-0.005161753433860582,17.073010206222534,198.608,18.854810495186385,18552.84362540881
-0.06499633456822738,4.4834499218106265e-14,0.42639665687678985,-2.3309218084090937e-14,-0.0050194062420945975,-4.992032695881387e-17,0.06420117978051773,1.0648148580563032e-13,3.3989001424142247,9.295503898656586,-5.001626728055813e-14,0.0033891438701035715,0.0,0.0,0.0,-11.964767999999975,0.0,0.0,0.0,0.0,0.0,16.189599999999917,-0.06628981571658825,4.2746344508734526e-14,12.00125373075199,0.0651469350555691,1.0233398513154359e-13,-12.584207529936602,-2.2308930043308115e-14,-0.005087187121050062,17.228010177612305,208.423,19.44037194124627,19892.251833328362
-0.06372150884955131,4.7006842855748826e-14,0.4942451074779377,-2.43456609216064e-14,-0.004958032898848665,-5.138271477928572e-17,0.06328139208708963,1.1075287795862535e-13,3.385944917700562,9.162354184261401,-5.182403458741154e-14,0.0030687576402114447,0.0,0.0,0.0,-12.290521999999973,0.0,0.0,0.0,0.0,0.0,16.38579999999992,-0.06499633456822738,4.4834499218106265e-14,12.391164656876764,0.06420117978051773,1.0648148580563032e-13,-12.790699857585693,-2.3309218084090937e-14,-0.0050194062420945975,17.392010927200317,218.753,20.055003976261595,21292.06360197605
-0.06246483464918416,4.926586653927988e-14,0.5618078768680592,-2.541905857783762e-14,-0.004902697223350331,-5.2759613698992853e-17,0.062386027949625646,1.151494903944802e-13,3.370332021311591,9.029466161900071,-5.367180468545614e-14,0.0027668653531105905,0.0,0.0,0.0,-12.62019999999997,0.0,0.0,0.0,0.0,0.0,16.581999999999926,-0.06372150884955131,4.7006842855748826e-14,12.78476710747791,0.06328139208708963,1.1075287795862535e-13,-12.999855082299359,-2.43456609216064e-14,-0.004958032898848665,17.540010690689087,229.605,20.69929292625203,22753.41487843794
-0.06122583782384098,5.1614087009274975e-14,0.6290318773803754,-2.653020428495185e-14,-0.004853038960201178,-5.40494841269811e-17,0.0615136545846925,1.1967255660502918e-13,3.3520680299200203,8.896907355197524,-5.555923805973321e-14,0.0024829863665974273,0.0,0.0,0.0,-12.95380199999997,0.0,0.0,0.0,0.0,0.0,16.77819999999993,-0.06246483464918416,4.926586653927988e-14,13.18200787686803,0.062386027949625646,1.151494903944802e-13,-13.211667978688336,-2.541905857783762e-14,-0.004902697223350331,17.696009635925293,240.99,21.37381435027949,24277.427023894146
-0.06000407182583565,5.40540446814333e-14,0.695864165777597,-2.76798801816019e-14,-0.004808708784196492,-5.5251069440574867e-17,0.060662945215840015,1.2432321061080453e-13,3.331160809802154,8.764742207452057,-5.748578000119095e-14,0.0022165741549843576,0.0,0.0,0.0,-13.291327999999968,0.0,0.0,0.0,0.0,0.0,16.974399999999935,-0.06122583782384098,5.1614087009274975e-14,13.582833877380345,0.0615136545846925,1.1967255660502918e-13,-13.426131970079911,-2.653020428495185e-14,-0.004853038960201178,17.851004600524902,252.918,22.07913313898552,25865.206443653755
-0.05879911563705151,5.658830161162565e-14,0.7622519684459588,-2.886885975088369e-14,-0.004769369373794437,-5.636337923979464e-17,0.05983267366257417,1.2910248240843072e-13,3.3076194570340194,8.633032175138402,-5.94509977001807e-14,0.0019670285175201053,0.0,0.0,0.0,-13.632777999999966,0.0,0.0,0.0,0.0,0.0,17.17059999999994,-0.06000407182583565,5.40540446814333e-14,13.987192165777564,0.060662945215840015,1.2432321061080453e-13,-13.643239190197782,-2.76798801816019e-14,-0.004808708784196492,18.011009454727173,265.397,22.815803614737607,27517.844243415828
-0.05761057181213048,5.921943937805927e-14,0.8281427054114854,-3.009790510895043e-14,-0.004734696260916663,-5.738567142933976e-17,0.05902170882952857,1.3401129423493086e-13,3.281454239518628,8.501835819184725,-6.145432277232324e-14,0.0017337067621492606,0.0,0.0,0.0,-13.978151999999966,0.0,0.0,0.0,0.0,0.0,17.366799999999945,-0.05879911563705151,5.658830161162565e-14,14.395029968445925,0.05983267366257417,1.2910248240843072e-13,-13.862980542965921,-2.886885975088369e-14,-0.004769369373794437,18.16801691055298,278.438,23.584369633047057,29236.415911228316
-0.056438064632212806,6.195005688784205e-14,0.8934840132146746,-3.13677638341299e-14,-0.004704378477251688,-5.831743323325097e-17,0.05822900916223903,1.3905045674334743e-13,3.252676540800299,8.3712088940626,-6.349502828342838e-14,0.0015159338806783353,0.0,0.0,0.0,-14.327449999999965,0.0,0.0,0.0,0.0,0.0,17.56299999999995,-0.05761057181213048,5.921943937805927e-14,14.806294705411451,0.05902170882952857,1.3401129423493086e-13,-14.085345760481317,-3.009790510895043e-14,-0.004734696260916663,18.321009159088135,292.048,24.385364684966945,31021.98102459671
-0.055281238369321264,6.478276810578121e-14,0.9582237666789049,-3.267917315813764e-14,-0.004678119016720342,-5.915836149375762e-17,0.05745361712691536,1.4422066505056802e-13,3.221298805622717,8.24120443472919,-6.55725968655337e-14,0.0013130117409475449,0.0,0.0,0.0,-14.680671999999964,0.0,0.0,0.0,0.0,0.0,17.759199999999954,-0.056438064632212806,6.195005688784205e-14,15.22093401321464,0.05822900916223903,1.3905045674334743e-13,-14.310323459199651,-3.13677638341299e-14,-0.004704378477251688,18.47800898551941,306.237,25.21931200021892,32875.58298217825
-0.05413975566042012,6.772019971522744e-14,1.0223100996070145,-3.403285272486266e-14,-0.004655635133092681,-5.990834237418121e-17,0.05669465376319855,1.4952249589405523e-13,3.187334487188232,8.111872841461267,-6.768614907889978e-14,0.0011242273295015023,0.0,0.0,0.0,-15.037817999999964,0.0,0.0,0.0,0.0,0.0,17.95539999999996,-0.055281238369321264,6.478276810578121e-14,15.63889576667887,0.05745361712691536,1.4422066505056802e-13,-14.537901194377238,-3.267917315813764e-14,-0.004678119016720342,18.637003660202026,321.012,26.086724650833975,34798.24875948233
-0.053013295989276954,7.076498871415905e-14,1.0856914244396634,-3.542950700508121e-14,-0.004636658490948367,-6.056743065946987e-17,0.05595131335111778,1.5495640399910433e-13,3.150797996076647,7.983261962620437,-6.983492622282357e-14,0.0009488600846363361,0.0,0.0,0.0,-15.398887999999962,0.0,0.0,0.0,0.0,0.0,18.151599999999963,-0.05413975566042012,6.772019971522744e-14,16.060128099606978,0.05669465376319855,1.4952249589405523e-13,-14.768065512811727,-3.403285272486266e-14,-0.004655635133092681,18.791003942489624,336.384,26.988105655124468,36790.98868798455
-0.0519015542735025,7.391977994691634e-14,1.1483164509082557,-3.686982362325356e-14,-0.004620935187275025,-6.113582891405983e-17,0.05522285822632795,1.605227192766252e-13,3.1117046507825803,7.85541717538897,-7.201808593383554e-14,0.0007861883646920787,0.0,0.0,0.0,-15.763881999999962,0.0,0.0,0.0,0.0,0.0,18.347799999999967,-0.053013295989276954,7.076498871415905e-14,16.484579424439627,0.05595131335111778,1.5495640399910433e-13,-15.000802003923315,-3.542950700508121e-14,-0.004636658490948367,18.94400429725647,352.359,27.923948081833778,38854.79625705177
-0.05080423955352707,7.718722358140609e-14,1.2101342037143943,-3.835446907302081e-14,-0.0046082256600272304,-6.161386660265891e-17,0.054508613771215,1.662216441723499e-13,3.0700706298312808,7.728381464515185,-7.423457161688776e-14,0.0006354951001889721,0.0,0.0,0.0,-16.13279999999996,0.0,0.0,0.0,0.0,0.0,18.543999999999972,-0.0519015542735025,7.391977994691634e-14,16.912198450908217,0.05522285822632795,1.605227192766252e-13,-15.236095349217386,-3.686982362325356e-14,-0.004620935187275025,19.103007793426514,368.946,28.89473515433553,40990.64793806501
-0.04972107377977897,8.056997253098225e-14,1.2710940392670425,-3.988409268643698e-14,-0.004598304498944838,-6.200197940174994e-17,0.05380796360359514,1.7205325078526692e-13,3.025912925433521,7.602195499106886,-7.648352514425715e-14,0.0004960726810065995,0.0,0.0,0.0,-16.50564199999996,0.0,0.0,0.0,0.0,0.0,18.740199999999977,-0.05080423955352707,7.718722358140609e-14,17.342934203714353,0.054508613771215,1.662216441723499e-13,-15.47392937016869,-3.835446907302081e-14,-0.0046082256600272304,19.262003898620605,386.153,29.90094035477696,43199.50303012083
-0.048651790693948184,8.407067982925942e-14,1.3311456615077883,-4.1459321551554894e-14,-0.004590960172873574,-6.230068883367516e-17,0.053120344979483515,1.7801747904245035e-13,2.9792492986410517,7.476897707511121,-7.876383425982231e-14,0.0003672271313945317,0.0,0.0,0.0,-16.88240799999996,0.0,0.0,0.0,0.0,0.0,18.93639999999998,-0.04972107377977897,8.056997253098225e-14,17.776736039267,0.05380796360359514,1.7205325078526692e-13,-15.714287074566457,-3.988409268643698e-14,-0.004598304498944838,19.414003133773804,403.987,30.94302752808153,45482.30352668462
-0.04759613479993587,8.769199596495182e-14,1.3902391368538467,-4.3080760641270754e-14,-0.004585994686760832,-6.251058234528253e-17,0.0524452444217477,1.841141345267895e-13,2.9300982359648016,7.352524350317904,-8.107439314961594e-14,0.00024828162631617963,0.0,0.0,0.0,-17.263097999999957,0.0,0.0,0.0,0.0,0.0,19.132599999999986,-0.048651790693948184,8.407067982925942e-14,18.213553661507746,0.053120344979483515,1.7801747904245035e-13,-15.95715070135893,-4.1459321551554894e-14,-0.004590960172873574,19.572003841400146,422.456,32.021450985743364,47839.974002565694
-0.04655386041989479,9.143656617795695e-14,1.4483249082876828,-4.4748990546964267e-14,-0.004583223180430726,-6.263229398008165e-17,0.05178219358236056,1.903428867737238e-13,2.8784789074188266,7.229109591525161,-8.341398267794664e-14,0.000138579402572432,0.0,0.0,0.0,-17.647711999999956,0.0,0.0,0.0,0.0,0.0,19.32879999999999,-0.04759613479993587,8.769199596495182e-14,18.653337136853803,0.0524452444217477,1.841141345267895e-13,-16.202501764035183,-4.3080760641270754e-14,-0.004585994686760832,19.72499942779541,441.568,33.13665560936177,50273.4215205804
-0.04552473083064726,9.530702772249553e-14,1.5053538086214084,-4.6464568675218136e-14,-0.004582473480187605,-6.266648575289971e-17,0.05113076534239256,1.9670326768013427e-13,2.8244111259537386,7.106685567901514,-8.578144354638556e-14,3.748611744867494e-05,0.0,0.0,0.0,-18.036249999999956,0.0,0.0,0.0,0.0,0.0,19.524999999999995,-0.04655386041989479,9.143656617795695e-14,19.096036908287637,0.05178219358236056,1.903428867737238e-13,-16.450321092581163,-4.4748990546964267e-14,-0.004583223180430726,19.881999492645264,461.329,34.2890769538778,52783.53555726829
-0.0445085174757153,9.930600710456999e-14,1.561277072963387,-4.82280276939093e-14,-0.004583585613267398,-6.261382981548706e-17,0.05049057015080303,2.0319467052731125e-13,2.767915308244091,6.985282456583196,-8.817553875817339e-14,-5.5608293621568737e-05,0.0,0.0,0.0,-18.42871199999996,0.0,0.0,0.0,0.0,0.0,19.7212,-0.04552473083064726,9.530702772249553e-14,19.541603808621364,0.05113076534239256,1.9670326768013427e-13,-16.700588874046257,-4.6464568675218136e-14,-0.004582473480187605,20.052999258041382,481.746,35.47914135048644,55371.18794702539
-0.043504999248202635,1.0343611730191388e-13,1.6160463504137774,-5.003987245331372e-14,-0.004586411294160306,-6.247499149222927e-17,0.049861252600463514,2.098163492070772e-13,2.7090124367949455,6.864928540940724,-9.05948773665635e-14,-0.00014128821058290614,0.0,0.0,0.0,-18.825097999999958,0.0,0.0,0.0,0.0,0.0,19.917400000000004,-0.0445085174757153,9.930600710456999e-14,19.989989072963347,0.05049057015080303,2.0319467052731125e-13,-16.953284691755908,-4.82280276939093e-14,-0.004583585613267398,20.209998846054077,502.827,36.70726600920817,58037.23284401984
-0.042513961839821604,1.0769995496850104e-13,1.6696137150150623,-5.190057929909891e-14,-0.004590813390873729,-6.225061326623896e-17,0.04924248823763953,2.165674174516391e-13,2.647724023333539,6.74565027475059,-9.303803407262347e-14,-0.00022011132573919193,0.0,0.0,0.0,-19.22540799999996,0.0,0.0,0.0,0.0,0.0,20.11360000000001,-0.043504999248202635,1.0343611730191388e-13,20.441144350413737,0.049861252600463514,2.098163492070772e-13,-17.208387563205058,-5.003987245331372e-14,-0.004586411294160306,20.36900234222412,524.578,37.97385912111263,60782.50670125674
-0.0415351971514519,1.1210009762712936e-13,1.7219316759829246,-5.381059840454618e-14,-0.004596665378296316,-6.194129976143577e-17,0.048633980599330946,2.2344684841119324e-13,2.584072073452707,6.627472344706445,-9.550370019109935e-14,-0.00029260799879089234,0.0,0.0,0.0,-19.629641999999958,0.0,0.0,0.0,0.0,0.0,20.309800000000013,-0.042513961839821604,1.0769995496850104e-13,20.89502171501502,0.04924248823763953,2.165674174516391e-13,-17.46587597666647,-5.190057929909891e-14,-0.004590813390873729,20.52099919319153,547.006,39.27931996019396,63607.828266162374
-0.04056850276074469,1.1663910086088262e-13,1.7729531872421855,-5.577034895449825e-14,-0.0046038507849670155,-6.154760376060527e-17,0.04803545847139035,2.3045347496413263e-13,2.5180790524733956,6.510417731304135,-9.799032622608346e-14,-0.00035928092707594343,0.0,0.0,0.0,-20.037799999999958,0.0,0.0,0.0,0.0,0.0,20.506000000000018,-0.0415351971514519,1.1210009762712936e-13,21.351573675982884,0.048633980599330946,2.2344684841119324e-13,-17.725727926547307,-5.381059840454618e-14,-0.004596665378296316,20.679998874664307,570.116,40.62403898490352,66513.99859206121
-0.03961368144243912,1.213194955084726e-13,1.822631656291862,-5.77802213110561e-14,-0.004612262638749662,-6.107001329298814e-17,0.047446673359166254,2.375859897948671e-13,2.449767852494282,6.394507768134064,-1.0049647096871905e-13,-0.0004206050908440291,0.0,0.0,0.0,-20.44988199999996,0.0,0.0,0.0,0.0,0.0,20.702200000000023,-0.04056850276074469,1.1663910086088262e-13,21.810753187242142,0.04803545847139035,2.3045347496413263e-13,-17.98792094752662,-5.577034895449825e-14,-0.0046038507849670155,20.83499836921692,593.916,42.008397939351234,69501.80106492408
-0.03867054073723224,1.261437848680689e-13,1.870920952422777,-5.98405737955497e-14,-0.004621802916165641,-6.050893980519897e-17,0.04686739716152164,2.4484294616476223e-13,2.379161760597211,6.279762199613946,-1.0302053230290973e-13,-0.0004770279361662007,0.0,0.0,0.0,-20.86588799999996,0.0,0.0,0.0,0.0,0.0,20.898400000000027,-0.03961368144243912,1.213194955084726e-13,22.27251365629182,0.047446673359166254,2.375859897948671e-13,-18.25243214750574,-5.77802213110561e-14,-0.004612262638749662,20.99099898338318,618.411,43.43276995418998,72572.0014447727
-0.03773889256523279,1.3111444191634955e-13,1.917775414310527,-6.195173349141667e-14,-0.004632381999445385,-5.986470742790109e-17,0.04629742003842364,2.5222275866330215e-13,2.306284428177798,6.1661992371948715,-1.0556094825664899e-13,-0.0005289697608877751,0.0,0.0,0.0,-21.28581799999996,0.0,0.0,0.0,0.0,0.0,21.09460000000003,-0.03867054073723224,1.261437848680689e-13,22.736808952422734,0.04686739716152164,2.4484294616476223e-13,-18.519238239402817,-5.98405737955497e-14,-0.004621802916165641,21.149003505706787,643.607,44.89751964720107,75725.34792112972
-0.03681855288022998,1.3623390654749247e-13,1.9631498570060173,-6.41139944301511e-14,-0.004643918144723634,-5.913754333042763e-17,0.0457365484618578,2.5972370445099197e-13,2.2311598413712224,6.053835614072294,-1.0811606615166087e-13,-0.0005768242718330624,0.0,0.0,0.0,-21.70967199999996,0.0,0.0,0.0,0.0,0.0,21.290800000000036,-0.03773889256523279,1.3111444191634955e-13,23.203593414310486,0.04629742003842364,2.5222275866330215e-13,-18.788315571822235,-6.195173349141667e-14,-0.004632381999445385,21.30600357055664,669.509,46.40300322360122,78962.57118191352
-0.03590934136121578,1.4150458283852637e-13,2.006999578345168,-6.63276187461576e-14,-0.004656336964222779,-5.832756914852779e-17,0.04518460343956233,2.6734392465239855e-13,2.153812292543848,5.942686638434009,-1.1068429105305192e-13,-0.0006209592842297462,0.0,0.0,0.0,-22.13744999999996,0.0,0.0,0.0,0.0,0.0,21.48700000000004,-0.03681855288022998,1.3623390654749247e-13,23.672821857005975,0.0457365484618578,2.5972370445099197e-13,-19.059640158628813,-6.41139944301511e-14,-0.004643918144723634,21.458998680114746,696.124,47.94956857609229,82284.38449518196
-0.03501108113781039,1.469288363475511e-13,2.0492803647988262,-6.859283330749888e-14,-0.004669570924741734,-5.743479347484038e-17,0.04464141890097654,2.7508142625007457e-13,2.074266352821959,5.832766245275934,-1.1326385955736126e-13,-0.0006617175370098005,0.0,0.0,0.0,-22.56915199999996,0.0,0.0,0.0,0.0,0.0,21.683200000000046,-0.03590934136121578,1.4150458283852637e-13,24.144449578345128,0.04518460343956233,2.6734392465239855e-13,-19.333187707456194,-6.63276187461576e-14,-0.004656336964222779,21.61499857902527,723.457,49.53755538467725,85691.48380314063
-0.034123598546452326,1.525089914493147e-13,2.0899484967833404,-7.090983248813274e-14,-0.004683558864292852,-5.645910537740729e-17,0.04410684023482978,2.8293408392628776e-13,1.9925468456295221,5.7240870468164955,-1.1585314687611337e-13,-0.0006994176002392776,0.0,0.0,0.0,-23.004777999999963,0.0,0.0,0.0,0.0,0.0,21.87940000000005,-0.03501108113781039,1.469288363475511e-13,24.618432364798785,0.04464141890097654,2.7508142625007457e-13,-19.608933647178088,-6.859283330749888e-14,-0.004669570924741734,21.77099847793579,751.513,51.167295216264954,89184.54782783674
-0.03324672291442461,1.582473287142411e-13,2.1289607534517105,-7.32787740586054e-14,-0.0046982455283041576,-5.5400268918516145e-17,0.043580722967941556,2.908996425663519e-13,1.908678821207466,5.616660381539529,-1.1845032274856238e-13,-0.0007343548534105316,0.0,0.0,0.0,-23.444327999999963,0.0,0.0,0.0,0.0,0.0,22.075600000000055,-0.034123598546452326,1.525089914493147e-13,25.094726496783302,0.04410684023482978,2.8293408392628776e-13,-19.886853154370527,-7.090983248813274e-14,-0.004683558864292852,21.92800259590149,780.297,52.83911162408724,92764.23818797301
-0.03238028636899481,1.6414608233599678e-13,2.166274416984661,-7.569978263541872e-14,-0.004713581126425805,-5.425791863242158e-17,0.04306293157503855,2.9897571960921665e-13,1.8226875320875922,5.510496361895613,-1.210537293865721e-13,-0.0007668025156862392,0.0,0.0,0.0,-23.887801999999965,0.0,0.0,0.0,0.0,0.0,22.27180000000006,-0.03324672291442461,1.582473287142411e-13,25.573288753451674,0.043580722967941556,2.908996425663519e-13,-20.166921178792588,-7.32787740586054e-14,-0.0046982455283041576,22.08899736404419,809.814,54.55332024695059,96431.19952628248
-0.031524123669147384,1.7020743761303766e-13,2.201847276400485,-7.817294662048555e-14,-0.00472952091064602,-5.3031555911923656e-17,0.04255333840970391,3.071598080948702e-13,1.7345984094948188,5.405603920690689,-1.2366155596950887e-13,-0.0007970127114037629,0.0,0.0,0.0,-24.335199999999965,0.0,0.0,0.0,0.0,0.0,22.468000000000064,-0.03238028636899481,1.6414608233599678e-13,26.054076416984625,0.04306293157503855,2.9897571960921665e-13,-20.449112467912467,-7.569978263541872e-14,-0.004713581126425805,22.2439968585968,840.068,56.31022890834459,100186.05964691789
-0.03067807205758093,1.764335284905333e-13,2.2356376309019534,-8.069831909219704e-14,-0.004746024775129298,-5.172054627837818e-17,0.042051822746941754,3.1544927965469255e-13,1.6444370406520215,5.30199085619102,-1.26272036230765e-13,-0.000825217556221195,0.0,0.0,0.0,-24.786521999999966,0.0,0.0,0.0,0.0,0.0,22.66420000000007,-0.031524123669147384,1.7020743761303766e-13,26.53704727640045,0.04255333840970391,3.071598080948702e-13,-20.733401590505245,-7.817294662048555e-14,-0.00472952091064602,22.39600157737732,871.066,58.110137715427314,104029.4296623188
-0.029841971130829,1.8282643516582243e-13,2.267604292778097,-8.327591764386788e-14,-0.0047630568779359755,-5.032411746596072e-17,0.04155826992825149,3.2384138787422163e-13,1.5522291469623177,5.199663875972359,-1.2888339582512352e-13,-0.0008516302512162505,0.0,0.0,0.0,-25.241767999999965,0.0,0.0,0.0,0.0,0.0,22.860400000000073,-0.03067807205758093,1.764335284905333e-13,27.022159630901918,0.042051822746941754,3.1544927965469255e-13,-21.019762959348046,-8.069831909219704e-14,-0.004746024775129298,22.554001569747925,902.811,59.95333915790721,107961.90414903108
-0.029015662725540976,1.893881817634674e-13,2.297706589878162,-8.590572250243366e-14,-0.004780585284563904,-4.8841358293361657e-17,0.041072570600550896,3.323332718902736e-13,1.458000563044193,5.0986286395411975,-1.3149376633899233e-13,-0.0008764461740257042,0.0,0.0,0.0,-25.70093799999997,0.0,0.0,0.0,0.0,0.0,23.056600000000078,-0.029841971130829,1.8282643516582243e-13,27.50937229277806,0.04155826992825149,3.2384138787422163e-13,-21.308170853037755,-8.327591764386788e-14,-0.0047630568779359755,22.709996223449707,935.307,61.840118206838596,111984.06131196457
-0.02819899081912795,1.9612073408270204e-13,2.325904367674558,-8.858768030868036e-14,-0.004798581633067552,-4.727121823953642e-17,0.04059462004075171,3.4092196003318913e-13,1.3617772165954218,4.998889799755568,-1.3410146837536573e-13,-0.0008998439577476416,0.0,0.0,0.0,-26.16403199999997,0.0,0.0,0.0,0.0,0.0,23.252800000000082,-0.029015662725540976,1.893881817634674e-13,27.998644589878133,0.041072570600550896,3.323332718902736e-13,-21.598599436955883,-8.590572250243366e-14,-0.004780585284563904,22.86599612236023,968.559,63.77075241334686,116096.46315658677
-0.02739180144313773,2.0302599742375793e-13,2.352157990931135,-9.132169930483427e-14,-0.004817020820353948,-4.561250769645276e-17,0.04012431755827032,3.496043740724001e-13,1.2635851090622652,4.900451043071803,-1.3670458190933182e-13,-0.0009219865498140886,0.0,0.0,0.0,-26.631049999999973,0.0,0.0,0.0,0.0,0.0,23.449000000000087,-0.02819899081912795,1.9612073408270204e-13,28.489936367674527,0.04059462004075171,3.4092196003318913e-13,-21.89102278340466,-8.858768030868036e-14,-0.004798581633067552,23.019998788833618,1002.57,65.74551200729668,120299.65566856072
-0.026593942607872647,2.1010581449624741e-13,2.3764283449926675,-9.410765314482179e-14,-0.004835880709125971,-4.386389884878824e-17,0.03966156596823787,3.583773331765485e-13,1.163450297090969,4.803315128644052,-1.3930137743431313e-13,-0.0009430222443908931,0.0,0.0,0.0,-27.101991999999974,0.0,0.0,0.0,0.0,0.0,23.64520000000009,-0.02739180144313773,2.0302599742375793e-13,28.98320799093111,0.04012431755827032,3.496043740724001e-13,-22.18541489093782,-9.132169930483427e-14,-0.004817020820353948,23.173994302749634,1037.35,67.76465999591528,124594.1690003505
-0.025805264236903706,2.1736196341239273e-13,2.3986768367109685,-9.694537924054657e-14,-0.004855141854839048,-4.202392710067947e-17,0.03920627112865616,3.6723755843798093e-13,1.0613988747391032,4.707483926302276,-1.418900427549826e-13,-0.0009630856830745942,0.0,0.0,0.0,-27.576857999999977,0.0,0.0,0.0,0.0,0.0,23.841400000000096,-0.026593942607872647,2.1010581449624741e-13,29.478420344992642,0.03966156596823787,3.583773331765485e-13,-22.481749702909124,-9.410765314482179e-14,-0.004835880709125971,23.332993507385254,1072.89,69.82845226238,128980.51766432528
-0.025025618110264953,2.2479615577072774e-13,2.4188653950226073,-9.983467916649446e-14,-0.004874787251954193,-4.0090993030655713e-17,0.0387583415352191,3.761816773955224e-13,0.957456956424789,4.612958453434014,-1.4446878590676125e-13,-0.0009822988197409864,0.0,0.0,0.0,-28.055647999999977,0.0,0.0,0.0,0.0,0.0,24.0376000000001,-0.025805264236903706,2.1736196341239273e-13,29.975534836710946,0.03920627112865616,3.6723755843798093e-13,-22.78000112526099,-9.694537924054657e-14,-0.004855141854839048,23.4920015335083,1109.21,71.93713766437716,133459.20073190893
-0.024254857815232934,2.324100348321157e-13,2.436956471192779,-1.027753195184815e-13,-0.004894802098706969,-3.806336480276726e-17,0.03831768796798272,3.8520622874327316e-13,0.8516506605923742,4.519738910795407,-1.4703585786372686e-13,-0.0010007718463659631,0.0,0.0,0.0,-28.538361999999978,0.0,0.0,0.0,0.0,0.0,24.233800000000105,-0.025025618110264953,2.2479615577072774e-13,30.474513395022583,0.0387583415352191,3.761816773955224e-13,-23.080143043575312,-9.983467916649446e-14,-0.004874787251954193,23.642998933792114,1146.3,74.09095813263812,138030.70203833346
-0.023492838703707962,2.4020517379199045e-13,2.4529130387394393,-1.0576703301223692e-13,-0.004915173579565155,-3.593918097873584e-17,0.03788422318451449,3.943076672441977e-13,0.7440060940736,4.427824717275492,-1.4958956453077316e-13,-0.0010186040774893196,0.0,0.0,0.0,-29.02499999999998,0.0,0.0,0.0,0.0,0.0,24.43000000000011,-0.024254857815232934,2.324100348321157e-13,30.975318471192757,0.03831768796798272,3.8520622874327316e-13,-23.382149339407732,-1.027753195184815e-13,-0.004894802098706969,23.797998905181885,1184.17,76.29014876945386,142695.49039256512
-0.02273941785531699,2.481830741528688e-13,2.4666985930514134,-1.0880951516301786e-13,-0.004935890664516439,-3.371645372763503e-17,0.03745786165458321,4.0348236884364505e-13,0.6345493371237951,4.3372145436384075,-1.5212804578875094e-13,-0.001035884791738809,0.0,0.0,0.0,-29.515561999999985,0.0,0.0,0.0,0.0,0.0,24.626200000000114,-0.023492838703707962,2.4020517379199045e-13,31.47791303873942,0.03788422318451449,3.943076672441977e-13,-23.68599390592651,-1.0576703301223692e-13,-0.004915173579565155,23.957993984222412,1222.82,78.53493794717014,147454.01979198787
