-0.3,0.0,0.0008107304896190374,-2.2757094093038137e-18,0.046045203340977385,-5.240200996575491e-20,0.0,0.0,0.08107304896190375,13.863652448095188,-1.1372513827521017e-16,2.302667016778112,0.0,0.0,0.0,0.218038,0.0,0.0,0.0,0.0,0.0,-4.803799999999999,-0.3,0.0,-0.12,0.0,0.0,-5.0,0.0,-0.0,0.030997753143310547,185.262,14.507356729586675,206.6829407452
-0.2998765185801207,6.098555044157132e-21,0.0031500393524332526,-3.69480712983803e-18,0.07517617765633568,-1.39522393207595e-19,0.012348141987924487,6.098555044157132e-19,0.15285783731951774,13.413456247517741,-7.070973700327849e-17,1.4570378556918704,0.0,0.0,0.0,0.312152,0.0,0.0,0.0,0.0,0.0,-4.607599999999998,-0.3,0.0,-0.21722726951038096,0.0,0.0,-4.722726951038095,-2.2757094093038137e-18,0.046045203340977385,0.2579977512359619,177.542,13.737313584233124,215.23307283544364
-0.2994347082537074,2.7853995275745884e-20,0.006832189703811198,-4.689383550802397e-18,0.0911396389898401,-2.0667408570887363e-19,0.03183289065341303,1.565688518743162e-18,0.21535719781827678,12.971605004106483,-4.946827959678354e-17,0.7984862995386963,0.0,0.0,0.0,0.4023419999999999,0.0,0.0,0.0,0.0,0.0,-4.411399999999997,-0.2998765185801207,6.098555044157132e-21,-0.30900196064756674,0.012348141987924487,6.098555044157132e-19,-4.45474216268048,-3.69480712983803e-18,0.07517617765633568,0.42799878120422363,170.062,13.095918989780209,224.525167330844
-0.29856981297206137,7.088030996793308e-20,0.011674657266032154,-5.4826467478522664e-18,0.09730623595226304,-2.381771797924489e-19,0.05465663751118807,2.7369429504755576e-18,0.2688895584038188,12.53865775753678,-3.953088983443238e-17,0.3084551008703568,0.0,0.0,0.0,0.4886079999999999,0.0,0.0,0.0,0.0,0.0,-4.215199999999996,-0.2994347082537074,2.7853995275745884e-20,-0.3955098102961887,0.03183289065341303,1.565688518743162e-18,-4.19604280218172,-4.689383550802397e-18,0.0911396389898401,0.5949985980987549,162.918,12.565667430389208,234.32741005783055
-0.29724129495615487,1.3884666415104067e-19,0.017501824011446364,-6.192805848664066e-18,0.09654544106561781,-2.337149233892635e-19,0.07819516407945906,4.0596924678352e-18,0.3138271161376024,12.114184246454544,-3.554403607065379e-17,-0.038055259339487515,0.0,0.0,0.0,0.5709499999999998,0.0,0.0,0.0,0.0,0.0,-4.018999999999995,-0.29856981297206137,7.088030996793308e-20,-0.4769333427339677,0.05465663751118807,2.7369429504755576e-18,-3.946310441596177,-5.4826467478522664e-18,0.09730623595226304,0.7499990463256836,156.112,12.135956349831329,244.409537313753
-0.2954519291098816,2.344723701122304e-19,0.024144405987443194,-6.888540982034109e-18,0.0911876767491803,-1.9851662761978137e-19,0.1007414205478673,5.5028781282837725e-18,0.35043108146208046,11.694659032175764,-3.496596827840076e-17,-0.2679981250859731,0.0,0.0,0.0,0.6493679999999997,0.0,0.0,0.0,0.0,0.0,-3.8227999999999955,-0.29724129495615487,1.3884666415104067e-19,-0.5534481759885534,0.07819516407945906,4.0596924678352e-18,-3.7051728838623923,-6.192805848664066e-18,0.09654544106561781,0.9049983024597168,149.616,11.787027776686287,254.5602811758491
-0.2932316534518115,3.600306669364743e-19,0.03143779487773475,-7.606717848230519e-18,0.08304704386397685,-1.392919011895344e-19,0.12128614525914563,7.05295155414062e-18,0.3789078075670752,11.280704429103821,-3.618137602174842e-17,-0.40720137714183613,0.0,0.0,0.0,0.7238619999999997,0.0,0.0,0.0,0.0,0.0,-3.6265999999999963,-0.2954519291098816,2.344723701122304e-19,-0.6252235940125566,0.1007414205478673,5.5028781282837725e-18,-3.472368918537915,-6.888540982034109e-18,0.0911876767491803,1.070997714996338,143.402,11.49881965710416,264.5993695419618
-0.29062551162594674,5.176091008771209e-19,0.039221444894149804,-8.364411303259672e-18,0.07347652431632219,-6.263154201827672e-20,0.13932803732733104,8.704891839924035e-18,0.3994571940744295,10.874949013755716,-3.8200377294864995e-17,-0.47873049951267427,0.0,0.0,0.0,0.7944319999999996,0.0,0.0,0.0,0.0,0.0,-3.430399999999997,-0.2932316534518115,3.600306669364743e-19,-0.6924242051222649,0.12128614525914563,7.05295155414062e-18,-3.247692192432921,-7.606717848230519e-18,0.08304704386397685,1.2349982261657715,137.451,11.251939174903818,274.37323226698373
-0.28768512137236324,7.092246939955064e-19,0.04733840694838859,-9.17145713439942e-18,0.06343873510186473,2.5585395316514414e-20,0.1547109880310216,1.0456667471914512e-17,0.41223901134944974,10.47736072729222,-4.067154644155643e-17,-0.5021101006141198,0.0,0.0,0.0,0.8610779999999996,0.0,0.0,0.0,0.0,0.0,-3.2341999999999977,-0.29062551162594674,5.176091008771209e-19,-0.7552105551058498,0.13932803732733104,8.704891839924035e-18,-3.0309428059255676,-8.364411303259672e-18,0.07347652431632219,1.3929989337921143,131.747,11.026266174547407,283.75039243316303
-0.28446299484141857,9.368654471661511e-19,0.055634706806236264,-1.0034088783403968e-17,0.05358173658587384,1.2040178410486472e-19,0.16750166506344502,1.2307407845149959e-17,0.41739097443531714,10.087890569574038,-4.3428079676059796e-17,-0.4930726540193763,0.0,0.0,0.0,0.9237999999999995,0.0,0.0,0.0,0.0,0.0,-3.0379999999999985,-0.28768512137236324,7.092246939955064e-19,-0.8137395930516109,0.1547109880310216,1.0456667471914512e-17,-2.821960988650548,-9.17145713439942e-18,0.06343873510186473,1.5439989566802979,126.28,10.806267287243227,292.6227378631101
-0.28100900607168544,1.2025028630705633e-18,0.0639587980002884,-1.0957228130756472e-17,0.04431045360464043,2.1782633290730446e-19,0.1778972119098681,1.425633374529127e-17,0.41501814496989675,9.705287145633198,-4.641645712646049e-17,-0.46377884208702264,0.0,0.0,0.0,0.9825979999999995,0.0,0.0,0.0,0.0,0.0,-2.841799999999999,-0.28446299484141857,9.368654471661511e-19,-0.8681652931937632,0.16750166506344502,1.2307407845149959e-17,-2.6206090255646814,-1.0034088783403968e-17,0.05358173658587384,1.7029976844787598,121.042,10.580392432826741,300.90289279157867
-0.27736846235515344,1.5080796742137746e-18,0.07216004889762395,-1.1949117627749199e-17,0.03584965554613248,3.1480691163055085e-19,0.1861571597433296,1.6301347369029845e-17,0.4051069447636576,9.323591537976581,-4.981201125555455e-17,-0.4232398683766471,0.0,0.0,0.0,1.0374719999999995,0.0,0.0,0.0,0.0,0.0,-2.6456,-0.28100900607168544,1.2025028630705633e-18,-0.9186392019997112,0.1778972119098681,1.425633374529127e-17,-2.4267818550301024,-1.0957228130756472e-17,0.04431045360464043,1.8639988899230957,116.03,10.337503692261995,308.5236439944281
-0.27358116030343343,1.8555163125262925e-18,0.08008908556371049,-1.3009281651022882e-17,0.028297027080270574,4.0910594456025454e-19,0.19257304542867362,1.844231646222194e-17,0.3877967218449955,8.9502396522856,-5.318468695981256e-17,-0.3778128475896215,0.0,0.0,0.0,1.0884219999999996,0.0,0.0,0.0,0.0,0.0,-2.4494000000000007,-0.27736846235515344,1.5080796742137746e-18,-0.9653119511023756,0.1861571597433296,1.6301347369029845e-17,-2.2404930552363425,-1.1949117627749199e-17,0.03584965554613248,2.017997980117798,111.242,10.08288327381811,315.4433740717123
-0.2696811113811786,2.2467233651988116e-18,0.08759963299879515,-1.413669300411293e-17,0.021662633752050298,4.991824180192811e-19,0.19743184679680228,2.0678388805029958e-17,0.36325802166347143,8.586502461145583,-5.651033161875252e-17,-0.33188103957945525,0.0,0.0,0.0,1.1354479999999993,0.0,0.0,0.0,0.0,0.0,-2.2532000000000014,-0.27358116030343343,1.8555163125262925e-18,-1.0083329144362891,0.19257304542867362,1.844231646222194e-17,-2.061603278155005,-1.3009281651022882e-17,0.028297027080270574,2.1729977130889893,106.669,9.818082609075917,321.6240814125133
-0.2656968108452244,2.683584266988417e-18,0.09454885464678862,-1.5331115987009814e-17,0.015901109218725062,5.840870278079731e-19,0.2009982067986217,2.300770137393058e-17,0.331664143135875,8.232237567917105,-5.98300794917377e-17,-0.2882176942791034,0.0,0.0,0.0,1.1785499999999995,0.0,0.0,0.0,0.0,0.0,-2.057000000000002,-0.2696811113811786,2.2467233651988116e-18,-1.0478483670012042,0.19743184679680228,2.0678388805029958e-17,-1.8899419783365299,-1.413669300411293e-17,0.021662633752050298,2.3299973011016846,102.298,9.544856888834692,327.03814989675664
-0.2616517655952837,3.1679360161942586e-18,0.10079732308236751,-1.6592443929599376e-17,0.010935592459489246,6.633525681301134e-19,0.20350631819544976,2.542747354665359e-17,0.29318270042201366,7.886924929146957,-6.31506602576372e-17,-0.2483986144697782,0.0,0.0,0.0,1.2177279999999997,0.0,0.0,0.0,0.0,0.0,-1.8608000000000022,-0.2656968108452244,2.683584266988417e-18,-1.084001145353211,0.2009982067986217,2.300770137393058e-17,-1.725335856864127,-1.5331115987009814e-17,0.015901109218725062,2.4999303817749023,98.12,9.265432481847547,331.6688308636648
-0.25756514660438556,3.701520992422251e-18,0.10620707732492234,-1.792520422395454e-17,0.0066745676617668125,7.368956407245728e-19,0.2051555808943674,2.793102407614564e-17,0.24779272383346865,7.540952066684559,-6.670343014408034e-17,-0.21315713874675243,0.0,0.0,0.0,1.2529819999999998,0.0,0.0,0.0,0.0,0.0,-1.664600000000002,-0.2616517655952837,3.1679360161942586e-18,-1.1169306769176321,0.20350631819544976,2.542747354665359e-17,-1.5676172995779885,-1.6592443929599376e-17,0.010935592459489246,2.6509289741516113,94.1248,8.97544788756692,335.5094779610488
-0.25345242277064095,4.285963294571551e-18,0.11064103603051186,-1.9328609716989773e-17,0.0030234836163469214,8.049048053556808e-19,0.2061168024800958,3.051320613878438e-17,0.1956031467254842,7.200681538659039,-7.02217035520845e-17,-0.18264528339807126,0.0,0.0,0.0,1.284312,0.0,0.0,0.0,0.0,0.0,-1.468400000000002,-0.25756514660438556,3.701520992422251e-18,-1.1467749226750774,0.2051555808943674,2.793102407614564e-17,-1.4168072761665333,-1.792520422395454e-17,0.0066745676617668125,2.8119301795959473,90.3094,8.683172850585304,338.5763489824202
-0.24932593179753573,4.922792512065377e-18,0.1139653120813685,-2.0798969330771938e-17,-0.00010902591671517177,8.67754858343331e-19,0.20653229483042893,3.3169715610598235e-17,0.13682445836018,6.871096987616565,-7.355928324863851e-17,-0.15670383643027366,0.0,0.0,0.0,1.311718,0.0,0.0,0.0,0.0,0.0,-1.2722000000000018,-0.25345242277064095,4.285963294571551e-18,-1.173670963969488,0.2061168024800958,3.051320613878438e-17,-1.2727968532745177,-1.9328609716989773e-17,0.0030234836163469214,2.966928482055664,86.6642,8.394791709613925,340.88444855627523
-0.24519542876886277,5.613441741178909e-18,0.1160502046767652,-2.2333525522581003e-17,-0.0028071367823918024,9.259430290612502e-19,0.20651800803686973,3.589520730075498e-17,0.07166480117949145,6.5520171799063425,-7.676198364446286e-17,-0.13497317363770323,0.0,0.0,0.0,1.3352,0.0,0.0,0.0,0.0,0.0,-1.0760000000000016,-0.24932593179753573,4.922792512065377e-18,-1.1977526879186315,0.20653229483042893,3.3169715610598235e-17,-1.1353755416398217,-2.0798969330771938e-17,-0.00010902591671517177,3.1239304542541504,83.1785,8.112058936771476,342.447665726835
-0.24106857364823103,6.3592287091088506e-18,0.11677011491859972,-2.392978596363629e-17,-0.005145638610877731,9.800368636428744e-19,0.20616750402630482,3.86834894922392e-17,0.0003262230039607697,6.243095689057131,-7.984229756990661e-17,-0.11698379667924419,0.0,0.0,0.0,1.354758,0.0,0.0,0.0,0.0,0.0,-0.8798000000000015,-0.24519542876886277,5.613441741178909e-18,-1.2191497953232346,0.20651800803686973,3.589520730075498e-17,-1.0043351988205103,-2.2333525522581003e-17,-0.0028071367823918024,3.2799289226531982,79.8419,7.836227343279989,343.28488975774474
-0.23695133075219407,7.161294092897046e-18,0.11600149509274808,-2.5588174971593694e-17,-0.007189258837317227,1.0306357704306408e-18,0.2055567855773909,4.1523048886580364e-17,-0.07718820558912455,5.934357133929861,-8.294549009292735e-17,-0.10223237280618332,0.0,0.0,0.0,1.3703919999999998,0.0,0.0,0.0,0.0,0.0,-0.6836000000000013,-0.24106857364823103,6.3592287091088506e-18,-1.2379878850814001,0.20616750402630482,3.86834894922392e-17,-0.8794737769960407,-2.392978596363629e-17,-0.005145638610877731,3.4349308013916016,76.6459,7.562481653229403,343.4194201342169
-0.23284828230109653,8.02053134647772e-18,0.11362062038911806,-2.730741460981465e-17,-0.008993131938520192,1.0783457912893492e-18,0.20474805953236522,4.440067647148696e-17,-0.16089926477387745,5.624592394910067,-8.598589477732951e-17,-0.09023903124893441,0.0,0.0,0.0,1.3821019999999997,0.0,0.0,0.0,0.0,0.0,-0.4874000000000012,-0.23695133075219407,7.161294092897046e-18,-1.2543905049072517,0.2055567855773909,4.1523048886580364e-17,-0.7607882055891259,-2.5588174971593694e-17,-0.007189258837317227,3.5949296951293945,73.5888,7.291827417986068,342.89241144152567
-0.22876290214912912,8.937627514749133e-18,0.10950597923076737,-2.90805536826457e-17,-0.010603795142340718,1.1237589792542595e-18,0.20378995566437733,4.730894035565435e-17,-0.2505648510611918,5.326936095948474,-8.867930892546254e-17,-0.08057370455369332,0.0,0.0,0.0,1.389888,0.0,0.0,0.0,0.0,0.0,-0.2912000000000013,-0.23284828230109653,8.02053134647772e-18,-1.2684813796108816,0.20474805953236522,4.440067647148696e-17,-0.6482992647738787,-2.730741460981465e-17,-0.008993131938520192,3.763871908187866,70.6655,7.032765906526626,341.7506116844702
-0.22469779395351056,9.913114341603476e-18,0.10354086058579348,-3.090206006755741e-17,-0.012059819979235867,1.1674298669543295e-18,0.20272086389748034,5.0239742329779934e-17,-0.3459470134361962,5.0411752946574975,-9.109642545907343e-17,-0.07283791431995054,0.0,0.0,0.0,1.3937499999999998,0.0,0.0,0.0,0.0,0.0,-0.09500000000000125,-0.22876290214912912,8.937627514749133e-18,-1.2803820207692327,0.20378995566437733,4.730894035565435e-17,-0.5417648510611931,-2.90805536826457e-17,-0.010603795142340718,3.919870615005493,67.8668,6.78523542465656,340.02513926463513
-0.22065487334615116,1.0947355527868909e-17,0.09561317776609116,-3.276694068385999e-17,-0.013392837780279897,1.2098692561841917e-18,0.2015711968384587,5.318437629676353e-17,-0.4468212685340363,4.766633868753265,-9.326399149937297e-17,-0.06668448014985756,0.0,0.0,0.0,1.393688,0.0,0.0,0.0,0.0,0.0,0.10119999999999876,-0.22469779395351056,9.913114341603476e-18,-1.2902091394142063,0.20272086389748034,5.0239742329779934e-17,-0.44094701343619747,-3.090206006755741e-17,-0.012059819979235867,4.074870586395264,65.1843,6.548797336531235,337.7483478399297
-0.2166354849455637,1.2040475536864911e-17,0.08561335333222754,-3.4671978696561366e-17,-0.014628609800430908,1.25154290856252e-18,0.20036764322028822,5.612762460283658e-17,-0.5531611748523261,4.4934076650682275,-9.527070419414476e-17,-0.06181975309817101,0.0,0.0,0.0,1.3897019999999998,0.0,0.0,0.0,0.0,0.0,0.2973999999999988,-0.22065487334615116,1.0947355527868909e-17,-1.298074822233909,0.2015711968384587,5.318437629676353e-17,-0.3456212685340375,-3.276694068385999e-17,-0.013392837780279897,4.228932619094849,62.6106,6.318800021838716,334.95400912253086
-0.21264045230902104,1.3192214421663098e-17,0.07343027062581083,-3.6614380674866596e-17,-0.015788530743741036,1.2928909586709114e-18,0.1991356204339777,5.904626387698195e-17,-0.6651470957893445,4.211154530699425,-9.713761346220379e-17,-0.05802529735403865,0.0,0.0,0.0,1.381792,0.0,0.0,0.0,0.0,0.0,0.4935999999999987,-0.2166354849455637,1.2040475536864911e-17,-1.3040886466677721,0.20036764322028822,5.612762460283658e-17,-0.2557611748523273,-3.4671978696561366e-17,-0.014628609800430908,4.394874095916748,60.1449,6.091417498248602,331.6897849877836
-0.2086701882930586,1.440199324022641e-17,0.05895370848601782,-3.858402829687804e-17,-0.016891059433400652,1.334350692746693e-18,0.197890781162265,6.193161797934894e-17,-0.7825091181899574,3.942390244754401,-9.849816825257606e-17,-0.05515424606706581,0.0,0.0,0.0,1.369958,0.0,0.0,0.0,0.0,0.0,0.6897999999999989,-0.21264045230902104,1.3192214421663098e-17,-1.3083617293741892,0.1991356204339777,5.904626387698195e-17,-0.1715470957893458,-3.6614380674866596e-17,-0.015788530743741036,4.542870283126831,57.7853,5.876875601694603,328.0184864174206
-0.2047248285621977,1.5669063165948996e-17,0.04207888116041944,-4.0572386608816724e-17,-0.017950921527733074,1.3763044987626236e-18,0.19664519192382313,6.477537459290972e-17,-0.9049736143698798,3.6873011865562293,-9.943151707355743e-17,-0.05301984767283214,0.0,0.0,0.0,1.3542,0.0,0.0,0.0,0.0,0.0,0.885999999999999,-0.2086701882930586,1.440199324022641e-17,-1.3110042915139821,0.197890781162265,6.193161797934894e-17,-0.09270911818995853,-3.858402829687804e-17,-0.016891059433400652,4.701871395111084,55.5238,5.674561022421371,323.97420638110236
-0.20080429206354197,1.6992507602116385e-17,0.022706287790691743,-4.257271169099654e-17,-0.018979810777791047,1.419085339072692e-18,0.1954084579417502,6.756906902382898e-17,-1.0322857226028896,3.444949616120301,-1.0002721608046321e-16,-0.05147043088688094,0.0,0.0,0.0,1.334518,0.0,0.0,0.0,0.0,0.0,1.0821999999999992,-0.2047248285621977,1.5669063165948996e-17,-1.3121211188395807,0.19664519192382313,6.477537459290972e-17,-0.018973614369880765,-4.0572386608816724e-17,-0.017950921527733074,4.85587215423584,53.3531,5.483430026392625,319.58945192045917
-0.196908298548486,1.8371183952092334e-17,0.0007400013203277198,-4.457947501680422e-17,-0.01998704683355429,1.4629850816079877e-18,0.19419089356384844,7.029856597376627e-17,-1.1643429244335126,3.2077176543501387,-1.003460351388003e-16,-0.05038723114439751,0.0,0.0,0.0,1.310912,0.0,0.0,0.0,0.0,0.0,1.2783999999999993,-0.20080429206354197,1.6992507602116385e-17,-1.3118117122093083,0.1954084579417502,6.756906902382898e-17,0.04991427739710952,-4.257271169099654e-17,-0.018979810777791047,5.011871337890625,51.2667,5.300380270956534,314.89637275439827
-0.19303626078385305,1.9803414352331007e-17,-0.02391954859998244,-4.6589461234441223e-17,-0.020980618132148205,1.5082860024516582e-18,0.1930128828994463,7.29244740501012e-17,-1.3016120675975034,2.9471314852546513,-1.005036415837193e-16,-0.04970365449983715,0.0,0.0,0.0,1.283382,0.0,0.0,0.0,0.0,0.0,1.4745999999999995,-0.196908298548486,1.8371183952092334e-17,-1.3101719986796723,0.19419089356384844,7.029856597376627e-17,0.1140570755664867,-4.457947501680422e-17,-0.01998704683355429,5.170871734619141,49.2635,5.11689415680656,309.93534824145496
-0.18918734539881948,2.1287075171429548e-17,-0.05137326208963535,-4.85886744907686e-17,-0.02196971639580238,1.555367121008774e-18,0.1918786556039117,7.5441607859753e-17,-1.443759281367787,2.7032342530537994,-9.996057548053141e-17,-0.049479895869338555,0.0,0.0,0.0,1.251928,0.0,0.0,0.0,0.0,0.0,1.6707999999999996,-0.19303626078385305,1.9803414352331007e-17,-1.3073015485999824,0.1930128828994463,7.29244740501012e-17,0.1729879324024961,-4.6589461234441223e-17,-0.020980618132148205,5.324872970581055,47.3448,4.94601522601871,304.7822818727096
-0.18536065095534418,2.2819951830032734e-17,-0.08171536083979514,-5.056684117274212e-17,-0.02296112626785623,1.6045314035103315e-18,0.19079078874361866,7.784605800056559e-17,-1.5904505936481927,2.476031913173817,-9.890305467696494e-17,-0.04959554075995815,0.0,0.0,0.0,1.2165500000000002,0.0,0.0,0.0,0.0,0.0,1.8669999999999998,-0.18918734539881948,2.1287075171429548e-17,-1.3033012620896354,0.1918786556039117,7.5441607859753e-17,0.22704071863221253,-4.85886744907686e-17,-0.02196971639580238,5.479872226715088,45.5031,4.786680435070759,299.4644981476337
-0.18155523048273622,2.4399751693904645e-17,-0.11503371741912613,-5.2516548510924923e-17,-0.023959791425821414,1.6560184646048316e-18,0.18975125851717856,8.013392838662561e-17,-1.7413850642849067,2.263873214001953,-9.747420817241522e-17,-0.04995849455246874,0.0,0.0,0.0,1.177248,0.0,0.0,0.0,0.0,0.0,2.0631999999999997,-0.18536065095534418,2.2819951830032734e-17,-1.2982653608397954,0.19079078874361866,7.784605800056559e-17,0.276549406351807,-5.056684117274212e-17,-0.02296112626785623,5.633871078491211,43.7319,4.637497196128335,294.00654290393874
-0.17777009168050692,2.602408551443163e-17,-0.15141087437008996,-5.4432082175613806e-17,-0.02496937816678858,1.7100215821213646e-18,0.1887626217057503,8.229945366607304e-17,-1.896330630811477,2.0633138902979287,-9.57590084946961e-17,-0.05050485608376367,0.0,0.0,0.0,1.1340220000000003,0.0,0.0,0.0,0.0,0.0,2.259399999999999,-0.18155523048273622,2.4399751693904645e-17,-1.2922817174191261,0.18975125851717856,8.013392838662561e-17,0.321814935715093,-5.2516548510924923e-17,-0.023959791425821414,5.79587197303772,42.0255,4.496899551953986,288.4321714559512
-0.17400393311007248,2.768988529670437e-17,-0.1909353620319576,-5.631144693920471e-17,-0.025992866537157905,1.766712340026302e-18,0.18785323533769216,8.428052456120094e-17,-2.0561181353752866,1.8211924716082328,-9.394349042510334e-17,-0.051200295585309155,0.0,0.0,0.0,1.086872,0.0,0.0,0.0,0.0,0.0,2.4555999999999982,-0.17777009168050692,2.602408551443163e-17,-1.2854328743700902,0.1887626217057503,8.229945366607304e-17,0.36306936918852206,-5.4432082175613806e-17,-0.02496937816678858,5.965873718261719,40.3822,4.35447586835085,282.7666524631621
-0.17025516623979886,2.93934597452965e-17,-0.23370056149400514,-5.813771931812567e-17,-0.0270379706290006,1.826539013146578e-18,0.18702345168966894,8.607692029801212e-17,-2.220401810829469,1.5963554690423125,-9.128044966628295e-17,-0.05228163521432878,0.0,0.0,0.0,1.0357980000000002,0.0,0.0,0.0,0.0,0.0,2.6517999999999975,-0.17400393311007248,2.768988529670437e-17,-1.2778073620319577,0.18785323533769216,8.428052456120094e-17,0.3994818646247116,-5.631144693920471e-17,-0.025992866537157905,6.124872207641602,38.8054,4.223061680054656,277.09637599184384
-0.16652223608754038,3.11311966477058e-17,-0.27979183994270096,-5.989898763687589e-17,-0.028109886189343236,1.889825759169569e-18,0.18626956353617907,8.769676994291762e-17,-2.388726034040112,1.3942984606586835,-8.802067602413046e-17,-0.05362289427460737,0.0,0.0,0.0,0.9808000000000002,0.0,0.0,0.0,0.0,0.0,2.8479999999999968,-0.17025516623979886,2.93934597452965e-17,-1.2694985614940053,0.18702345168966894,8.607692029801212e-17,0.4313981891705283,-5.813771931812567e-17,-0.0270379706290006,6.295872211456299,37.2887,4.102324312337303,271.4419702814392
-0.16280366218011927,3.2899648106245754e-17,-0.32928589903734,-6.158916189944119e-17,-0.029211404268281095,1.956763943053134e-18,0.1855878272059308,8.914837591107834e-17,-2.5606798754237934,1.212787050631346,-8.445551353997391e-17,-0.05510377726928839,0.0,0.0,0.0,0.9218780000000003,0.0,0.0,0.0,0.0,0.0,3.044199999999996,-0.16652223608754038,3.11311966477058e-17,-1.2605918399427012,0.18626956353617907,8.769676994291762e-17,0.45927396595988457,-5.989898763687589e-17,-0.028109886189343236,6.46387243270874,35.8263,3.990599220572693,265.81449909054766
-0.15909803477842718,3.4695528118915626e-17,-0.38225173603837403,-6.320535542012161e-17,-0.03034377536970789,2.027452129255962e-18,0.18497491296327684,9.043962535590903e-17,-2.735903824679606,1.0492501711836473,-8.074529311311184e-17,-0.05664721802978325,0.0,0.0,0.0,0.8590320000000004,0.0,0.0,0.0,0.0,0.0,3.2403999999999953,-0.16280366218011927,3.2899648106245754e-17,-1.2511638990373404,0.1855878272059308,8.914837591107834e-17,0.48352012457620264,-6.158916189944119e-17,-0.029211404268281095,6.623871803283691,34.4134,3.88647921897802,260.2238516181329
-0.1554036303001496,3.651492215050537e-17,-0.43876399499862884,-6.474881968559767e-17,-0.03150734630421431,2.1019296165427115e-18,0.18446553486448236,9.149977780306535e-17,-2.915322071345879,0.8394741077031093,-7.709708322154893e-17,-0.058208009101665174,0.0,0.0,0.0,0.7922620000000005,0.0,0.0,0.0,0.0,0.0,3.4365999999999945,-0.15909803477842718,3.4695528118915626e-17,-1.2412837360383744,0.18497491296327684,9.043962535590903e-17,0.5044961753203894,-6.320535542012161e-17,-0.03034377536970789,6.793701887130737,33.0472,3.7834702446526247,254.67942917063328
-0.15171820395143976,3.8352893349923405e-17,-0.4989091933218706,-6.620497649057484e-17,-0.03270949117083413,2.1806829206155247e-18,0.18407710000650201,9.229734213873854e-17,-3.0991977609783,0.6165215074823066,-7.271824067396071e-17,-0.0601376930593539,0.0,0.0,0.0,0.7215680000000005,0.0,0.0,0.0,0.0,0.0,3.632799999999994,-0.1554036303001496,3.651492215050537e-17,-1.2310259949986293,0.18446553486448236,9.149977780306535e-17,0.5212779286541154,-6.474881968559767e-17,-0.03150734630421431,6.954701662063599,31.7316,3.6871529758710424,249.25910776881443
-0.14803951541357752,4.0204610492139135e-17,-0.5627679431327605,-6.755615605756703e-17,-0.03395867631953596,2.2642755634576036e-18,0.18379175377972423,9.287437208283359e-17,-3.2866772201106924,0.4362604024340175,-6.745383811241596e-17,-0.06249091055937861,0.0,0.0,0.0,0.6469500000000007,0.0,0.0,0.0,0.0,0.0,3.828999999999993,-0.15171820395143976,3.8352893349923405e-17,-1.2204771933218712,0.18407710000650201,9.229734213873854e-17,0.5336022390216937,-6.620497649057484e-17,-0.03270949117083413,7.1287007331848145,30.4636,3.601062316495366,244.00851740239375
-0.14436566636525222,4.2066045126793055e-17,-0.6304050263697497,-6.879897811801325e-17,-0.03525705984249723,2.3528492242257554e-18,0.18359315105280327,9.326909138255839e-17,-3.4770311035882306,0.29247444947095025,-6.201928456961645e-17,-0.06495208925864063,0.0,0.0,0.0,0.5684080000000008,0.0,0.0,0.0,0.0,0.0,4.025199999999993,-0.14803951541357752,4.0204610492139135e-17,-1.2097179431327612,0.18379175377972423,9.287437208283359e-17,0.5423227798893007,-6.755615605756703e-17,-0.03395867631953596,7.299700498580933,29.2374,3.522428434855402,238.912987252009
-0.1406950577057105,4.393387221271211e-17,-0.7018720855860779,-6.993813960492254e-17,-0.0366030545919312,2.446279234317072e-18,0.18346771490136782,9.351361720934679e-17,-3.6696748180445935,0.17792485138373787,-5.681905899589306e-17,-0.06733387238881922,0.0,0.0,0.0,0.485942000000001,0.0,0.0,0.0,0.0,0.0,4.221399999999994,-0.14436566636525222,4.2066045126793055e-17,-1.1988130263697505,0.18359315105280327,9.326909138255839e-17,0.5481688964117621,-6.879897811801325e-17,-0.03525705984249723,7.4627015590667725,28.0492,3.449289089177788,233.95863877709948
-0.13702633868129238,4.580535710307206e-17,-0.7772102339446995,-7.098268172248616e-17,-0.03799320666916394,2.544298084261534e-18,0.1834041875404444,9.363487182664794e-17,-3.8641400178175447,0.08679815023022619,-5.207075342568181e-17,-0.06954287507372807,0.0,0.0,0.0,0.39955200000000113,0.0,0.0,0.0,0.0,0.0,4.417599999999995,-0.1406950577057105,4.393387221271211e-17,-1.187814085586079,0.18346771490136782,9.351361720934679e-17,0.5517251819554003,-6.993813960492254e-17,-0.0366030545919312,7.617702960968018,26.8967,3.3803734434733776,229.1342680630657
-0.13335836434978177,4.7678258738398665e-17,-0.8564521557168379,-7.194337242340767e-17,-0.03942330293185366,2.646573695179976e-18,0.18339324561061543,9.36552917060126e-17,-4.060052159396307,0.014403315287312465,-4.786091716884698e-17,-0.07154111577177315,0.0,0.0,0.0,0.30923800000000123,0.0,0.0,0.0,0.0,0.0,4.613799999999996,-0.13702633868129238,4.580535710307206e-17,-1.1767622339447006,0.1834041875404444,9.363487182664794e-17,0.5534599821824502,-7.098268172248616e-17,-0.03799320666916394,7.77370285987854,25.7784,3.3148554391228076,224.4307488343157
-0.12969049999710439,4.95513655923949e-17,-0.9396151847191175,-7.293947064577174e-17,-0.04088900211062447,2.7528366816300246e-18,0.18339318965712126,9.365539369361103e-17,-4.256250740831664,7.09833859958587e-05,-4.961679440444506e-17,-0.07332218472152319,0.0,0.0,0.0,0.2150000000000013,0.0,0.0,0.0,0.0,0.0,4.809999999999997,-0.13335836434978177,4.7678258738398665e-17,-1.165690155716839,0.18339324561061543,9.36552917060126e-17,0.5537478406036893,-7.194337242340767e-17,-0.03942330293185366,7.94670557975769,24.7222,3.252103325179292,219.84060351883014
-0.12602263625605267,5.1424473559071146e-17,-1.026702198262507,-7.398110443272647e-17,-0.04237937749117674,2.8624150336493984e-18,0.18339318444805097,9.36554029740133e-17,-4.452450613507281,6.37154472024444e-06,-5.1879989074326695e-17,-0.0745566420102353,0.0,0.0,0.0,0.11683800000000134,0.0,0.0,0.0,0.0,0.0,5.006199999999998,-0.12969049999710439,4.95513655923949e-17,-1.1546151847191188,0.18339318965712126,9.365539369361103e-17,0.5537492591683328,-7.293947064577174e-17,-0.04088900211062447,8.102701663970947,23.7852,3.191021987905609,215.31340017489654
-0.12235477258680831,5.329758165292438e-17,-1.1177132100676894,-7.505225617781295e-17,-0.04388537994040057,2.9747417963663225e-18,0.18339318247638559,9.365540641130957e-17,-4.648650567010968,2.3269049822487035e-06,-5.3342517919432885e-17,-0.07533841376616754,0.0,0.0,0.0,0.014752000000001375,0.0,0.0,0.0,0.0,0.0,5.202399999999999,-0.12602263625605267,5.1424473559071146e-17,-1.1435401982625084,0.18339318444805097,9.36554029740133e-17,0.5537493864927168,-7.398110443272647e-17,-0.04237937749117674,8.27470064163208,22.9708,3.131406305870338,210.83637155674225
-0.11868690895053308,5.517068980378265e-17,-1.2126482211061234,-7.614220055156371e-17,-0.0454012730914036,3.089453398760131e-18,0.18339318115113812,9.365540867451744e-17,-4.844850536832432,1.5103810667125992e-06,-5.4268835946095187e-17,-0.07583322202206008,0.0,0.0,0.0,-0.09125799999999862,0.0,0.0,0.0,0.0,0.0,5.3986,-0.12235477258680831,5.329758165292438e-17,-1.1324652100676909,0.18339318247638559,9.365540641130957e-17,0.5537494329890311,-7.505225617781295e-17,-0.04388537994040057,8.429702281951904,22.2786,3.073256569369919,206.40940777295873
-0.1150190453380034,5.704379799484453e-17,-1.311507231611812,-7.724400228523266e-17,-0.046923426000370555,3.206316508254932e-18,0.18339318010182915,9.36554104316702e-17,-5.04105051373643,1.1559913734723263e-06,-5.484834661286296e-17,-0.07614639116219876,0.0,0.0,0.0,-0.2011919999999986,0.0,0.0,0.0,0.0,0.0,5.594800000000001,-0.11868690895053308,5.517068980378265e-17,-1.1213902211061249,0.18339318115113812,9.365540867451744e-17,0.5537494631675681,-7.614220055156371e-17,-0.0454012730914036,8.584702253341675,21.7087,3.0165734888067384,202.032471024872
-0.11135118174482618,5.891690621803892e-17,-1.4142902416978744,-7.835325728014906e-17,-0.04844954064083512,3.325181248294203e-18,0.18339317921589204,9.365541188776928e-17,-5.2372504948698015,9.443708585274336e-07,-5.5207541678195246e-17,-0.07634460076881629,0.0,0.0,0.0,-0.3150499999999986,0.0,0.0,0.0,0.0,0.0,5.791000000000002,-0.1150190453380034,5.704379799484453e-17,-1.1103152316118132,0.18339318010182915,9.36554104316702e-17,0.5537494862635715,-7.724400228523266e-17,-0.046923426000370555,8.73970103263855,21.261,2.961357548101575,197.7055394303041
-0.10768331816825677,6.079001446830432e-17,-1.5209972514354677,-7.946732891536064e-17,-0.04997816261424037,3.445951467919445e-18,0.18339317844104852,9.365541313877064e-17,-5.433450478889522,7.99952616981834e-07,-5.5434751687023613e-17,-0.0764700535867292,0.0,0.0,0.0,-0.43283199999999866,0.0,0.0,0.0,0.0,0.0,5.987200000000003,-0.11135118174482618,5.891690621803892e-17,-1.099240241697876,0.18339317921589204,9.365541188776928e-17,0.5537495051302006,-7.835325728014906e-17,-0.04844954064083512,8.893702268600464,20.9356,2.9076090602449938,193.42859969862226
-0.10401545461044209,6.266312274854958e-17,-1.631628260793219,-8.058437244941819e-17,-0.051508371448820964,3.568565544025854e-18,0.18339317734041716,9.365541488575562e-17,-5.629650456885617,1.1015707573535315e-06,-5.556953146374347e-17,-0.07654945947452285,0.0,0.0,0.0,-0.5545379999999988,0.0,0.0,0.0,0.0,0.0,6.183400000000004,-0.10768331816825677,6.079001446830432e-17,-1.088165251435469,0.18339317844104852,9.365541313877064e-17,0.5537495211104808,-7.946732891536064e-17,-0.04997816261424037,9.050702333450317,20.7325,2.855328225469317,189.20164371141882
-0.10034759107187165,6.453623105912911e-17,-1.74618326977114,-8.170339954932953e-17,-0.05303958450971404,3.692984062314737e-18,0.18339317651662812,9.365541617219631e-17,-5.825850440906461,8.000189183530825e-07,-5.56546834102476e-17,-0.07659971883600096,0.0,0.0,0.0,-0.6801679999999989,0.0,0.0,0.0,0.0,0.0,6.379600000000005,-0.10401545461044209,6.266312274854958e-17,-1.0770902607932205,0.18339317734041716,9.365541488575562e-17,0.5537495431143871,-8.058437244941819e-17,-0.051508371448820964,9.204702377319336,20.6516,2.8045151637797985,185.0246661216287
-0.0966797275482991,6.640933939296623e-17,-1.8646622784619367,-8.282358112570564e-17,-0.05457143317714477,3.8191818974141305e-18,0.18339317584062753,9.365541721151518e-17,-6.0220504281732055,6.375593394593125e-07,-5.569814701891639e-17,-0.07663153785044137,0.0,0.0,0.0,-0.8097219999999989,0.0,0.0,0.0,0.0,0.0,6.575800000000006,-0.10034759107187165,6.453623105912911e-17,-1.0660152697711411,0.18339317651662812,9.365541617219631e-17,0.5537495590935446,-8.170339954932953e-17,-0.05303958450971404,9.37170124053955,20.693,2.7551699675202466,180.89766444311263
-0.09301186403737886,6.828244774612131e-17,-1.9870652869175336,-8.394448198093406e-17,-0.056103684133555945,3.947143021201518e-18,0.18339317525139542,9.365541810399198e-17,-6.2182504173864785,5.401403579713578e-07,-5.571960924885974e-17,-0.0766516850603018,0.0,0.0,0.0,-0.943199999999999,0.0,0.0,0.0,0.0,0.0,6.772000000000007,-0.0966797275482991,6.640933939296623e-17,-1.0549402784619377,0.18339317584062753,9.365541721151518e-17,0.5537495718268008,-8.282358112570564e-17,-0.05457143317714477,9.531700849533081,20.8566,2.70729268593614,176.82063674128077
-0.08934400053743957,7.015555611579885e-17,-2.113392295174658,-8.506596601673405e-17,-0.057636189705324525,4.076857439141485e-18,0.18339317474253358,9.365541886376157e-17,-6.414450408325973,4.5373926993143346e-07,-5.573402036174442e-17,-0.0766644448356509,0.0,0.0,0.0,-1.080601999999999,0.0,0.0,0.0,0.0,0.0,6.968200000000008,-0.09301186403737886,6.828244774612131e-17,-1.0438652869175344,0.18339317525139542,9.365541810399198e-17,0.5537495826135288,-8.394448198093406e-17,-0.056103684133555945,9.692702054977417,21.1426,2.660883350613756,172.79358185403075
-0.08567613704739498,7.202866450015176e-17,-2.2436433032578833,-8.618768961010981e-17,-0.05916885643046963,4.208318950404111e-18,0.1833931742619258,9.365541957153009e-17,-6.610650399996562,4.171632517455582e-07,-5.573099078872861e-17,-0.07667252913511419,0.0,0.0,0.0,-1.2219279999999992,0.0,0.0,0.0,0.0,0.0,7.164400000000009,-0.08934400053743957,7.015555611579885e-17,-1.0327902951746593,0.18339317474253358,9.365541886376157e-17,0.5537495916740358,-8.506596601673405e-17,-0.057636189705324525,9.849700450897217,21.5509,2.6159419821518752,168.81649910075058
-0.08200827356672333,7.390177289821932e-17,-2.3778183111807207,-8.73097321888643e-17,-0.0607016251470876,4.341523827533221e-18,0.18339317380523867,9.365542023522495e-17,-6.806850392287203,3.861437419630186e-07,-5.57316783974672e-17,-0.07667765383396727,0.0,0.0,0.0,-1.3671779999999996,0.0,0.0,0.0,0.0,0.0,7.3606000000000105,-0.08567613704739498,7.202866450015176e-17,-1.021715303257884,0.1833931742619258,9.365541957153009e-17,0.5537496000034476,-8.618768961010981e-17,-0.05916885643046963,10.005699396133423,22.0815,2.572468592712388,164.8893880329429
-0.07834041009497864,7.577488130918002e-17,-2.515917318954725,-8.843199268487472e-17,-0.062234458412941306,4.476470050147541e-18,0.18339317336923144,9.365542086084509e-17,-7.003050385113234,3.593603250348201e-07,-5.572704973602774e-17,-0.0766809054676731,0.0,0.0,0.0,-1.516352,0.0,0.0,0.0,0.0,0.0,7.5568000000000115,-0.08200827356672333,7.390177289821932e-17,-1.0106403111807212,0.18339317380523867,9.365542023522495e-17,0.5537496077128079,-8.73097321888643e-17,-0.0607016251470876,10.158698797225952,22.7344,2.5304631905192445,161.01224839949748
-0.0746725466317731,7.764798973232031e-17,-2.6579403265899257,-8.955416215272671e-17,-0.06376733253120875,4.613156393922054e-18,0.18339317295132285,9.365542145318467e-17,-7.199250378406838,3.3597024128408446e-07,-5.57067038165217e-17,-0.07668297165660042,0.0,0.0,0.0,-1.6694499999999999,0.0,0.0,0.0,0.0,0.0,7.7530000000000125,-0.07834041009497864,7.577488130918002e-17,-0.9995653189547249,0.18339317336923144,9.365542086084509e-17,0.5537496148867778,-8.843199268487472e-17,-0.062234458412941306,10.31469988822937,23.5096,2.4899257807689668,157.185080049196
-0.07100468317676593,7.952109816701395e-17,-2.8038873340951174,-9.067633314268318e-17,-0.06530023250405181,4.751582185702697e-18,0.18339317254939336,9.365542201617868e-17,-7.395450372112322,3.153667735396676e-07,-5.569072438066308e-17,-0.07668428757133351,0.0,0.0,0.0,-1.8264720000000003,0.0,0.0,0.0,0.0,0.0,7.949200000000014,-0.0746725466317731,7.764798973232031e-17,-0.9884903265899259,0.18339317295132285,9.365542145318467e-17,0.553749621593175,-8.955416215272671e-17,-0.06376733253120875,10.470698595046997,24.407,2.4508563667409216,153.4078828913843
-0.0673368197296552,8.139420661270672e-17,-2.953758341478075,-9.179866966248537e-17,-0.06683314883914183,4.891747414161288e-18,0.1833931721616815,9.365542255309856e-17,-7.591650366183391,2.970797930370119e-07,-5.568268424738915e-17,-0.07668512862754046,0.0,0.0,0.0,-1.9874180000000004,0.0,0.0,0.0,0.0,0.0,8.145400000000013,-0.07100468317676593,7.952109816701395e-17,-0.977415334095117,0.18339317254939336,9.365542201617868e-17,0.5537496278876919,-9.067633314268318e-17,-0.06530023250405181,10.625698804855347,25.4268,2.4132549505017478,149.6806568720811
-0.06366895629017132,8.326731506890464e-17,-3.10755334874572,-9.292101259993947e-17,-0.06836607552854912,5.03365237443214e-18,0.1833931717867069,9.365542306669424e-17,-7.787850360581139,2.807393368570543e-07,-5.566641822023665e-17,-0.07668566913395775,0.0,0.0,0.0,-2.1522880000000004,0.0,0.0,0.0,0.0,0.0,8.34160000000001,-0.0673368197296552,8.139420661270672e-17,-0.9663403414780745,0.1833931721616815,9.365542255309856e-17,0.5537496338166221,-9.179866966248537e-17,-0.06683314883914183,10.780653715133667,26.5689,2.3771215333516014,146.00340195947444
-0.0600010928580945,8.51404235351949e-17,-3.2652723559039303,-9.404335218626761e-17,-0.06989900876526989,5.1772974301511584e-18,0.18339317142097522,9.365542356233166e-17,-7.984050355239869,2.6768884266025283e-07,-5.564939708907252e-17,-0.07668601919297505,0.0,0.0,0.0,-2.3210820000000005,0.0,0.0,0.0,0.0,0.0,8.537800000000008,-0.06366895629017132,8.326731506890464e-17,-0.9552653487457197,0.1833931717867069,9.365542306669424e-17,0.5537496394188715,-9.292101259993947e-17,-0.06836607552854912,10.936719179153442,27.8333,2.342456116104743,142.37611813511393
-0.0563332294332248,8.701353201120302e-17,-3.426915362958025,-9.516577969233797e-17,-0.07143194614659039,5.322683140238501e-18,0.18339317106599407,9.36554240384808e-17,-8.180250350169654,2.5413119668830057e-07,-5.563667474479552e-17,-0.07668624905493202,0.0,0.0,0.0,-2.4938000000000007,0.0,0.0,0.0,0.0,0.0,8.734000000000005,-0.0600010928580945,8.51404235351949e-17,-0.9441903559039297,0.18339317142097522,9.365542356233166e-17,0.5537496447601384,-9.404335218626761e-17,-0.06989900876526989,11.09170389175415,29.2199,2.3092586992336397,138.79880538723492
-0.05266536601535719,8.88866404965575e-17,-3.5924823699131707,-9.628816875900601e-17,-0.07296488614870793,5.469810125295494e-18,0.18339317072076677,9.365542449696641e-17,-8.376450345344924,2.41853306628822e-07,-5.56173638297247e-17,-0.07668640268780372,0.0,0.0,0.0,-2.670442000000001,0.0,0.0,0.0,0.0,0.0,8.930200000000003,-0.0563332294332248,8.701353201120302e-17,-0.9331153629580244,0.18339317106599407,9.36554240384808e-17,0.5537496498303511,-9.516577969233797e-17,-0.07143194614659039,11.251657962799072,30.7289,2.2775292831009586,135.2714637116149
-0.048997502604305174,9.075974899092076e-17,-3.761973376774056,-9.741074753279277e-17,-0.07449782780690052,5.618679145736344e-18,0.18339317038443625,9.365542493935961e-17,-8.572650340743625,2.3067884366225163e-07,-5.560919815606686e-17,-0.07668650805990598,0.0,0.0,0.0,-2.851008000000001,0.0,0.0,0.0,0.0,0.0,9.1264,-0.05266536601535719,8.88866404965575e-17,-0.9220403699131698,0.18339317072076677,9.365542449696641e-17,0.5537496546550784,-9.628816875900601e-17,-0.07296488614870793,11.402657747268677,32.3602,2.2472678679013303,131.79409310546754
-0.045329639199898214,9.263285749398462e-17,-3.9353883835449586,-9.853318727327461e-17,-0.076030770510291,5.7692909286547976e-18,0.18339317005625944,9.365542536702541e-17,-8.768850336346592,2.204632130649523e-07,-5.558431908891013e-17,-0.07668658287252225,0.0,0.0,0.0,-3.035498000000001,0.0,0.0,0.0,0.0,0.0,9.322599999999998,-0.048997502604305174,9.075974899092076e-17,-0.9109653767740551,0.18339317038443625,9.365542493935961e-17,0.5537496592563755,-9.741074753279277e-17,-0.07449782780690052,11.561657428741455,34.1137,2.2184744537532444,128.36669356769318
-0.04166177580197975,9.450596600546642e-17,-4.112727390229795,-9.965568445008185e-17,-0.07756371387195057,5.9216461321506915e-18,0.18339316973558717,9.365542578115589e-17,-8.965050332137057,2.1108651857261713e-07,-5.556900080827232e-17,-0.07668663832879834,0.0,0.0,0.0,-3.223912000000001,0.0,0.0,0.0,0.0,0.0,9.518799999999995,-0.045329639199898214,9.263285749398462e-17,-0.8998903835449577,0.18339317005625944,9.365542536702541e-17,0.5537496636534058,-9.853318727327461e-17,-0.076030770510291,11.715662717819214,35.9896,2.191149040727412,124.98926509817571
-0.037993912410405395,9.637907452510599e-17,-4.293990396832168,-1.007780942898371e-16,-0.07909665764668423,6.075745479489186e-18,0.18339316942184902,9.365542618280067e-17,-9.161250328100262,2.0244837942640423e-07,-5.554617205426186e-17,-0.07668668151904659,0.0,0.0,0.0,-3.416250000000001,0.0,0.0,0.0,0.0,0.0,9.714999999999993,-0.04166177580197975,9.450596600546642e-17,-0.8888153902297935,0.18339316973558717,9.365542578115589e-17,0.5537496678629381,-9.965568445008185e-17,-0.07756371387195057,11.875656366348267,37.9877,2.1652916288646473,121.66180769736022
-0.0343260490250415,9.825218305266287e-17,-4.479177403355402,-1.019007314294217e-16,-0.08062960167899356,6.231589845349637e-18,0.18339316911454062,9.365542657288786e-17,-9.35745032422314,1.9446403568956834e-07,-5.55388144775178e-17,-0.07668671693039392,0.0,0.0,0.0,-3.612512000000001,0.0,0.0,0.0,0.0,0.0,9.91119999999999,-0.037993912410405395,9.637907452510599e-17,-0.8777403968321669,0.18339316942184902,9.365542618280067e-17,0.5537496718997303,-1.007780942898371e-16,-0.07909665764668423,12.030661821365356,40.1082,2.1409022181871533,118.38432136600443
-0.030658185645763957,1.0012529158791419e-16,-4.6682884098025745,-1.0302328197114928e-16,-0.08216254587013869,6.3891801228670316e-18,0.18339316881321366,9.365542695224392e-17,-9.553650320494068,1.8706137212005287e-07,-5.551548495993172e-17,-0.07668674740222156,0.0,0.0,0.0,-3.812698000000001,0.0,0.0,0.0,0.0,0.0,10.107399999999988,-0.0343260490250415,9.825218305266287e-17,-0.8666654033554013,0.18339316911454062,9.365542657288786e-17,0.5537496757768494,-1.019007314294217e-16,-0.08062960167899356,12.186662912368774,42.351,2.1179808087056005,115.156806105029
-0.02699032227245714,1.0199840013065268e-16,-4.861323416176542,-1.041457104438829e-16,-0.08369549015728785,6.548516952466224e-18,0.183393168517468,9.365542732160619e-17,-9.749850316902656,1.8017861096593742e-07,-5.5490112918176856e-17,-0.07668677473085084,0.0,0.0,0.0,-4.016808,0.0,0.0,0.0,0.0,0.0,10.303599999999985,-0.030658185645763957,1.0012529158791419e-16,-0.8555904098025735,0.18339316881321366,9.365542695224392e-17,0.5537496795059198,-1.0302328197114928e-16,-0.08216254587013869,12.341663122177124,44.716,2.096527400423585,111.97926191543166
-0.023322458905013017,1.0387150868068511e-16,-5.058282422479964,-1.0526819002293955e-16,-0.08522843450031649,6.709601095179962e-18,0.18339316822694474,9.36554276816361e-17,-9.946050313439567,1.737625007365958e-07,-5.5473135482226666e-17,-0.07668680005223412,0.0,0.0,0.0,-4.224842,0.0,0.0,0.0,0.0,0.0,10.499799999999983,-0.02699032227245714,1.0199840013065268e-16,-0.8445154161765416,0.183393168517468,9.365542732160619e-17,0.5537496830973296,-1.041457104438829e-16,-0.08369549015728785,12.49866271018982,47.2034,2.0765419933404234,108.85168879823755
-0.01965459554333036,1.0574461723783077e-16,-5.259165428715323,-1.0639081976825731e-16,-0.08676137887344833,6.8724335354295016e-18,0.18339316794132066,9.365542803293001e-17,-10.142250310096411,1.6776687848071304e-07,-5.546084392263042e-17,-0.07668682408414332,0.0,0.0,0.0,-4.4368,0.0,0.0,0.0,0.0,0.0,10.69599999999998,-0.023322458905013017,1.0387150868068511e-16,-0.8334404224799643,0.18339316822694474,9.36554276816361e-17,0.5537496865604155,-1.0526819002293955e-16,-0.08522843450031649,12.652661561965942,49.813,2.0580245874528873,105.77408675446904
-0.015986732187314116,1.0761772580192034e-16,-5.463972434884943,-1.0751340425305602e-16,-0.08829432325995933,7.03701519703878e-18,0.18339316766030378,9.365542837602741e-17,-10.338450306865578,1.6215151719791867e-07,-5.5438506418827424e-17,-0.0766868472794221,0.0,0.0,0.0,-4.652681999999999,0.0,0.0,0.0,0.0,0.0,10.892199999999978,-0.01965459554333036,1.0574461723783077e-16,-0.8223654287153233,0.18339316794132066,9.365542803293001e-17,0.5537496899035688,-1.0639081976825731e-16,-0.08676137887344833,12.809662818908691,52.545,2.0409751827562816,102.74645578513197
-0.012318868836874788,1.0949083437279478e-16,-5.672703440991001,-1.0863605693340103e-16,-0.08982726764882007,7.203346953967029e-18,0.1833931673836292,9.365542871141705e-17,-10.534650303740175,1.5688119356125843e-07,-5.542157518373122e-17,-0.07668686992295727,0.0,0.0,0.0,-4.872487999999999,0.0,0.0,0.0,0.0,0.0,11.088399999999975,-0.015986732187314116,1.0761772580192034e-16,-0.8112904348849446,0.18339316766030378,9.365542837602741e-17,0.5537496931343995,-1.0751340425305602e-16,-0.08829432325995933,12.964601516723633,55.3992,2.0253937792451233,99.76879589120733
-0.008651005491927936,1.113639429503044e-16,-5.885358447035543,-1.0975897971348193e-16,-0.09136021203256493,7.371429935880326e-18,0.18339316711105613,9.365542903954409e-17,-10.730850300713929,1.5192492771048582e-07,-5.541447364314327e-17,-0.07668689219301963,0.0,0.0,0.0,-5.096217999999999,0.0,0.0,0.0,0.0,0.0,11.284599999999973,-0.012318868836874788,1.0949083437279478e-16,-0.8002154409910025,0.1833931673836292,9.365542871141705e-17,0.5537496962597999,-1.0863605693340103e-16,-0.08982726764882007,13.120602130889893,58.3757,2.0112803769135286,96.84110707364523
-0.004983142152393728,1.13237051534308e-16,-6.1019374530204935,-1.1088169359347812e-16,-0.09289315640593551,7.54126507213542e-18,0.18339316684236462,9.365542936081538e-17,-10.927050297781104,1.4725535875244256e-07,-5.538313972840545e-17,-0.07668691420003632,0.0,0.0,0.0,-5.323871999999998,0.0,0.0,0.0,0.0,0.0,11.48079999999997,-0.008651005491927936,1.113639429503044e-16,-0.7891404470355443,0.18339316711105613,9.365542903954409e-17,0.553749699286044,-1.0975897971348193e-16,-0.09136021203256493,13.275602102279663,61.4746,1.998634975755473,93.96338933336648
-0.0013152788181965444,1.1511016012467218e-16,-6.3224404589476695,-1.1200420133321642e-16,-0.09442610076501447,7.712852938280495e-18,0.18339316657735372,9.365542967560194e-17,-11.123250294936458,1.4284822824111615e-07,-5.5351675407163256e-17,-0.07668693601109082,0.0,0.0,0.0,-5.555449999999998,0.0,0.0,0.0,0.0,0.0,11.676999999999968,-0.004983142152393728,1.13237051534308e-16,-0.7780654530204956,0.18339316684236462,9.365542936081538e-17,0.553749702218866,-1.1088169359347812e-16,-0.09289315640593551,13.433602333068848,64.6957,1.9874575757649242,91.13564267126037
0.002352584510735381,1.1698326872127068e-16,-6.546867464818785,-1.1312687136264014e-16,-0.09595904510666768,7.886194408287825e-18,0.1833931663158388,9.365542998424412e-17,-11.319450292175173,1.3868195027255572e-07,-5.533837219849259e-17,-0.07668695766536468,0.0,0.0,0.0,-5.790951999999996,0.0,0.0,0.0,0.0,0.0,11.873199999999965,-0.0013152788181965444,1.1511016012467218e-16,-0.7669904589476717,0.18339316657735372,9.365542967560194e-17,0.5537497050635096,-1.1200420133321642e-16,-0.09442610076501447,13.58860158920288,68.0392,1.9777481769359277,88.35786708818681
0.006020447834470272,1.188563773239837e-16,-6.7752184706354655,-1.1424948848738818e-16,-0.09749198942818052,8.061290486856392e-18,0.18339316605765033,9.365543028705607e-17,-11.515650289492822,1.3473725157660188e-07,-5.531403302778047e-17,-0.07668697918383838,0.0,0.0,0.0,-6.030377999999996,0.0,0.0,0.0,0.0,0.0,12.069399999999963,0.002352584510735381,1.1698326872127068e-16,-0.7559154648187887,0.1833931663158388,9.365542998424412e-17,0.5537497078247924,-1.1312687136264014e-16,-0.09595904510666768,13.747603178024292,71.5049,1.969506779262643,85.63006258497707
0.009688311153073094,1.2072948593269752e-16,-7.007493476399247,-1.1537210045042432e-16,-0.09902493372701508,8.238142062484143e-18,0.18339316580263187,9.365543058432681e-17,-11.711850286885326,1.3099686856618495e-07,-5.5291812003916156e-17,-0.07668700057535763,0.0,0.0,0.0,-6.273727999999996,0.0,0.0,0.0,0.0,0.0,12.26559999999996,0.006020447834470272,1.188563773239837e-16,-0.7448404706354692,0.18339316605765033,9.365543028705607e-17,0.553749710507141,-1.1424948848738818e-16,-0.09749198942818052,13.900660514831543,75.0929,1.9627333827393678,82.9522291624354
0.013356174466605801,1.2260259454730405e-16,-7.243692482111589,-1.164948618210986e-16,-0.10055787800064252,8.416750192219804e-18,0.183393165550639,9.365543087632348e-17,-11.908050284348906,1.2744529103176025e-07,-5.5277052269543496e-17,-0.07668702184037167,0.0,0.0,0.0,-6.521001999999995,0.0,0.0,0.0,0.0,0.0,12.461799999999958,0.009688311153073094,1.2072948593269752e-16,-0.7337654763992516,0.18339316580263187,9.365543058432681e-17,0.5537497131146338,-1.1537210045042432e-16,-0.09902493372701508,14.059601545333862,78.8033,1.9574279873605387,80.32436682134073
0.017024037775127572,1.2447570316770022e-16,-7.483815487773879,-1.1761746396009396e-16,-0.10209082224642006,8.597115827196537e-18,0.18339316530153793,9.365543116329382e-17,-12.104250281880073,1.2406854426292965e-07,-5.524658175389274e-17,-0.07668704297318882,0.0,0.0,0.0,-6.7721999999999944,0.0,0.0,0.0,0.0,0.0,12.657999999999955,0.013356174466605801,1.2260259454730405e-16,-0.7226904821115943,0.183393165550639,9.365543087632348e-17,0.5537497156510511,-1.164948618210986e-16,-0.10055787800064252,14.214602708816528,82.6359,1.9535905931207265,77.7464755624473
0.020691901078694994,1.2634881179378782e-16,-7.727862493387436,-1.1874020057984054e-16,-0.1036237664614946,8.779239919780675e-18,0.18339316505520464,9.36554314454669e-17,-12.30045027947558,1.208540030051221e-07,-5.5230533554821017e-17,-0.07668706396327514,0.0,0.0,0.0,-7.027321999999993,0.0,0.0,0.0,0.0,0.0,12.854199999999953,0.017024037775127572,1.2447570316770022e-16,-0.7116154877738845,0.18339316530153793,9.365543116329382e-17,0.5537497181198816,-1.1761746396009396e-16,-0.10209082224642006,14.37160038948059,86.5908,1.9512212000146314,75.2185553864877
0.02435976437736228,1.2822192042547306e-16,-7.975833498953516,-1.1986306871840768e-16,-0.10515671064271863,8.963123659146974e-18,0.1833931648115239,9.36554317230563e-17,-12.496650277132414,1.1779023192742293e-07,-5.521406489597924e-17,-0.07668708479591611,0.0,0.0,0.0,-7.286367999999992,0.0,0.0,0.0,0.0,0.0,13.05039999999995,0.020691901078694994,1.2634881179378782e-16,-0.7005404933874431,0.18339316505520464,9.36554314454669e-17,0.5537497205243724,-1.1874020057984054e-16,-0.1036237664614946,14.523601055145264,90.6681,1.9503198080370707,72.74060629417338
0.028027627671181405,1.3009502906266622e-16,-8.227728504473319,-1.2098557361032126e-16,-0.10668965478657225,9.148767863678342e-18,0.18339316457038846,9.365543199626083e-17,-12.692850274847768,1.1486684827777045e-07,-5.5172574590431e-17,-0.07668710545247297,0.0,0.0,0.0,-7.549337999999992,0.0,0.0,0.0,0.0,0.0,13.246599999999948,0.02435976437736228,1.2822192042547306e-16,-0.6894654989535232,0.1833931648115239,9.36554317230563e-17,0.5537497228675363,-1.1986306871840768e-16,-0.10515671064271863,14.681602001190186,94.8676,1.950886417182964,70.3126282861956
0.03169549096020227,1.3196813770528145e-16,-8.483547509947988,-1.2210837918659026e-16,-0.10822259888908334,9.336173494844162e-18,0.18339316433169828,9.365543226526481e-17,-12.889050272619027,1.1207440319231688e-07,-5.516402674696637e-17,-0.0766871259103211,0.0,0.0,0.0,-7.8162319999999905,0.0,0.0,0.0,0.0,0.0,13.442799999999945,0.028027627671181405,1.3009502906266622e-16,-0.6783905044733274,0.18339316457038846,9.365543199626083e-17,0.5537497251521799,-1.2098557361032126e-16,-0.10668965478657225,14.839596509933472,99.1894,1.9529210274473283,67.93462136322951
0.03536335424447286,1.338412463532365e-16,-8.743290515378616,-1.2323095157188851e-16,-0.10975554294574227,9.525341627135334e-18,0.18339316409535988,9.36554325302419e-17,-13.08525027044374,1.0940427875812479e-07,-5.51284991435133e-17,-0.07668714614258033,0.0,0.0,0.0,-8.08704999999999,0.0,0.0,0.0,0.0,0.0,13.638999999999943,0.03169549096020227,1.3196813770528145e-16,-0.667315509947997,0.18339316433169828,9.365543226526481e-17,0.553749727380918,-1.2210837918659026e-16,-0.10822259888908334,14.991597175598145,103.634,1.9564236388252545,65.60658552593253
0.03903121752403932,1.3571435500645243e-16,-9.006957520766248,-1.243538869705372e-16,-0.11128848695140835,9.716273395906994e-18,0.183393163861286,9.365543279135334e-17,-13.281450268319627,1.0684859843437954e-07,-5.5122524709575827e-17,-0.07668716611767028,0.0,0.0,0.0,-8.36179199999999,0.0,0.0,0.0,0.0,0.0,13.83519999999994,0.03536335424447286,1.338412463532365e-16,-0.6562405153786255,0.18339316409535988,9.36554325302419e-17,0.5537497295562019,-1.2323095157188851e-16,-0.10975554294574227,15.151596546173096,108.2,1.9613942513118987,63.328520774948
0.04269908079894613,1.3758746366485348e-16,-9.27454852611189,-1.2547703729645247e-16,-0.11282143090020326,9.908970294978129e-18,0.18339316362939473,9.36554330487515e-17,-13.477650266244542,1.0440014884626079e-07,-5.510886738006725e-17,-0.07668718579869616,0.0,0.0,0.0,-8.64045799999999,0.0,0.0,0.0,0.0,0.0,14.031399999999937,0.03903121752403932,1.3571435500645243e-16,-0.6451655207662572,0.183393163861286,9.365543279135334e-17,0.5537497316803126,-1.243538869705372e-16,-0.11128848695140835,15.306596279144287,112.889,1.9678328649024732,61.10042711090634
0.046366944069236166,1.394605723283668e-16,-9.5460635314165,-1.2659997094677883e-16,-0.11435437478538998,1.010343338397913e-17,0.1833931633996092,9.365543330257899e-17,-13.673850264216473,1.020523112970093e-07,-5.507334613635422e-17,-0.07668720514269348,0.0,0.0,0.0,-8.923047999999989,0.0,0.0,0.0,0.0,0.0,14.227599999999935,0.04269908079894613,1.3758746366485348e-16,-0.6340905261118994,0.18339316362939473,9.36554330487515e-17,0.5537497337553958,-1.2547703729645247e-16,-0.11282143090020326,15.459596872329712,117.7,1.9757394795922298,58.922304534428264
0.05003480733495083,1.4133368099692228e-16,-9.821502536681,-1.2772246638803575e-16,-0.11588731859923296,1.0299663231370907e-17,0.18339316317185728,9.365543355296891e-17,-13.87005026223353,9.979900161423903e-08,-5.502647259697533e-17,-0.07668722409971748,0.0,0.0,0.0,-9.209561999999988,0.0,0.0,0.0,0.0,0.0,14.423799999999932,0.046366944069236166,1.394605723283668e-16,-0.6230155314165113,0.1833931633996092,9.365543330257899e-17,0.5537497357834624,-1.2659997094677883e-16,-0.11435437478538998,15.614596843719482,122.633,1.9851140953764415,56.79415304612397
0.053702670596130125,1.4320678967045242e-16,-10.100865541906275,-1.288453137397779e-16,-0.11742026233283748,1.0497660856903554e-17,0.18339316294607122,9.365543380004606e-17,-14.066250260293938,9.763461716802108e-08,-5.501885317696188e-17,-0.07668724261177635,0.0,0.0,0.0,-9.499999999999986,0.0,0.0,0.0,0.0,0.0,14.61999999999993,0.05003480733495083,1.4133368099692228e-16,-0.6119405366810131,0.18339316317185728,9.365543355296891e-17,0.5537497377664025,-1.2772246638803575e-16,-0.11588731859923296,15.769644737243652,127.689,1.9959567122503916,54.71597264659663
0.0573705338528127,1.4507989834889219e-16,-10.384152547093175,-1.29968267820716e-16,-0.11895320596927064,1.0697427712792186e-17,0.18339316272218642,9.36554340439301e-17,-14.262450258396012,9.555423274979058e-08,-5.4998693134650506e-17,-0.07668726027674937,0.0,0.0,0.0,-9.794361999999985,0.0,0.0,0.0,0.0,0.0,14.816199999999927,0.053702670596130125,1.4320678967045242e-16,-0.6008655419062894,0.18339316294607122,9.365543380004606e-17,0.5537497397059923,-1.288453137397779e-16,-0.11742026233283748,15.928597927093506,132.867,2.008267330206796,52.687763336444974
0.06103839710503598,1.4695300703217884e-16,-10.671363552242516,-1.3109127505705885e-16,-0.12048614947764665,1.0898965031900619e-17,0.18339316250014137,9.365543428473423e-17,-14.458650256538167,9.355339713252559e-08,-5.4975578932114533e-17,-0.07668727639662275,0.0,0.0,0.0,-10.092647999999983,0.0,0.0,0.0,0.0,0.0,15.012399999999925,0.0573705338528127,1.4507989834889219e-16,-0.5897905470931892,0.18339316272218642,9.36554340439301e-17,0.5537497416039159,-1.29968267820716e-16,-0.11895320596927064,16.082597255706787,138.167,2.0220459492361367,50.70952511629371
0.06470626035283619,1.488261157202518e-16,-10.962498557355087,-1.322141316434814e-16,-0.1220190928454739,1.110227386376997e-17,0.18339316227987934,9.365543452256376e-17,-14.654850254718912,9.162705537330996e-08,-5.4941995997238584e-17,-0.0766872918915931,0.0,0.0,0.0,-10.394857999999982,0.0,0.0,0.0,0.0,0.0,15.208599999999922,0.06103839710503598,1.4695300703217884e-16,-0.5787155522425333,0.18339316250014137,9.365543428473423e-17,0.5537497434617578,-1.3109127505705885e-16,-0.12048614947764665,16.23859667778015,143.589,2.0372925693413397,48.78125798682932
0.06837412359624845,1.5069922441305263e-16,-11.257557562431645,-1.3333686706843933e-16,-0.12355203605589861,1.1307355135680785e-17,0.1833931620613467,9.365543475751775e-17,-14.85105025293684,8.977112022547914e-08,-5.490961573812402e-17,-0.07668730654342155,0.0,0.0,0.0,-10.70099199999998,0.0,0.0,0.0,0.0,0.0,15.40479999999992,0.06470626035283619,1.488261157202518e-16,-0.5676405573551051,0.18339316227987934,9.365543452256376e-17,0.5537497452810101,-1.322141316434814e-16,-0.1220190928454739,16.398597717285156,149.134,2.0540071905166988,46.90296194866106
0.07204198683530685,1.525723331105247e-16,-11.556540567472918,-1.3445997624503496e-16,-0.1250849790878386,1.1514210192281785e-17,0.18339316184449284,9.365543498969007e-17,-15.047250251190615,8.798179833028364e-08,-5.490171889147663e-17,-0.07668732014059564,0.0,0.0,0.0,-11.011049999999978,0.0,0.0,0.0,0.0,0.0,15.600999999999917,0.06837412359624845,1.5069922441305263e-16,-0.5565655624316648,0.1833931620613467,9.365543475751775e-17,0.5537497470630797,-1.3333686706843933e-16,-0.12355203605589861,16.552595853805542,154.801,2.0721898127566067,45.074637002416864
0.07570985007004448,1.5444544181261334e-16,-11.859447572479613,-1.355830906872065e-16,-0.12661792191583168,1.1722840488412549e-17,0.18339316162926955,9.365543521917035e-17,-15.243450249478979,8.625556424446354e-08,-5.4875112007599435e-17,-0.07668733246397932,0.0,0.0,0.0,-11.325031999999977,0.0,0.0,0.0,0.0,0.0,15.797199999999915,0.07204198683530685,1.525723331105247e-16,-0.5454905674729407,0.18339316184449284,9.365543498969007e-17,0.5537497488093024,-1.3445997624503496e-16,-0.1250849790878386,16.708597660064697,160.591,2.09184043605544,43.2962831487452
0.0793777133004935,1.5631855051926546e-16,-12.16627857745241,-1.3670592601476296e-16,-0.1281508645096644,1.193324698694808e-17,0.18339316141563144,9.365543544604304e-17,-15.439650247800738,8.458913717722543e-08,-5.483400547918486e-17,-0.07668734327589774,0.0,0.0,0.0,-11.642937999999976,0.0,0.0,0.0,0.0,0.0,15.993399999999912,0.07570985007004448,1.5444544181261334e-16,-0.5344155724796362,0.18339316162926955,9.365543521917035e-17,0.5537497505209359,-1.355830906872065e-16,-0.12661792191583168,16.957597732543945,166.502,2.112959060407466,41.56790038832147
0.08304557652668516,1.5819165923042976e-16,-12.477033582391964,-1.378288242898756e-16,-0.12968380683382358,1.214543070750074e-17,0.18339316120353533,9.365543567038774e-17,-15.635850246154757,8.297946011212548e-08,-5.480973738037518e-17,-0.07668735231121906,0.0,0.0,0.0,-11.964767999999975,0.0,0.0,0.0,0.0,0.0,16.189599999999917,0.0793777133004935,1.5631855051926546e-16,-0.5233405774524336,0.18339316141563144,9.365543544604304e-17,0.5537497521991739,-1.3670592601476296e-16,-0.1281508645096644,17.12859582901001,172.536,2.1355456858067847,39.88948872185471
0.08671343974864992,1.6006476794605643e-16,-12.791712587298912,-1.3895185740715556e-16,-0.13121674884678813,1.2359393001766022e-17,0.18339316099294012,9.365543589228056e-17,-15.83205024453996,8.14236810331262e-08,-5.4788789980083155e-17,-0.07668735926938101,0.0,0.0,0.0,-12.290521999999973,0.0,0.0,0.0,0.0,0.0,16.38579999999992,0.08304557652668516,1.5819165923042976e-16,-0.5122655823919899,0.18339316120353533,9.365543567038774e-17,0.5537497538451603,-1.378288242898756e-16,-0.12968380683382358,17.321596145629883,178.693,2.1596003122472514,38.261048150094524
0.09038130296641742,1.6193787666609717e-16,-13.110315592173864,-1.400746864164189e-16,-0.13274969050016805,1.2575135027096683e-17,0.18339316078380685,9.365543611179402e-17,-16.02825024295532,7.991913601123402e-08,-5.475061134057302e-17,-0.07668736380675747,0.0,0.0,0.0,-12.62019999999997,0.0,0.0,0.0,0.0,0.0,16.581999999999926,0.08671343974864992,1.6006476794605643e-16,-0.5011905872989395,0.18339316099294012,9.365543589228056e-17,0.5537497554599611,-1.3895185740715556e-16,-0.13121674884678813,17.633597135543823,184.971,2.185122939722419,36.682578673841135
0.09404916618001648,1.638109853905051e-16,-13.432842597017414,-1.4119778052903585e-16,-0.13428263173768903,1.2792658053449021e-17,0.18339316057609845,9.365543632899662e-17,-16.22445024139986,7.846333393985425e-08,-5.4735629871707675e-17,-0.07668736552892691,0.0,0.0,0.0,-12.95380199999997,0.0,0.0,0.0,0.0,0.0,16.77819999999993,0.09038130296641742,1.6193787666609717e-16,-0.49011559217389333,0.18339316078380685,9.365543611179402e-17,0.5537497570446064,-1.400746864164189e-16,-0.13274969050016805,17.784597158432007,191.372,2.2121135682254742,35.15408029395569
0.09771702938943923,1.6568409411927212e-16,-13.759293601829873,-1.4232107169699198e-16,-0.13581557194639873,1.3011963594478442e-17,0.1833931603661756,9.365543654770919e-17,-16.42065023984598,7.839997822857405e-08,-5.4716966691125277e-17,-0.07668733658732367,0.0,0.0,0.0,-13.291327999999968,0.0,0.0,0.0,0.0,0.0,16.974399999999935,0.09404916618001648,1.638109853905051e-16,-0.4790405970174447,0.18339316057609845,9.365543632899662e-17,0.5537497586000697,-1.4119778052903585e-16,-0.13428263173768903,17.939595222473145,197.895,2.240572197539087,33.67555301137423
0.10138489259463952,1.6755720285243043e-16,-14.089668606611255,-1.4344424385193759e-16,-0.13734851120449068,1.3233052977650047e-17,0.18339316015385532,9.36554367681223e-17,-16.61685023829231,7.840574548015582e-08,-5.4682215302494184e-17,-0.07668731155740273,0.0,0.0,0.0,-13.632777999999966,0.0,0.0,0.0,0.0,0.0,17.17059999999994,0.09771702938943923,1.6568409411927212e-16,-0.46796560182990454,0.1833931603661756,9.365543654770919e-17,0.5537497601539556,-1.4232107169699198e-16,-0.13581557194639873,18.09959602355957,204.541,2.2704988278574922,32.24699683010111
0.10505275579556946,1.69430311590014e-16,-14.423967611361567,-1.4456723275767696e-16,-0.13888144954855983,1.3455927243658377e-17,0.18339315993913818,9.365543699023412e-17,-16.813050236738857,7.841137084509951e-08,-5.4643975725703824e-17,-0.07668728835814397,0.0,0.0,0.0,-13.978151999999966,0.0,0.0,0.0,0.0,0.0,17.366799999999945,0.10138489259463952,1.6755720285243043e-16,-0.4568906066112888,0.18339316015385532,9.36554367681223e-17,0.5537497617076284,-1.4344424385193759e-16,-0.13734851120449068,18.297595739364624,211.309,2.3018934591574203,30.868411750526143
0.10872061899218108,1.7130342033205677e-16,-14.762190616080812,-1.4569022651898832e-16,-0.14041438695547925,1.3680587533581695e-17,0.18339315972202475,9.365543721404284e-17,-17.009250235185615,7.841685831145647e-08,-5.4614870843016896e-17,-0.07668726400188315,0.0,0.0,0.0,-14.327449999999965,0.0,0.0,0.0,0.0,0.0,17.56299999999995,0.10505275579556946,1.69430311590014e-16,-0.44581561136160097,0.18339315993913818,9.365543699023412e-17,0.5537497632610879,-1.4456723275767696e-16,-0.13888144954855983,18.638596534729004,218.199,2.3347560914118595,29.539797773281073
0.11238848218442649,1.7317652907859266e-16,-15.104337620768995,-1.468133581078596e-16,-0.1419473233573008,1.3907035243579923e-17,0.18339315950251556,9.365543743954681e-17,-17.2054502336326,7.842221187150983e-08,-5.459214064221418e-17,-0.07668723624637092,0.0,0.0,0.0,-14.680671999999964,0.0,0.0,0.0,0.0,0.0,17.759199999999954,0.10872061899218108,1.7130342033205677e-16,-0.43474061608084646,0.18339315972202475,9.365543721404284e-17,0.5537497648143344,-1.4569022651898832e-16,-0.14041438695547925,18.86255192756653,225.211,2.369086724599367,28.261154899380976
0.11605634537225774,1.7504963782965558e-16,-15.450408625426121,-1.4793643314842325e-16,-0.14348025864971012,1.413527173001279e-17,0.18339315928061117,9.365543766674467e-17,-17.401650232079827,7.842743546878579e-08,-5.455940919878845e-17,-0.07668720327233668,0.0,0.0,0.0,-15.037817999999964,0.0,0.0,0.0,0.0,0.0,17.95539999999996,0.11238848218442649,1.7317652907859266e-16,-0.4236656207690306,0.18339315950251556,9.365543743954681e-17,0.5537497663673534,-1.468133581078596e-16,-0.1419473233573008,19.01855230331421,232.346,2.4048853587016055,27.032483130174246
0.11972420855562697,1.7692274658527937e-16,-15.800403630052195,-1.4905965056706947e-16,-0.14501319269629026,1.4365298360975083e-17,0.18339315905631226,9.365543789563473e-17,-17.597850230527296,7.843253298416824e-08,-5.4536351732158027e-17,-0.07668716347379319,0.0,0.0,0.0,-15.398887999999962,0.0,0.0,0.0,0.0,0.0,18.151599999999963,0.11605634537225774,1.7504963782965558e-16,-0.4125906254261569,0.18339315928061117,9.365543766674467e-17,0.5537497679201309,-1.4793643314842325e-16,-0.14348025864971012,19.17455267906189,239.603,2.4421519937017457,25.853782467322375
0.12339207173448628,1.7879585534549788e-16,-16.15432263464722,-1.5018275635669075e-16,-0.14654612533001177,1.4597116470204224e-17,0.18339315882961926,9.365543812621557e-17,-17.794050228975006,7.843750822522952e-08,-5.4500309690081194e-17,-0.07668711531930113,0.0,0.0,0.0,-15.763881999999962,0.0,0.0,0.0,0.0,0.0,18.347799999999967,0.11972420855562697,1.7692274658527937e-16,-0.40151563005223245,0.18339315905631226,9.365543789563473e-17,0.5537497694726667,-1.4905965056706947e-16,-0.14501319269629026,19.333552360534668,246.982,2.480886629583411,24.725052912802397
0.1270599349087878,1.8066896411034488e-16,-16.512165639211197,-1.5130582050885542e-16,-0.1480790563528403,1.4830727256956948e-17,0.18339315860053285,9.365543835848536e-17,-17.990250227422973,7.844236491804385e-08,-5.446749237187395e-17,-0.07668705725776889,0.0,0.0,0.0,-16.13279999999996,0.0,0.0,0.0,0.0,0.0,18.543999999999972,0.12339207173448628,1.7879585534549788e-16,-0.3904406346472573,0.18339315882961926,9.365543812621557e-17,0.553749771024961,-1.5018275635669075e-16,-0.14654612533001177,19.50555157661438,254.484,2.521089266329945,23.646294468924207
0.13072779807848367,1.8254207287985415e-16,-16.87393264374414,-1.5242901256989808e-16,-0.1496119855340173,1.5066132113762728e-17,0.18339315836905346,9.365543859244242e-17,-18.186450225871194,7.84471067011734e-08,-5.4442878579701327e-17,-0.07668698765212528,0.0,0.0,0.0,-16.50564199999996,0.0,0.0,0.0,0.0,0.0,18.740199999999977,0.1270599349087878,1.8066896411034488e-16,-0.3793656392112368,0.18339315860053285,9.365543835848536e-17,0.5537497725769995,-1.5130582050885542e-16,-0.1480790563528403,19.672486066818237,262.107,2.5627599039239097,22.617507138363568
0.134395661243526,1.8441518165405941e-16,-17.23962364824605,-1.5355238119194819e-16,-0.15114491260736446,1.530333260950297e-17,0.18339315813518187,9.365543882808528e-17,-18.382650224319686,7.845173712136364e-08,-5.442041891361542e-17,-0.07668690473040686,0.0,0.0,0.0,-16.88240799999996,0.0,0.0,0.0,0.0,0.0,18.93639999999998,0.13072779807848367,1.8254207287985415e-16,-0.3682906437441815,0.18339315836905346,9.365543859244242e-17,0.5537497741287822,-1.5242901256989808e-16,-0.1496119855340173,19.828487873077393,269.854,2.6058985423467003,21.638690924204113
0.13806352440386702,1.862882904329944e-16,-17.60923865271693,-1.5467568158648018e-16,-0.15267783726782522,1.5542330167615025e-17,0.18339315789891852,9.365543906541256e-17,-18.578850222768448,7.845625963072192e-08,-5.43854344633869e-17,-0.07668680654767414,0.0,0.0,0.0,-17.263097999999957,0.0,0.0,0.0,0.0,0.0,19.132599999999986,0.134395661243526,1.8441518165405941e-16,-0.35721564824608976,0.18339315813518187,9.365543882808528e-17,0.5537497756802949,-1.5355238119194819e-16,-0.15114491260736446,19.98948621749878,277.722,2.6505051815782474,20.709845829988033
0.14173138755945888,1.8816139921669273e-16,-17.982777657156788,-1.557987540037169e-16,-0.15421075916738486,1.5783125903521547e-17,0.1833931576602641,9.365543930442247e-17,-18.775050221217494,7.846067758507503e-08,-5.434218158031738e-17,-0.07668669095483721,0.0,0.0,0.0,-17.647711999999956,0.0,0.0,0.0,0.0,0.0,19.32879999999999,0.13806352440386702,1.862882904329944e-16,-0.34614065271697214,0.18339315789891852,9.365543906541256e-17,0.5537497772315376,-1.5467568158648018e-16,-0.15267783726782522,20.157485723495483,285.713,2.6965798215967722,19.830971859780128
0.14539925071025372,1.9003450800518808e-16,-18.36024066156563,-1.5692197451354484e-16,-0.15574367791045532,1.6025721105060914e-17,0.18339315741921924,9.365543954511301e-17,-18.97125021966681,7.846499424325689e-08,-5.4317463992182185e-17,-0.07668655557195121,0.0,0.0,0.0,-18.036249999999956,0.0,0.0,0.0,0.0,0.0,19.524999999999995,0.14173138755945888,1.8816139921669273e-16,-0.33506565715683223,0.1833931576602641,9.365543930442247e-17,0.5537497787824961,-1.557987540037169e-16,-0.15421075916738486,20.315486669540405,293.826,2.7441224623785687,19.00206901823681
0.14906711385620375,1.9190761679851405e-16,-18.74162766594346,-1.5804521183855147e-16,-0.15727659304879238,1.6270117253725558e-17,0.18339315717578453,9.365543978748268e-17,-19.167450218116425,7.846921276728807e-08,-5.4285899248021296e-17,-0.07668639776479376,0.0,0.0,0.0,-18.42871199999996,0.0,0.0,0.0,0.0,0.0,19.7212,0.14539925071025372,1.9003450800518808e-16,-0.3239906615656736,0.18339315741921924,9.365543954511301e-17,0.5537497803331846,-1.5692197451354484e-16,-0.15574367791045532,20.474487781524658,302.061,2.793133103897817,18.223137310686518
0.15273497699726118,1.9378072559670418e-16,-19.126938670290286,-1.5916875718887711e-16,-0.15880950407599895,1.65163159578733e-17,0.1833931569299605,9.365544003152982e-17,-19.363650216566324,7.847333622311866e-08,-5.42686217354984e-17,-0.07668621462412319,0.0,0.0,0.0,-18.825097999999958,0.0,0.0,0.0,0.0,0.0,19.917400000000004,0.14906711385620375,1.9190761679851405e-16,-0.3129156659435033,0.18339315717578453,9.365543978748268e-17,0.5537497818835746,-1.5804521183855147e-16,-0.15727659304879238,20.631487607955933,310.419,2.8436117461264088,17.494176743219956
0.1564028401333783,1.95653834399792e-16,-19.516173674606115,-1.6029178854345724e-16,-0.16034241042166694,1.6764318415413838e-17,0.18339315668174783,9.365544027725314e-17,-19.55985021501652,7.847736758192511e-08,-5.420994341912363e-17,-0.07668600294766945,0.0,0.0,0.0,-19.22540799999996,0.0,0.0,0.0,0.0,0.0,20.11360000000001,0.15273497699726118,1.9378072559670418e-16,-0.30184067029032846,0.1833931569299605,9.365544003152982e-17,0.5537497834336804,-1.5916875718887711e-16,-0.15880950407599895,20.852486610412598,318.899,2.895558389033802,16.815187322787704
0.16007070326450729,1.9752694320781105e-16,-19.909332678890948,-1.6141507825488673e-16,-0.1618753114452233,1.7014125785735458e-17,0.18339315643114718,9.365544052465017e-17,-19.75605021346703,7.848130972183558e-08,-5.418962546045135e-17,-0.07668575922527557,0.0,0.0,0.0,-19.629641999999958,0.0,0.0,0.0,0.0,0.0,20.309800000000013,0.1564028401333783,1.95653834399792e-16,-0.2907656746061562,0.18339315668174783,9.365544027725314e-17,0.5537497849834878,-1.6029178854345724e-16,-0.16034241042166694,21.032487392425537,327.501,2.9489730325868906,16.186169057308984
0.16373856639060036,1.9940005202079477e-16,-20.3064156831448,-1.6253808134295663e-16,-0.16340820642955656,1.7265739403485272e-17,0.1833931561781592,9.365544077371959e-17,-19.952250211917853,7.848516543001199e-08,-5.4141764735875144e-17,-0.07668547962791786,0.0,0.0,0.0,-20.037799999999958,0.0,0.0,0.0,0.0,0.0,20.506000000000018,0.16007070326450729,1.9752694320781105e-16,-0.2796906788909901,0.18339315643114718,9.365544052465017e-17,0.5537497865329826,-1.6141507825488673e-16,-0.1618753114452233,21.333487272262573,336.226,3.003855676749902,15.607121955788601
0.16740642951160983,2.0127316083877654e-16,-20.707422687367664,-1.636615291561316e-16,-0.16494109457452208,1.7519160745471312e-17,0.1833931559227845,9.365544102445918e-17,-20.14845021036899,7.848893740495223e-08,-5.41302102670839e-17,-0.07668516000170342,0.0,0.0,0.0,-20.44988199999996,0.0,0.0,0.0,0.0,0.0,20.702200000000023,0.16373856639060036,1.9940005202079477e-16,-0.26861568314484074,0.1833931561781592,9.365544077371959e-17,0.5537497880821647,-1.6253808134295663e-16,-0.16340820642955656,21.48648691177368,345.073,3.060206321484344,15.07804602844411
0.1710742926274879,2.031462696617898e-16,-21.11235369155956,-1.6478504065506688e-16,-0.16647397499045669,1.7774391556749776e-17,0.1833931556650238,9.36554412768679e-17,-20.344650208820436,7.8492628259066e-08,-5.4099310728766395e-17,-0.07668479586824732,0.0,0.0,0.0,-20.86588799999996,0.0,0.0,0.0,0.0,0.0,20.898400000000027,0.16740642951160983,2.0127316083877654e-16,-0.25754068736770463,0.1833931559227845,9.365544102445918e-17,0.5537497896310342,-1.636615291561316e-16,-0.16494109457452208,21.642486572265625,354.042,3.1180249667489788,14.598941286839073
0.1747421557381869,2.0501937848986793e-16,-21.521208695720485,-1.6590846524181195e-16,-0.16800684669185925,1.8031433163916118e-17,0.18339315540487766,9.365544153094407e-17,-20.54085020727221,7.849624052137682e-08,-5.4060597556973526e-17,-0.07668438243304329,0.0,0.0,0.0,-21.28581799999996,0.0,0.0,0.0,0.0,0.0,21.09460000000003,0.1710742926274879,2.031462696617898e-16,-0.24646569155959952,0.1833931556650238,9.36554412768679e-17,0.553749791179591,-1.6478504065506688e-16,-0.16647397499045669,21.800485849380493,363.133,3.177311612499886,14.169807744027365
0.17841001884365917,2.0689248732304422e-16,-21.93398769985045,-1.670316466884726e-16,-0.16953970851651676,1.829028663538046e-17,0.18339315514234722,9.365544178668538e-17,-20.737050205724326,7.84996450648976e-08,-5.401379113352531e-17,-0.07668391085569974,0.0,0.0,0.0,-21.70967199999996,0.0,0.0,0.0,0.0,0.0,21.290800000000036,0.1747421557381869,2.0501937848986793e-16,-0.2353906957205254,0.18339315540487766,9.365544153094407e-17,0.553749792727821,-1.6590846524181195e-16,-0.16800684669185925,21.954486846923828,372.347,3.238066258661829,13.790645414697833
0.1820778819438571,2.0876559616135187e-16,-22.350690703949464,-1.6815528641370759e-16,-0.17107255627537674,1.8550952958154133e-17,0.18339315487744434,9.365544204407876e-17,-20.93325020417684,7.84996511382492e-08,-5.400179725923977e-17,-0.07668322971347868,0.0,0.0,0.0,-22.13744999999996,0.0,0.0,0.0,0.0,0.0,21.48700000000004,0.17841001884365917,2.0689248732304422e-16,-0.22431569985049293,0.18339315514234722,9.365544178668538e-17,0.5537497942757099,-1.670316466884726e-16,-0.16953970851651676,22.109485864639282,381.683,3.3002889040657872,13.461454316105089
0.1857457450387338,2.1063870500482334e-16,-22.77131770801753,-1.6927866443242437e-16,-0.17260574426221226,1.881349449804169e-17,0.18339315461022732,9.365544230306737e-17,-21.129450202630093,7.848273739554885e-08,-5.395298051371078e-17,-0.07670027271116614,0.0,0.0,0.0,-22.56915199999996,0.0,0.0,0.0,0.0,0.0,21.683200000000046,0.1820778819438571,2.0876559616135187e-16,-0.21324070394950567,0.18339315487744434,9.365544204407876e-17,0.5537497958232009,-1.6815528641370759e-16,-0.17107255627537674,22.268537521362305,391.141,3.3639796862347358,13.182234498372269
0.18941360812824234,2.125118138534912e-16,-23.19586871205467,-1.7040181085575023e-16,-0.17413884041272762,1.9077838769474635e-17,0.1833931543406263,9.365544256371692e-17,-21.325650201083686,7.848647079332049e-08,-5.3906015914756117e-17,-0.07669570098082651,0.0,0.0,0.0,-23.004777999999963,0.0,0.0,0.0,0.0,0.0,21.87940000000005,0.1857457450387338,2.1063870500482334e-16,-0.20216570801757072,0.18339315461022732,9.365544230306737e-17,0.553749797369953,-1.6927866443242437e-16,-0.17260574426221226,22.424527406692505,400.722,3.429138304076021,12.952982157435455
0.19308147121233502,2.1438492270738862e-16,-23.62434371606088,-1.7152540066957837e-16,-0.17567187829603617,1.934399314212631e-17,0.1833931540686422,9.36554428260252e-17,-21.52185019953762,7.849011855752822e-08,-5.3892488392726894e-17,-0.07669280859732515,0.0,0.0,0.0,-23.444327999999963,0.0,0.0,0.0,0.0,0.0,22.075600000000055,0.18941360812824234,2.125118138534912e-16,-0.19109071205470585,0.1833931543406263,9.365544256371692e-17,0.553749798916364,-1.7040181085575023e-16,-0.17413884041272762,22.580477714538574,410.425,3.4957649354972227,12.77370183373912
0.1967493342909642,2.162580315665488e-16,-24.056742720036176,-1.7264819579321984e-16,-0.1772048791421066,1.9611962524966413e-17,0.1833931537942758,9.365544308999108e-17,-21.71805019799191,7.849368359525688e-08,-5.381671333509785e-17,-0.07669097827617066,0.0,0.0,0.0,-23.887801999999965,0.0,0.0,0.0,0.0,0.0,22.27180000000006,0.19308147121233502,2.1438492270738862e-16,-0.18001571606091815,0.1833931540686422,9.36554428260252e-17,0.5537498004624339,-1.7152540066957837e-16,-0.17567187829603617,22.740478515625,420.25,3.5638595758118163,12.644393204975202
0.20041719736408223,2.1813114043100483e-16,-24.49306572398056,-1.7377160690480991e-16,-0.17873785636916129,1.9881750676676023e-17,0.18339315351752783,9.365544335561139e-17,-21.914250196446556,7.849716869308563e-08,-5.3811208388680207e-17,-0.07668981922272765,0.0,0.0,0.0,-24.335199999999965,0.0,0.0,0.0,0.0,0.0,22.468000000000064,0.1967493342909642,2.162580315665488e-16,-0.1689407200362112,0.1833931537942758,9.365544308999108e-17,0.5537498020081486,-1.7264819579321984e-16,-0.1772048791421066,22.893489122390747,430.198,3.6334222220513004,12.56505606360797
0.204085060431641,2.2000424930079028e-16,-24.933312727894037,-1.748949640439605e-16,-0.18027038582301735,2.0153284455349195e-17,0.18339315323834848,9.365544362293372e-17,-22.110450194901272,7.851481348483025e-08,-5.377257501767225e-17,-0.07666744111172977,0.0,0.0,0.0,-24.786521999999966,0.0,0.0,0.0,0.0,0.0,22.66420000000007,0.20041719736408223,2.1813114043100483e-16,-0.15786572398059562,0.18339315351752783,9.365544335561139e-17,0.553749803553508,-1.7377160690480991e-16,-0.17873785636916129,23.051487922668457,440.268,3.704452706380316,12.535690276224367
0.2077529234935924,2.2187735817593867e-16,-25.377483731776614,-1.7601845008714402e-16,-0.18180300270893657,2.042665996242658e-17,0.18339315295679048,9.365544389190684e-17,-22.306650193356358,7.851782972456591e-08,-5.374196943170901e-17,-0.0766718375632596,0.0,0.0,0.0,-25.241767999999965,0.0,0.0,0.0,0.0,0.0,22.860400000000073,0.204085060431641,2.2000424930079028e-16,-0.14679072789407144,0.18339315323834848,9.365544362293372e-17,0.5537498050987963,-1.748949640439605e-16,-0.18027038582301735,23.2064790725708,450.46,3.7769513960294083,12.556300812626931
0.21142078654988883,2.23750467056483e-16,-25.825578735628298,-1.7714183155651345e-16,-0.18333566635733334,2.070187179310218e-17,0.1833931526728544,9.365544416252912e-17,-22.502850191811827,7.852078533261934e-08,-5.369945986247581e-17,-0.07667419945146098,0.0,0.0,0.0,-25.70093799999997,0.0,0.0,0.0,0.0,0.0,23.056600000000078,0.2077529234935924,2.2187735817593867e-16,-0.1357157317766493,0.18339315295679048,9.365544389190684e-17,0.5537498066437152,-1.7601845008714402e-16,-0.18180300270893657,23.36248207092285,460.774,3.8509180710480324,12.626881568682409
0.21508864960048277,2.256235759424563e-16,-26.2775977394491,-1.7826505641804915e-16,-0.18486834994054938,2.097891668923312e-17,0.18339315238654075,9.365544443479845e-17,-22.699050190267666,7.852368209188053e-08,-5.36541055181179e-17,-0.07667521924062401,0.0,0.0,0.0,-26.16403199999997,0.0,0.0,0.0,0.0,0.0,23.252800000000082,0.21142078654988883,2.23750467056483e-16,-0.12464073562832922,0.1833931526728544,9.365544416252912e-17,0.5537498081882504,-1.7714183155651345e-16,-0.18333566635733334,23.51949977874756,471.211,3.9263527366675284,12.74743298647568
0.21875651264532667,2.274966848338914e-16,-26.73354074323902,-1.793883209056939e-16,-0.18640103526510668,2.1257792992989353e-17,0.18339315209785034,9.365544470871275e-17,-22.895250188723903,7.852652159045664e-08,-5.3618312869868644e-17,-0.07667532886927864,0.0,0.0,0.0,-26.631049999999973,0.0,0.0,0.0,0.0,0.0,23.449000000000087,0.21508864960048277,2.256235759424563e-16,-0.11356573944912896,0.18339315238654075,9.365544443479845e-17,0.553749809732416,-1.7826505641804915e-16,-0.18486834994054938,23.680479049682617,481.77,4.003255396145728,12.917955368765163
0.22242437568556922,2.2936979372968876e-16,-27.193407747004407,-1.8051258513953404e-16,-0.18793460074212337,2.153866413253228e-17,0.18339315192640393,9.365544487102384e-17,-23.09145018781481,4.6255975782143615e-08,-5.362875454851686e-17,-0.07671938261786558,0.0,0.0,0.0,-27.101991999999974,0.0,0.0,0.0,0.0,0.0,23.64520000000009,0.21875651264532667,2.274966848338914e-16,-0.10249074323904495,0.18339315209785034,9.365544470871275e-17,0.5537498112761838,-1.793883209056939e-16,-0.18640103526510668,23.853477716445923,492.451,4.0816263934620025,13.1384489308829
0.2260922387223904,2.3124290262872174e-16,-27.657198750751725,-1.816366157265372e-16,-0.18946793753418054,2.18213301460837e-17,0.18339315175571325,9.365544503226617e-17,-23.287650186917286,4.5680690807927565e-08,-5.357907097876225e-17,-0.07670796478571541,0.0,0.0,0.0,-27.576857999999977,0.0,0.0,0.0,0.0,0.0,23.841400000000096,0.22242437568556922,2.2936979372968876e-16,-0.091415747004433,0.18339315192640393,9.365544487102384e-17,0.5537498121852806,-1.8051258513953404e-16,-0.18793460074212337,24.022512435913086,503.255,4.161464969967341,13.40890259577949
0.22976010175580522,2.3311601153096894e-16,-28.124913754481206,-1.8276048681371147e-16,-0.1910011295618939,2.2105807480465592e-17,0.18339315158576963,9.365544519245596e-17,-23.483850186031088,4.5117052691863085e-08,-5.353267948756449e-17,-0.07670074522460213,0.0,0.0,0.0,-28.055647999999977,0.0,0.0,0.0,0.0,0.0,24.0376000000001,0.2260922387223904,2.3124290262872174e-16,-0.0803407507517484,0.18339315175571325,9.365544503226617e-17,0.5537498130828098,-1.816366157265372e-16,-0.18946793753418054,24.179479122161865,514.181,4.2427715791756135,13.72933006226723
0.23342796478582856,2.3498912043640955e-16,-28.596552758193077,-1.8388426662974996e-16,-0.19253422993498354,2.2392107258686954e-17,0.18339315141656465,9.36554453516089e-17,-23.680050185156002,4.4564711285909526e-08,-5.348933030459454e-17,-0.0766961825680295,0.0,0.0,0.0,-28.538361999999978,0.0,0.0,0.0,0.0,0.0,24.233800000000105,0.22976010175580522,2.3311601153096894e-16,-0.06926575448122918,0.18339315158576963,9.365544519245596e-17,0.5537498139690129,-1.8276048681371147e-16,-0.1910011295618939,24.335477113723755,525.229,4.325546209402728,14.099730368136262
0.23709582781247512,2.3686222934502305e-16,-29.072115761887556,-1.8500799626929274e-16,-0.1940672722626364,2.2680237231301363e-17,0.18339315124809008,9.365544550974036e-17,-23.876250184291802,4.402333033844836e-08,-5.3447695488675474e-17,-0.07669330126899034,0.0,0.0,0.0,-29.02499999999998,0.0,0.0,0.0,0.0,0.0,24.43000000000011,0.23342796478582856,2.3498912043640955e-16,-0.05819075819309916,0.18339315141656465,9.36554453516089e-17,0.5537498148441031,-1.8388426662974996e-16,-0.19253422993498354,24.488478183746338,536.399,4.409788853255855,14.52010289470671
0.24076369083441504,2.3873533825804826e-16,-29.551602765558016,-1.861316832325351e-16,-0.19560023363814533,2.2970194632223594e-17,0.18339315094590103,9.365544579278547e-17,-24.072450182754263,7.834764535369628e-08,-5.340619464186516e-17,-0.07668927401501374,0.0,0.0,0.0,-29.515561999999985,0.0,0.0,0.0,0.0,0.0,24.626200000000114,0.23709582781247512,2.3686222934502305e-16,-0.04711576188757505,0.18339315124809008,9.365544550974036e-17,0.5537498157083078,-1.8500799626929274e-16,-0.1940672722626364,24.643420219421387,547.692,4.495499489108758,14.990447244332069
