-1.0,0.0,0.0033264504206979312,-1.268926381869674e-17,0.4429739053428892,-2.8573842971030945e-18,0.0,0.0,0.3326450420697931,26.442252103489658,-6.022917224478262e-16,22.518125069579995,0.0,0.0,0.0,-0.401962,0.0,0.0,0.0,0.0,0.0,-4.803799999999999,-1.0,0.0,0.5,0.0,0.0,-5.0,0.0,-0.0,0.005000591278076172,24185.71832530511
-0.9978801063700029,5.670074137486389e-20,0.01248575401460961,-1.40680699717473e-17,0.7633343882103493,-8.039448177698481e-18,0.2119893629997043,5.670074137486389e-18,0.5832853173213749,24.728815257303058,8.194170308120037e-17,16.560994226330386,0.0,0.0,0.0,-0.307848,0.0,0.0,0.0,0.0,0.0,-4.607599999999998,-1.0,0.0,0.40528845042069794,0.0,0.0,-4.471154957930206,-1.268926381869674e-17,0.4429739053428892,0.38699960708618164,16850.79231918125
-0.9904036644021457,2.0994448139328926e-19,0.025572187321837775,-4.236842040039734e-18,0.9632772058263177,-1.0850404745098196e-17,0.5356548337860374,9.654299864356148e-18,0.7253580134014416,23.408745902579643,6.218705918754979e-16,10.415071029016847,0.0,0.0,0.0,-0.21765800000000007,0.0,0.0,0.0,0.0,0.0,-4.411399999999997,-0.9978801063700029,5.670074137486389e-20,0.3203337540146096,0.2119893629997043,5.670074137486389e-18,-4.024314682678623,-1.40680699717473e-17,0.7633343882103493,0.5339987277984619,10311.359488499542
-0.9759562450723717,3.817812981639594e-19,0.04071357002346026,1.571498846991461e-17,1.0556840135644483,-9.854462073261073e-18,0.9090870991913704,7.529381812710863e-18,0.7887802567608068,22.740677545573945,9.969903899736027e-16,4.824954680534443,0.0,0.0,0.0,-0.13139200000000012,0.0,0.0,0.0,0.0,0.0,-4.215199999999996,-0.9904036644021457,2.0994448139328926e-19,0.24323018732183785,0.5356548337860374,9.654299864356148e-18,-3.686041986598555,-4.236842040039734e-18,0.9632772058263177,0.6880002021789551,5768.686367298665
-0.953851925645459,4.2287905163746795e-19,0.056747706583171374,3.9010805805763595e-17,1.0576712594396112,-9.743887914167058e-18,1.301344843499897,-3.4196064653600116e-18,0.8146333992103044,22.53739869870248,1.2117781759325457e-15,0.10379956842795579,0.0,0.0,0.0,-0.049050000000000205,0.0,0.0,0.0,0.0,0.0,-4.018999999999995,-0.9759562450723717,3.817812981639594e-19,0.17210557002346039,0.9090870991913704,7.529381812710863e-18,-3.426419743239189,1.571498846991461e-17,1.0556840135644483,0.8280000686645508,3194.4459875533985
-0.923903630269638,1.4068687243050836e-19,0.0732879601159695,5.942807264370079e-17,0.9862377699040343,-1.6481806666114455e-17,1.6934846940822033,-2.4799611455335945e-17,0.8393919540695077,22.505351884617422,1.366895499754457e-15,-3.7327646661982286,0.0,0.0,0.0,0.029367999999999728,0.0,0.0,0.0,0.0,0.0,-3.8227999999999955,-0.953851925645459,4.2287905163746795e-19,0.10579770658317159,1.301344843499897,-3.4196064653600116e-18,-3.2043666007896903,3.9010805805763595e-17,1.0576712594396112,0.9699995517730713,2098.9470189831563
-0.8863032874091133,-6.82640958275052e-19,0.09058238197142587,7.759507362685723e-17,0.8571255028383343,-3.1105154755597486e-17,2.066549591970248,-5.753317161522007e-17,0.890050231476131,22.367187304195333,1.559653149545389e-15,-6.757600083366903,0.0,0.0,0.0,0.10386199999999968,0.0,0.0,0.0,0.0,0.0,-3.6265999999999963,-0.923903630269638,1.4068687243050836e-19,0.04391996011596977,1.6934846940822033,-2.4799611455335945e-17,-2.9834080459304877,5.942807264370079e-17,0.9862377699040343,1.111999750137329,1983.8033780502453
-0.8416605977665593,-2.2762407533505835e-18,0.10928909066613765,9.715329833386108e-17,0.6853683468461571,-5.200867246440204e-17,2.3977193722851586,-1.0182680789233308e-16,0.980620637995047,21.903806144643568,1.7903191020518178e-15,-9.018016294739152,0.0,0.0,0.0,0.1744319999999996,0.0,0.0,0.0,0.0,0.0,-3.430399999999997,-0.8863032874091133,-6.82640958275052e-19,-0.013279618028573803,2.066549591970248,-5.753317161522007e-17,-2.736549768523865,7.759507362685723e-17,0.8571255028383343,1.2640001773834229,2431.0241947001114
-0.7910493344511841,-4.858763644614368e-18,0.13018919020946282,1.2094671122154317e-16,0.4861070501702841,-7.804179051421424e-17,2.663406959252364,-1.5642548123404537e-16,1.109389316337469,20.98776642309021,2.0111139539204247e-15,-10.509774559520107,0.0,0.0,0.0,0.24107799999999957,0.0,0.0,0.0,0.0,0.0,-3.2341999999999977,-0.8416605977665593,-2.2762407533505835e-18,-0.06514290933386194,2.3977193722851586,-1.0182680789233308e-16,-2.44977936200495,9.715329833386108e-17,0.6853683468461571,1.4070053100585938,3076.174466937312
-0.7359486674416397,-8.60469662367545e-18,0.15388305912021677,1.506092240133206e-16,0.2746530418136759,-1.0890512685690348e-16,2.8466597417020916,-2.1816781667206282e-16,1.2599975747379266,19.61233988910591,2.1758777025418713e-15,-11.213147612683414,0.0,0.0,0.0,0.3037999999999995,0.0,0.0,0.0,0.0,0.0,-3.0379999999999985,-0.7910493344511841,-4.858763644614368e-18,-0.11088880979053675,2.663406959252364,-1.5642548123404537e-16,-2.1248106836625285,1.2094671122154317e-16,0.4861070501702841,1.5440001487731934,3608.0959749913004
-0.6780450259442604,-1.3612645228615767e-17,0.180565070077226,1.8684830187786692e-16,0.06540526692049732,-1.4466249645243294e-16,2.943704408035839,-2.826270438219689e-16,1.4082035209629973,17.890858214393653,2.248517739307598e-15,-11.157593910735851,0.0,0.0,0.0,0.36259799999999953,0.0,0.0,0.0,0.0,0.0,-2.841799999999999,-0.7359486674416397,-8.60469662367545e-18,-0.14991694087978275,2.8466597417020916,-2.1816781667206282e-16,-1.7780024252620719,1.506092240133206e-16,0.2746530418136759,1.6860005855560303,3824.874102773749
-0.618961668862149,-1.989372069196939e-17,0.20996214969301802,2.2948050208422996e-16,-0.12990844072829524,-1.8527638521706522e-16,2.964631300175294,-3.4548050251339343e-16,1.5315044406162046,16.009276410402013,2.2071084406923714e-15,-10.466915253538033,0.0,0.0,0.0,0.4174719999999995,0.0,0.0,0.0,0.0,0.0,-2.6456,-0.6780450259442604,-1.3612645228615767e-17,-0.18203292992277353,2.943704408035839,-2.826270438219689e-16,-1.433596479037002,1.8684830187786692e-16,0.06540526692049732,1.8270034790039062,3686.6404706108856
-0.5600357011905626,-2.738491713257726e-17,0.24143677983094908,2.773951572034773e-16,-0.3036180317859765,-2.302992294217106e-16,2.9279654669833475,-4.036391415473932e-16,1.6159585731769013,14.15195440982066,2.050135782793305e-15,-9.347474710590868,0.0,0.0,0.0,0.46842199999999956,0.0,0.0,0.0,0.0,0.0,-2.4494000000000007,-0.618961668862149,-1.989372069196939e-17,-0.2075098503069815,2.964631300175294,-3.4548050251339343e-16,-1.1140955593837953,2.2948050208422996e-16,-0.12990844072829524,1.9660003185272217,3292.774713783864
-0.5022205544792051,-3.5976769969898704e-17,0.2741691535946259,3.286866539774648e-16,-0.4523582586473052,-2.7875242325176024e-16,2.853549204152391,-4.555461421847507e-16,1.6572788031907837,12.445244055418659,1.797403125081143e-15,-8.028729568277276,0.0,0.0,0.0,0.5154479999999995,0.0,0.0,0.0,0.0,0.0,-2.2532000000000014,-0.5600357011905626,-2.738491713257726e-17,-0.22698522016905048,2.9279654669833475,-4.036391415473932e-16,-0.8334414268230994,2.773951572034773e-16,-0.3036180317859765,2.110999584197998,2792.861587583165
-0.4461062817067609,-4.554044672693558e-17,0.307321405416908,3.8101820780608366e-16,-0.5762465213724867,-3.292143118707045e-16,2.757878073092024,-5.008215335189376e-16,1.6579463790374216,10.944154574258112,1.4836224482629068e-15,-6.702007960272006,0.0,0.0,0.0,0.5585499999999997,0.0,0.0,0.0,0.0,0.0,-2.057000000000002,-0.5022205544792051,-3.5976769969898704e-17,-0.24127884640537356,2.853549204152391,-4.555461421847507e-16,-0.5959211968092177,3.286866539774648e-16,-0.4523582586473052,2.251004457473755,2306.217976121809
-0.3920004308667657,-5.594606824510566e-17,0.34013680514883515,4.321160247699623e-16,-0.6776106581390013,-3.800811866939607e-16,2.6527070109074993,-5.397406182980703e-16,1.6235935941552968,9.650838482022284,1.1485621613891043e-15,-5.491727145522562,0.0,0.0,0.0,0.5977279999999996,0.0,0.0,0.0,0.0,0.0,-1.8608000000000022,-0.4461062817067609,-4.554044672693558e-17,-0.25122859458309166,2.757878073092024,-5.008215335189376e-16,-0.39905362096258057,3.8101820780608366e-16,-0.5762465213724867,2.3899991512298584,1894.5959872344492
-0.3400171581774545,-6.70719632419064e-17,0.3719774147867162,4.802208122273141e-16,-0.7598299142100052,-4.298989209801471e-16,2.5456202580236225,-5.728488813820027e-16,1.5604673696328086,8.540521407246136,8.279783730133327e-16,-4.458911575424937,0.0,0.0,0.0,0.6329819999999997,0.0,0.0,0.0,0.0,0.0,-1.664600000000002,-0.3920004308667657,-5.594606824510566e-17,-0.25759119485116444,2.6527070109074993,-5.397406182980703e-16,-0.23720640584470543,4.321160247699623e-16,-0.6776106581390013,2.5310001373291016,1574.3495418226948
-0.29014904125597113,-7.880806620574698e-17,0.40232386512352936,5.243540964701518e-16,-0.8265290344515076,-4.776422548460932e-16,2.4411914341247156,-6.007614150020547e-16,1.4741776640485067,7.580509890412092,5.475202014477513e-16,-3.619585203480277,0.0,0.0,0.0,0.6643119999999998,0.0,0.0,0.0,0.0,0.0,-1.468400000000002,-0.3400171581774545,-6.70719632419064e-17,-0.2610045852132835,2.5456202580236225,-5.728488813820027e-16,-0.10413263036719345,4.802208122273141e-16,-0.7598299142100052,2.671999216079712,1338.278616496177
-0.24231678892912895,-9.105651112300369e-17,0.43075860595196025,5.643518067340967e-16,-0.8811199013011002,-5.228603038090708e-16,2.3420337985595063,-6.240830767236156e-16,1.3692964187945813,6.740057800059359,3.202199179729315e-16,-2.9637875526334065,0.0,0.0,0.0,0.6917179999999998,0.0,0.0,0.0,0.0,0.0,-1.2722000000000018,-0.29014904125597113,-7.880806620574698e-17,-0.26198813487647044,2.4411914341247156,-6.007614150020547e-16,0.0057776640485047714,5.243540964701518e-16,-0.8265290344515076,2.8139991760253906,1171.5075744449778
-0.19640092335261272,-1.0373116642887144e-16,0.4569453107866759,6.007147713945586e-16,-0.926592607045813,-5.656791529645364e-16,2.2495527590921176,-6.433824538631585e-16,1.2493740646769893,5.993959860211518,1.4718567954181215e-16,-2.4694864584743934,0.0,0.0,0.0,0.7151999999999998,0.0,0.0,0.0,0.0,0.0,-1.0760000000000016,-0.24231678892912895,-9.105651112300369e-17,-0.2609593940480396,2.3420337985595063,-6.240830767236156e-16,0.09709641879457953,5.643518067340967e-16,-0.8811199013011002,2.9519999027252197,1059.3757556865946
-0.15226109196904358,-1.1675681149147028e-16,0.4806101449204736,6.343755588449774e-16,-0.9654564824890437,-6.067087104919031e-16,2.1644303792647994,-6.591820523967273e-16,1.1171093487027786,5.322955027737075,2.0397710654370094e-17,-2.111028245310699,0.0,0.0,0.0,0.7347579999999998,0.0,0.0,0.0,0.0,0.0,-0.8798000000000015,-0.19640092335261272,-1.0373116642887144e-16,-0.25825468921332395,2.2495527590921176,-6.433824538631585e-16,0.17337406467698768,6.007147713945586e-16,-0.926592607045813,3.092999219894409,990.1379024392219
-0.10974757184545092,-1.300681465996882e-16,0.501526696098245,6.664746095129952e-16,-0.9997594581125466,-6.469181927350744e-16,2.086921633094467,-6.719514584250624e-16,0.974545769074364,4.71287367833425,-7.377126904697022e-17,-1.8635869223805268,0.0,0.0,0.0,0.750392,0.0,0.0,0.0,0.0,0.0,-0.6836000000000013,-0.15226109196904358,-1.1675681149147028e-16,-0.2541478550795262,2.1644303792647994,-6.591820523967273e-16,0.2373093487027771,6.343755588449774e-16,-0.9654564824890437,3.2319986820220947,955.2251092521735
-0.06870803783286705,-1.436086833489203e-16,0.5195046066035157,6.982007620739328e-16,-1.0311419071281733,-6.875309487380252e-16,2.0170317681639203,-6.821022164981484e-16,0.8232452814527071,4.153480297239618,-1.5144448564553665e-16,-1.7051462326084432,0.0,0.0,0.0,0.7621019999999998,0.0,0.0,0.0,0.0,0.0,-0.4874000000000012,-0.10974757184545092,-1.300681465996882e-16,-0.248865303901755,2.086921633094467,-6.719514584250624e-16,0.29094576907436265,6.664746095129952e-16,-0.9997594581125466,3.3719990253448486,948.667842747241
-0.028991497490982586,-1.5732957003915192e-16,0.534381320166364,7.307125712041036e-16,-1.0609008691754669,-7.299659392244275e-16,1.9546222660245265,-6.89986452525017e-16,0.6644260748321125,3.6373993700722393,-2.2914055764339747e-16,-1.617120756830627,0.0,0.0,0.0,0.7698879999999999,0.0,0.0,0.0,0.0,0.0,-0.2912000000000013,-0.06870803783286705,-1.436086833489203e-16,-0.24259739339648412,2.0170317681639203,-6.821022164981484e-16,0.3358452814527059,6.982007620739328e-16,-1.0311419071281733,3.5159995555877686,966.3959650366818
0.009549473072723932,-1.7118844111473014e-16,0.5460162381881788,7.651338655854987e-16,-1.0900526778917725,-7.758358199963623e-16,1.899474790346125,-6.959006550328052e-16,0.4990657273493732,3.159243675741564,-3.228000300023694e-16,-1.584298317643165,0.0,0.0,0.0,0.7737499999999999,0.0,0.0,0.0,0.0,0.0,-0.09500000000000125,-0.028991497490982586,-1.5732957003915192e-16,-0.23550667983363593,1.9546222660245265,-6.89986452525017e-16,0.3732260748321112,7.307125712041036e-16,-1.0609008691754669,3.667999029159546,1005.6602761619869
0.04705752558357571,-1.8514839374717157e-16,0.5542866525745523,8.026116730511956e-16,-1.1193888268440737,-8.270058397456213e-16,1.851330460739053,-7.000946082113394e-16,0.327975711287977,2.7149529308587286,-4.477912856132809e-16,-1.5944873709912901,0.0,0.0,0.0,0.7736879999999999,0.0,0.0,0.0,0.0,0.0,0.10119999999999876,0.009549473072723932,-1.7118844111473014e-16,-0.22773376181182114,1.899474790346125,-6.959006550328052e-16,0.40406572734937196,7.651338655854987e-16,-1.0900526778917725,3.8100030422210693,1064.6189357002615
0.0836699750174802,-1.991771853520946e-16,0.55908494822207,8.444325195968678e-16,-1.1495234729628891,-8.857235803667706e-16,1.809914482651397,-7.02784552280966e-16,0.15185385346380043,2.3013121442938775,-6.197116308173479e-16,-1.6380702305072292,0.0,0.0,0.0,0.7697019999999999,0.0,0.0,0.0,0.0,0.0,0.2973999999999988,0.04705752558357571,-1.8514839374717157e-16,-0.2194013474254476,1.851330460739053,-7.000946082113394e-16,0.4291757112879757,8.026116730511956e-16,-1.1193888268440737,3.9480020999908447,1142.0637386953151
0.11951863920091906,-2.1324672568004626e-16,0.560316692502977,8.922114048767098e-16,-1.1809327024728808,-9.54847461101079e-16,1.7749519356924885,-7.041694805141987e-16,-0.028679425373101773,1.9156107654323709,-8.559258869732942e-16,-1.7075594926227557,0.0,0.0,0.0,0.761792,0.0,0.0,0.0,0.0,0.0,0.4935999999999987,0.0836699750174802,-1.991771853520946e-16,-0.2106170517779299,1.809914482651397,-7.02784552280966e-16,0.4492538534637992,8.444325195968678e-16,-1.1495234729628891,4.090999364852905,1237.2477565860197
0.15472993984684597,-2.2733291963818856e-16,0.5578993342743964,9.482007542106273e-16,-1.213986425069385,-1.0382387957552218e-15,1.7461781289001985,-7.044499153000332e-16,-0.2130563974849582,1.5554066556401214,-1.1780391107628891e-15,-1.7971996861207058,0.0,0.0,0.0,0.7499579999999999,0.0,0.0,0.0,0.0,0.0,0.6897999999999989,0.11951863920091906,-2.1324672568004626e-16,-0.20147530749702303,1.7749519356924885,-7.041694805141987e-16,0.46492057462689695,8.922114048767098e-16,-1.1809327024728808,4.232003450393677,1349.7810292668607
0.18942517694632166,-2.414159125124391e-16,0.5517613181033882,1.015833449045093e-15,-1.2489740020529916,-1.141460798794911e-15,1.7233455810473703,-7.038493721250204e-16,-0.4007452196158676,1.2183650829810522,-1.6159435702889252e-15,-1.9026280694867974,0.0,0.0,0.0,0.7342,0.0,0.0,0.0,0.0,0.0,0.885999999999999,0.15472993984684597,-2.2733291963818856e-16,-0.19205866572560348,1.7461781289001985,-7.044499153000332e-16,0.47674360251504067,9.482007542106273e-16,-1.213986425069385,4.3699986934661865,1479.5701798295438
0.22372092187974935,-2.5548080656554724e-16,0.541841482923562,1.1007723049603159e-15,-1.2861247154012603,-1.2731142986313485e-15,1.7062289122953969,-7.026400331857914e-16,-0.5912382983667455,0.9021492383586756,-2.2149725176552215e-15,-2.020595100861967,0.0,0.0,0.0,0.714518,0.0,0.0,0.0,0.0,0.0,1.0821999999999992,0.18942517694632166,-2.414159125124391e-16,-0.18243868189661172,1.7233455810473703,-7.038493721250204e-16,0.4852547803841314,1.015833449045093e-15,-1.2489740020529916,4.510998010635376,1626.7860526752797
0.2577294957915886,-2.695189695128623e-16,0.5280886620355892,1.2131712620321664e-15,-1.3256240834692732,-1.4476397516915525e-15,1.6946284788885277,-7.011762615457074e-16,-0.784043790430536,0.6043441473121938,-3.0498106259727685e-15,-2.148739324742892,0.0,0.0,0.0,0.690912,0.0,0.0,0.0,0.0,0.0,1.2783999999999993,0.22372092187974935,-2.5548080656554724e-16,-0.17267651707643794,1.7062289122953969,-7.026400331857914e-16,0.4909617016332537,1.1007723049603159e-15,-1.2861247154012603,4.64899754524231,1791.8496052086944
0.29155951359687543,-2.835301676101088e-16,0.5104614370363059,1.3732351142854276e-15,-1.3676268928258808,-1.6919701923315213e-15,1.6883733016401514,-6.999435481789476e-16,-0.9786787094978016,0.32240006488293993,-4.2546136171835394e-15,-2.285409420018798,0.0,0.0,0.0,0.6633820000000001,0.0,0.0,0.0,0.0,0.0,1.4745999999999995,0.2577294957915886,-2.695189695128623e-16,-0.16282333796441073,1.6946284788885277,-7.011762615457074e-16,0.49435620956946336,1.2131712620321664e-15,-1.3256240834692732,4.790002107620239,1975.430470981748
0.32531648314682743,-2.9752599567245763e-16,0.4889280252460767,1.6275542180308835e-15,-1.4122676762883262,-2.064323312779939e-15,1.6873236533550537,-6.996392580559306e-16,-1.1746624695251147,0.05358454180537997,-6.0973328047969365e-15,-2.4295259244704965,0.0,0.0,0.0,0.631928,0.0,0.0,0.0,0.0,0.0,1.6707999999999996,0.29155951359687543,-2.835301676101088e-16,-0.15292056296369427,1.6883733016401514,-6.999435481789476e-16,0.4959212905021979,1.3732351142854276e-15,-1.3676268928258808,4.932997226715088,2178.4553329038818
0.35910345504112967,-3.115356324533447e-16,0.46346630130200744,2.1120526317480964e-15,-1.4596692377218174,-2.723626039316578e-15,1.6913735360751705,-7.013244200327785e-16,-1.3715099248818101,-0.20506552907309628,-9.198640362418739e-15,-2.5804756651457756,0.0,0.0,0.0,0.5965500000000001,0.0,0.0,0.0,0.0,0.0,1.8669999999999998,0.32531648314682743,-2.9752599567245763e-16,-0.14299997475392334,1.6873236533550537,-6.996392580559306e-16,0.49613753047488496,1.6275542180308835e-15,-1.4122676762883262,5.068997383117676,2402.124952957721
0.3930217220919875,-3.2561645926598144e-16,0.4340639711320984,3.4530201855513864e-15,-1.509949708550451,-4.3525383035759505e-15,1.7004531690106113,-7.067582612308912e-16,-1.5687230921090916,-0.45679930514606193,-1.5377058758190075e-14,-2.7380326660932877,0.0,0.0,0.0,0.5572480000000002,0.0,0.0,0.0,0.0,0.0,2.0631999999999997,0.35910345504112967,-3.115356324533447e-16,-0.1330836986979927,1.6913735360751705,-7.013244200327785e-16,0.49549007511818965,2.1120526317480964e-15,-1.4596692377218174,5.210997104644775,2647.93974220733
0.4271715688017369,-3.3987736035801707e-16,0.4007189325131641,2.500541786048013e-14,-1.5632285183463774,-2.6516695154747955e-14,1.7145315019643323,-7.193318479726719e-16,-1.7657807697843373,-0.7052217200115978,-3.303900189149273e-14,-2.9023000099885294,0.0,0.0,0.0,0.5140220000000002,0.0,0.0,0.0,0.0,0.0,2.259399999999999,0.3930217220919875,-3.2561645926598144e-16,-0.12318402886790181,1.7004531690106113,-7.067582612308912e-16,0.49447690789090815,3.4530201855513864e-15,-1.509949708550451,5.351996898651123,2917.734345306302
0.46165307029547586,-3.5455232033561633e-16,0.3634398726112952,3.141592653589787,-1.5219610848584724,3.1415926535897922,1.7336186474095596,-7.481641497872548e-16,-1.9621252204025519,-0.9543846017570021,-3.224398376283373e-13,-3.073667644750481,0.0,0.0,0.0,0.4668720000000002,0.0,0.0,0.0,0.0,0.0,2.4555999999999982,0.4271715688017369,-3.3987736035801707e-16,-0.1133030674868361,1.7145315019643323,-7.193318479726719e-16,0.4936192302156617,2.500541786048013e-14,-1.5632285183463774,5.494996786117554,3213.721973787015
0.49656693640623006,-3.713128114200766e-16,0.3222471709644825,2.6297037411635684,-1.445931173894859,2.913275044994833,1.7577679636658576,-9.278849586587719e-16,-2.1571449442787203,-1.2089070760145013,-42.248263990041565,-4.566257914728125,0.0,0.0,0.0,0.4157980000000002,0.0,0.0,0.0,0.0,0.0,2.6517999999999975,0.46165307029547586,-3.5455232033561633e-16,-0.103432127388705,1.7336186474095596,-7.481641497872548e-16,0.49347477959744634,3.141592653589787,-1.5219610848584724,5.635996580123901,40061.097971668736
0.531938025809371,-0.00019839025552509043,0.27717428361580326,2.4111038017203335,-1.356940438475477,2.5399255371910248,1.7793409766482506,-0.019839025552470982,-2.350143790589206,-1.4741346690126025,-35.36436136789658,-6.578814676112931,0.0,0.0,0.0,0.36080000000000023,0.0,0.0,0.0,0.0,0.0,2.8479999999999968,0.49656693640623006,-3.713128114200766e-16,-0.0935508290355177,1.7577679636658576,-9.278849586587719e-16,0.4946550557212772,2.6297037411635684,-1.445931173894859,5.7739973068237305,30875.34754185043
0.5676029686011117,-0.0009331254371657178,0.22826493830991057,2.267672531434178,-1.2591810517947857,2.155613970523121,1.7871533025258186,-0.05363449261159177,-2.540790740000063,-1.7564185151943645,-32.25263921150273,-8.754211501546251,0.0,0.0,0.0,0.3018780000000003,0.0,0.0,0.0,0.0,0.0,3.044199999999996,0.531938025809371,-0.00019839025552509043,-0.08362571638419697,1.7793409766482506,-0.019839025552470982,0.49785620941079056,2.4111038017203335,-1.356940438475477,5.915995836257935,28483.063318127603
0.6032215765792134,-0.002390005168295889,0.17556817773916183,2.1588905473066022,-1.1571238463289157,1.7760066052210408,1.774707495284348,-0.09205348050142538,-2.7288853170748095,-2.05949910728813,-30.021867374246245,-10.93795593617615,0.0,0.0,0.0,0.23903200000000036,0.0,0.0,0.0,0.0,0.0,3.2403999999999953,0.5676029686011117,-0.0009331254371657178,-0.07361306169008974,1.7871533025258186,-0.05363449261159177,0.5034092599999331,2.267672531434178,-1.2591810517947857,6.058001756668091,27736.157453511867
0.6383763909729945,-0.004549331538192995,0.11913489999766785,2.068006405943839,-1.0554267043046355,1.4040817288566756,1.7407739440937515,-0.12387915648828514,-2.9144424570745877,-2.3862261090525942,-28.201759737941682,-13.007401406532173,0.0,0.0,0.0,0.17226200000000047,0.0,0.0,0.0,0.0,0.0,3.4365999999999945,0.6032215765792134,-0.002390005168295889,-0.06346382226083852,1.774707495284348,-0.09205348050142538,0.5115146829251858,2.1588905473066022,-1.1571238463289157,6.193996906280518,27745.86978071347
0.6726795722520693,-0.007171151112727529,0.05901277146955031,1.9860544953303576,-0.9587067189800408,1.03949289161551,1.6895441838137275,-0.1383028009651684,-3.0977703957371667,-2.7378001303138504,-26.662196925339984,-14.880125718483413,0.0,0.0,0.0,0.10156800000000055,0.0,0.0,0.0,0.0,0.0,3.632799999999994,0.6383763909729945,-0.004549331538192995,-0.05312710000233262,1.7407739440937515,-0.12387915648828514,0.5221575429254068,2.068006405943839,-1.0554267043046355,6.334996461868286,28170.463722672506
0.7058751420593561,-0.009825803901508192,-0.0047603163828573575,1.907880851012944,-0.8713025795419758,0.6806171913691946,1.6300127969149463,-0.12716247791289764,-3.2795383895036,-3.113027315864354,-25.379277503884403,-16.52069650165828,0.0,0.0,0.0,0.026950000000000696,0.0,0.0,0.0,0.0,0.0,3.828999999999993,0.6726795722520693,-0.007171151112727529,-0.04255522853045024,1.6895441838137275,-0.1383028009651684,0.5350296042628271,1.9860544953303576,-0.9587067189800408,6.477997303009033,28860.55134607576
0.7379208151683267,-0.011966240868207663,-0.07216370279030505,1.8308355347026548,-0.7970188765075827,0.32520325569161873,1.5745545139821342,-0.08688121875704946,-3.4608002512411695,-3.5076163415430277,-24.362282520025463,-17.940949952195066,0.0,0.0,0.0,-0.051591999999999194,0.0,0.0,0.0,0.0,0.0,4.025199999999993,0.7058751420593561,-0.009825803901508192,-0.03171031638285805,1.6300127969149463,-0.12716247791289764,0.549461610496393,1.907880851012944,-0.8713025795419758,6.6359968185424805,29777.569590260315
0.7690338082454222,-0.013033064859167798,-0.14320105743109268,1.754355875542833,-0.7388729032259006,-0.0294261228277632,1.5367447937274141,-0.019801180338964167,-3.642935212837593,-3.9137998815748305,-23.61809672993381,-19.193257643671704,0.0,0.0,0.0,-0.134057999999999,0.0,0.0,0.0,0.0,0.0,4.221399999999994,0.7379208151683267,-0.011966240868207663,-0.02057170279030586,1.5745545139821342,-0.08688121875704946,0.5643997487588233,1.8308355347026548,-0.7970188765075827,6.791000843048096,30959.79925083119
0.7996875238154608,-0.012576724760929374,-0.21790516410200084,1.679888113066019,-0.6988561960735322,-0.38636473337015637,1.528626763276443,0.06543519016280631,-3.82747545425322,-4.320616635667829,-23.13197350751727,-20.356560792199836,0.0,0.0,0.0,-0.22044799999999887,0.0,0.0,0.0,0.0,0.0,4.417599999999995,0.7690338082454222,-0.013033064859167798,-0.00914305743109367,1.5367447937274141,-0.019801180338964167,0.5784647871624009,1.754355875542833,-0.7388729032259006,6.928996801376343,32491.064596229917
0.8305521177005193,-0.010374809157145778,-0.29633806908634824,1.6108796680665411,-0.6776826501708578,-0.7491914345053838,1.5578326252294108,0.15475637021555344,-4.015815044181517,-4.715146239759272,-22.86051108464591,-21.516425369873946,0.0,0.0,0.0,-0.31076199999999876,0.0,0.0,0.0,0.0,0.0,4.613799999999996,0.7996875238154608,-0.012576724760929374,0.0025428358979980303,1.528626763276443,0.06543519016280631,0.5901245457467748,1.679888113066019,-0.6988561960735322,7.0690016746521,34462.405877917976
0.8623821015477628,-0.0065182199567885915,-0.3785846228527197,1.5526319665516408,-0.6744577915600876,-1.1220251474984742,1.6251657594949451,0.23090254982016511,-4.208840332455635,-5.084798529180063,-22.736263621220306,-22.74278527882054,0.0,0.0,0.0,-0.4049999999999987,0.0,0.0,0.0,0.0,0.0,4.809999999999997,0.8305521177005193,-0.010374809157145778,0.014423930913650518,1.5578326252294108,0.15475637021555344,0.5979849558184789,1.6108796680665411,-0.6776826501708578,7.2129967212677,36931.01618571982
0.8958673245138546,-0.0014409882709407722,-0.46473880868962536,1.511776601843663,-0.6862337165186796,-1.509442827668069,1.723356537114225,0.2768206187646168,-4.406578251234931,-5.420392757733996,-22.682741962953795,-24.07144309680555,0.0,0.0,0.0,-0.5031619999999987,0.0,0.0,0.0,0.0,0.0,5.006199999999998,0.8623821015477628,-0.0065182199567885915,0.026415377147278984,1.6251657594949451,0.23090254982016511,0.601159667544362,1.5526319665516408,-0.6744577915600876,7.35300087928772,39887.607313682754
0.9314767929760086,0.004122766550250881,-0.5548845717687549,1.4950710320078104,-0.7075650768584275,-1.9160048624762471,1.8375903091011851,0.27955486335454865,-4.607998056678026,-5.719282543446825,-22.63536377582271,-25.496194170487815,0.0,0.0,0.0,-0.6052479999999987,0.0,0.0,0.0,0.0,0.0,5.202399999999999,0.8958673245138546,-0.0014409882709407722,0.038423191310373306,1.723356537114225,0.2768206187646168,0.5996217487650668,1.511776601843663,-0.6862337165186796,7.492001056671143,43244.05244999508
0.9693322811482725,0.009254395061169035,-0.6490753788411301,1.5071940791176066,-0.7304381616208838,-2.3449368684087744,1.9479585081252093,0.23360798773726682,-4.811082650559493,-5.987414376780118,-22.559078967035024,-26.97573901499407,0.0,0.0,0.0,-0.7112579999999986,0.0,0.0,0.0,0.0,0.0,5.3986,0.9314767929760086,0.004122766550250881,0.050363428231243734,1.8375903091011851,0.27955486335454865,0.5944019433219729,1.4950710320078104,-0.7075650768584275,7.636000394821167,46846.37149364583
1.0091448994184642,0.013018101100818191,-0.7473181107933093,1.5476145812823339,-0.7451704329723912,-2.7956922254336884,2.033303318893959,0.1427626162276487,-5.013190544658423,-6.239295124963714,-22.449704951796015,-28.45248724851628,0.0,0.0,0.0,-0.8211919999999986,0.0,0.0,0.0,0.0,0.0,5.594800000000001,0.9693322811482725,0.009254395061169035,0.06218262115886852,1.9479585081252093,0.23360798773726682,0.5875173494405068,1.5071940791176066,-0.7304381616208838,7.77499794960022,50503.89210420117
1.0502320932120774,0.014644592850879172,-0.8495660538901816,1.608015850008577,-0.7427203921340431,3.021709968602697,2.0754160604673744,0.019886558778449307,-5.2116037650288,-6.495557489834131,-22.31096547021312,-29.871495332938597,0.0,0.0,0.0,-0.9350499999999986,0.0,0.0,0.0,0.0,0.0,5.791000000000002,1.0091448994184642,0.013018101100818191,0.07387388920668925,2.033303318893959,0.1427626162276487,0.581609455341578,1.5476145812823339,-0.7451704329723912,7.926998615264893,54011.99961494609
1.091612256687589,0.013693141602352592,-0.9557229666646389,1.673353396126559,-0.7178453602449639,2.5534848408204605,2.0626002870837934,-0.11503168363110747,-5.4040875124169165,-6.778824882636105,-22.1223457915387,-31.18523590828519,0.0,0.0,0.0,-1.0528319999999987,0.0,0.0,0.0,0.0,0.0,5.987200000000003,1.0502320932120774,0.014644592850879172,0.08548394610981702,2.0754160604673744,0.019886558778449307,0.5793962349712025,1.608015850008577,-0.7427203921340431,8.069998502731323,57154.809415830285
1.1321592486863643,0.010162645616907183,-1.0656570743654656,1.7276099768575048,-0.6712103731693203,2.0962748472636163,1.99209891279374,-0.23801791491343346,-5.589323257665745,-7.10919681540477,-21.840378785754837,-32.343347971410054,0.0,0.0,0.0,-1.1745379999999987,0.0,0.0,0.0,0.0,0.0,6.183400000000004,1.091612256687589,0.013693141602352592,0.0971090333353598,2.0626002870837934,-0.11503168363110747,0.5831124875830866,1.673353396126559,-0.7178453602449639,8.211002588272095,59714.67049122247
1.1707925299536062,0.004532987776555997,-1.1792220879224595,1.7598461754549999,-0.6089090700693447,1.658773039412637,1.8712292139304485,-0.324947869121685,-5.767178098033641,-7.500474305648751,-21.452069131076666,-33.28824960379109,0.0,0.0,0.0,-1.3001679999999989,0.0,0.0,0.0,0.0,0.0,6.379600000000005,1.1321592486863643,0.010162645616907183,0.10888092563453311,1.99209891279374,-0.23801791491343346,0.5940767423342592,1.7276099768575048,-0.6712103731693203,8.365002155303955,61532.19453869022
1.2066750468724396,-0.0022737186114540663,-1.2962823198400817,1.765833936216349,-0.54007219598351,1.2432151884033962,1.7170224779528955,-0.3557227696793213,-5.938845093728572,-7.9574933593147925,-21.024806324852236,-33.9754461922613,0.0,0.0,0.0,-1.429721999999999,0.0,0.0,0.0,0.0,0.0,6.575800000000006,1.1707925299536062,0.004532987776555997,0.12094591207753935,1.8712292139304485,-0.324947869121685,0.6124219019663641,1.7598461754549999,-0.6089090700693447,8.506003141403198,62598.28575317633
1.2393868315408711,-0.009013099602577257,-1.4167395003203898,1.746128195719954,-0.47437096657820627,0.8473016169726476,1.5541559888902508,-0.31821532943299774,-6.106872954302238,-8.474368822113076,-20.69220284494282,-34.407104669513885,0.0,0.0,0.0,-1.563199999999999,0.0,0.0,0.0,0.0,0.0,6.772000000000007,1.2066750468724396,-0.0022737186114540663,0.13343968015991736,1.7170224779528955,-0.3557227696793213,0.6369549062714341,1.765833936216349,-0.54007219598351,8.646998882293701,63108.75079305855
1.2690412862954057,-0.014307579072608588,-1.5405586047415305,1.7038552621147083,-0.42038615460414586,0.4667667321276656,1.4112894865632053,-0.21123261757013534,-6.275037487811835,-9.033565949561453,-20.5921411835501,-34.652075897194194,0.0,0.0,0.0,-1.700601999999999,0.0,0.0,0.0,0.0,0.0,6.968200000000008,1.2393868315408711,-0.009013099602577257,0.14646049967960928,1.5541559888902508,-0.31821532943299774,0.6651270456977691,1.746128195719954,-0.47437096657820627,8.789997577667236,63450.34007676581
1.2963172590971097,-0.0168784784631248,-1.6677886613731474,1.6436909073687496,-0.38481698523629504,0.09696029910067332,1.316307793607216,-0.04585732148148591,-6.4479681753498586,-9.60624425252235,-20.807757194161347,-34.839512065715674,0.0,0.0,0.0,-1.8419279999999993,0.0,0.0,0.0,0.0,0.0,7.164400000000009,1.2690412862954057,-0.014307579072608588,0.16004339525846856,1.4112894865632053,-0.21123261757013534,0.6931625121881737,1.7038552621147083,-0.42038615460414586,8.929997682571411,64131.55216184104
1.3223920615747147,-0.01578497535941567,-1.7985729292983619,1.5718025562568232,-0.3721873374004828,-0.2666458402947862,1.2911724541532643,0.1552076318523987,-6.630458617171582,-10.154660596748926,-21.337145822099167,-35.13005812918282,0.0,0.0,0.0,-1.9871779999999994,0.0,0.0,0.0,0.0,0.0,7.3606000000000105,1.2963172590971097,-0.0168784784631248,0.17413933862685194,1.316307793607216,-0.04585732148148591,0.7164318246501509,1.6436909073687496,-0.38481698523629504,9.067997455596924,65676.78993917331
1.348775341386484,-0.010628335411078212,-1.9331421074877821,1.4961556856278726,-0.3847146372790408,-0.6286398993921246,1.3471555270236748,0.36045636298134703,-6.826459201770428,-10.637338229622959,-22.09273655611098,-35.67482349038147,0.0,0.0,0.0,-2.1363519999999996,0.0,0.0,0.0,0.0,0.0,7.5568000000000115,1.3223920615747147,-0.01578497535941567,0.18860507070163757,1.2911724541532643,0.1552076318523987,0.7301413828284282,1.5718025562568232,-0.3721873374004828,9.209001302719116,68502.72316594135
1.3770604411738125,-0.0016782320006065925,-2.0717855943328347,1.4267454202906953,-0.4220463750855241,-0.9942142274052469,1.4813544517091768,0.534553978065815,-7.037889482734828,-11.017178906496333,-22.92460319851353,-36.57316000356025,0.0,0.0,0.0,-2.28945,0.0,0.0,0.0,0.0,0.0,7.7530000000000125,1.348775341386484,-0.010628335411078212,0.20320989251221744,1.3471555270236748,0.36045636298134703,0.7303407982295838,1.4961556856278726,-0.3847146372790408,9.35199785232544,72803.70488214814
1.408630083509826,0.010117953612494948,-2.214800601594878,1.3754576932515015,-0.4806619636884026,-1.3698465217680909,1.6756097818921627,0.6450645832443392,-7.263611243469503,-11.271563946309733,-23.662732146233477,-37.84117908322116,0.0,0.0,0.0,-2.446472,0.0,0.0,0.0,0.0,0.0,7.949200000000014,1.3770604411738125,-0.0016782320006065925,0.21766440566716527,1.4813544517091768,0.534553978065815,0.7151105172651846,1.4267454202906953,-0.4220463750855241,9.507997512817383,78480.70330421561
1.4443750981861385,0.023265216210682754,-2.3624272870609846,1.3552195408281862,-0.5529816940280361,-1.7637452337472934,1.8988916857390925,0.6696616765744415,-7.49905730314118,-11.401762888425655,-24.171754926124464,-39.40402981778269,0.0,0.0,0.0,-2.6074180000000005,0.0,0.0,0.0,0.0,0.0,8.145400000000013,1.408630083509826,0.010117953612494948,0.2316713984051222,1.6756097818921627,0.6450645832443392,0.6855887565305103,1.3754576932515015,-0.4806619636884026,9.64499831199646,85149.64940967345
1.484496742537036,0.03597772806078134,-2.514786828357496,1.37769126747384,-0.6266426259950766,-2.1850190933744575,2.113272749350654,0.6015895084354167,-7.736896826509996,-11.437538023625745,-24.40333268859164,-41.12169884076326,0.0,0.0,0.0,-2.7722880000000005,0.0,0.0,0.0,0.0,0.0,8.34160000000001,1.4443750981861385,0.023265216210682754,0.24499071293901586,1.8988916857390925,0.6696616765744415,0.6463426968588326,1.3552195408281862,-0.5529816940280361,9.785000085830688,92249.79256260149
1.5284478911856043,0.04650582586347156,-2.671842221128317,1.4480859666800943,-0.6850257132445897,-2.639588797457611,2.2818421155061612,0.45122027183360525,-7.968642450572171,-11.433506670336353,-24.41701691635012,-42.844729137653346,0.0,0.0,0.0,-2.9410820000000006,0.0,0.0,0.0,0.0,0.0,8.537800000000008,1.484496742537036,0.03597772806078134,0.25750117164250463,2.113272749350654,0.6015895084354167,0.6047031734900141,1.37769126747384,-0.6266426259950766,9.926000356674194,99223.60639824014
1.5750235068708491,0.053451170842673534,-2.833394278895472,1.5571858087545716,-0.7107752318473943,-3.122274789963761,2.375719453018317,0.24331422608659248,-8.18656332614333,-11.457494795122994,-24.331093655548614,-44.47263126687189,0.0,0.0,0.0,-3.113800000000001,0.0,0.0,0.0,0.0,0.0,8.734000000000005,1.5284478911856043,0.04650582586347156,0.2692397788716838,2.2818421155061612,0.45122027183360525,0.5691575494278371,1.4480859666800943,-0.6850257132445897,10.071004390716553,105661.84042756776
1.6225620587956355,0.056002590872483285,-2.999111424656189,1.6782913877102814,-0.692828858767078,2.6707297590641437,2.3781357394603253,0.01182777689438231,-8.385151249928379,-11.575568752742853,-24.19918045818237,-45.967814762629374,0.0,0.0,0.0,-3.290442000000001,0.0,0.0,0.0,0.0,0.0,8.930200000000003,1.5750235068708491,0.053451170842673534,0.280405721104529,2.375719453018317,0.24331422608659248,0.5474366738566747,1.5571858087545716,-0.7107752318473943,10.224999904632568,111276.16997538859
1.6692013529518268,0.05406745710515645,-3.1685809711574096,1.7795947040963491,-0.6323502097826834,2.1987560685450154,2.285793676158801,-0.2053411536270654,-8.561803400193684,-11.839712778173954,-23.93067298178631,-47.30003967158606,0.0,0.0,0.0,-3.471008000000001,0.0,0.0,0.0,0.0,0.0,9.1264,1.6225620587956355,0.056002590872483285,0.291330575343812,2.3781357394603253,0.01182777689438231,0.5450487500716239,1.6782913877102814,-0.692828858767078,10.361999750137329,115727.79674983295
1.7131495415352627,0.048305441846940786,-3.3413683483076473,1.8415810674843105,-0.5414135520841207,1.7594374317335153,2.109025182184781,-0.3708603721945019,-8.71693431483015,-12.281121889877886,-23.415727394249906,-48.3838832487131,0.0,0.0,0.0,-3.655498000000001,0.0,0.0,0.0,0.0,0.0,9.322599999999998,1.6692013529518268,0.05406745710515645,0.30242702884259165,2.285793676158801,-0.2053411536270654,0.5645965998063165,1.7795947040963491,-0.6323502097826834,10.50599980354309,118613.66851843064
1.7529534182381223,0.04007221738090144,-3.5170772594500774,1.8600445530598024,-0.4366419350769501,1.3526263751845955,1.8713624881011865,-0.45246207440943215,-8.85395679941288,-12.907785663545047,-22.72198436456465,-49.10386044499727,0.0,0.0,0.0,-3.8439120000000013,0.0,0.0,0.0,0.0,0.0,9.518799999999995,1.7131495415352627,0.048305441846940786,0.31412965169235374,2.109025182184781,-0.3708603721945019,0.6056656851698481,1.8415810674843105,-0.5414135520841207,10.661999464035034,119729.27328245394
1.787744615179211,0.031268773925065746,-3.6954100272087658,1.838689383026668,-0.33414795738927217,0.9707763411984243,1.6077572060076868,-0.42788227117413796,-8.979319976455928,-13.703080580777662,-22.095868081733617,-49.402398546989396,0.0,0.0,0.0,-4.036250000000001,0.0,0.0,0.0,0.0,0.0,9.714999999999993,1.7529534182381223,0.04007221738090144,0.3268347405499239,1.8713624881011865,-0.45246207440943215,0.6648432005871161,1.8600445530598024,-0.4366419350769501,10.799999475479126,119301.1879244381
1.8174285969998347,0.024094169160358846,-3.8762270567951833,1.7833869016960062,-0.24743883289208313,0.6055419019626102,1.3606409760546825,-0.28957820529655215,-9.102382982185832,-14.62390728185547,-21.817989410581102,-49.33838026751232,0.0,0.0,0.0,-4.232512000000002,0.0,0.0,0.0,0.0,0.0,9.91119999999999,1.787744615179211,0.031268773925065746,0.340839972791235,1.6077572060076868,-0.42788227117413796,0.7356800235440648,1.838689383026668,-0.33414795738927217,10.956999778747559,118015.38978207692
