-0.3,0.0,0.00019746502017182305,2.8799692026377774e-17,0.059981188437168126,8.639789238914515e-19,0.0,0.0,0.019746502017182307,10.797325100859116,1.438688650688158e-15,2.999958899213676,0.0,0.0,0.0,-0.44196199999999997,0.0,0.0,0.0,0.0,0.0,-2.8038000000000007,-0.3,0.0,0.5,0.0,0.0,-3.0,0.0,-0.0,0.017992019653320312,57.8619,6.325799136530683,50.83297572999999
-0.299876899337926,-5.903531727202856e-20,0.0006802543860234584,4.885271540665283e-17,0.11913334706142369,3.1695375620081443e-18,0.012310066207404378,-5.903531727202856e-18,0.028532434567981223,10.267761473874351,9.927829151741874e-16,2.9598015926958805,0.0,0.0,0.0,-0.38784799999999997,0.0,0.0,0.0,0.0,0.0,-2.6076000000000015,-0.3,0.0,0.4421594650201718,0.0,0.0,-2.7840534979828186,2.8799692026377774e-17,0.059981188437168126,0.2229921817779541,51.3604,5.749567840700692,44.890089928669866
-0.2993989218790008,-2.7164038712345465e-19,0.0012252088023692934,6.291524185831007e-17,0.1634819840481537,5.6726622050403035e-18,0.03548767968512439,-1.535697525793975e-17,0.025963007066602272,9.750641052344498,6.861037073422146e-16,2.219763906663709,0.0,0.0,0.0,-0.33765799999999996,0.0,0.0,0.0,0.0,0.0,-2.411400000000002,-0.299876899337926,-5.903531727202856e-20,0.38852825438602345,0.012310066207404378,-5.903531727202856e-18,-2.57906756543202,4.885271540665283e-17,0.11913334706142369,0.3759920597076416,45.4286,5.034651707441579,39.605667012429095
-0.2983880505290407,-6.934732541049565e-19,0.0016079322955371157,7.28502896068675e-17,0.1950136048036946,7.847878293856303e-18,0.06559945531088185,-2.6826311440210432e-17,0.012309342250179942,9.250659911634822,4.779002692143203e-16,1.578499247578352,0.0,0.0,0.0,-0.2913919999999999,0.0,0.0,0.0,0.0,0.0,-2.215200000000003,-0.2993989218790008,-2.7164038712345465e-19,0.3388832088023693,0.03548767968512439,-1.535697525793975e-17,-2.3854369929334,6.291524185831007e-17,0.1634819840481537,0.5319969654083252,40.2354,4.432932318393667,35.09957413859434
-0.2967362151692574,-1.355095405413721e-18,0.001612651096020064,7.993099794527241e-17,0.21569924296475773,9.46195369831065e-18,0.09958408066745572,-3.9335903690666e-17,-0.011837462201885128,8.768873482221451,3.3800246747635593e-16,1.0356201368615892,0.0,0.0,0.0,-0.24904999999999983,0.0,0.0,0.0,0.0,0.0,-2.0190000000000037,-0.2983880505290407,-6.934732541049565e-19,0.292999932295537,0.06559945531088185,-2.6826311440210432e-17,-2.202890657749823,7.28502896068675e-17,0.1950136048036946,0.6889960765838623,35.6878,3.9236322869220928,31.266553491154983
-0.29438905097653,-2.2712070483980806e-18,0.0010363105265994918,8.505979605805461e-17,0.2273883380078584,1.0450403054065911e-17,0.13513233860528884,-5.227526060776996e-17,-0.04579659474017208,8.30448338506735,2.4590196067876807e-16,0.5852280594371095,0.0,0.0,0.0,-0.21063199999999976,0.0,0.0,0.0,0.0,0.0,-1.8228000000000035,-0.2967362151692574,-1.355095405413721e-18,0.2506626510960199,0.09958408066745572,-3.9335903690666e-17,-2.0308374622018888,7.993099794527241e-17,0.21569924296475773,0.8469922542572021,31.6877,3.48700494920295,28.00406623780661
-0.2913322000546825,-3.446657566710431e-18,-0.0003108557936099761,8.889083678117129e-17,0.23176447635116615,1.0841274099031854e-17,0.17055275357946198,-6.526979122346511e-17,-0.0889200372807747,7.856054709675021,1.8735322535136322e-16,0.2190980232903814,0.0,0.0,0.0,-0.17613799999999968,0.0,0.0,0.0,0.0,0.0,-1.6266000000000034,-0.29438905097653,-2.2712070483980806e-18,0.21166831052659926,0.13513233860528884,-5.227526060776996e-17,-1.8685965947401757,8.505979605805461e-17,0.2273883380078584,0.9999911785125732,28.1466,3.1067454163912895,25.218404771101714
-0.2875801771027092,-4.88030965699074e-18,-0.0026065100998896307,9.190266290880217e-17,0.23032228441904537,1.0707345906792882e-17,0.2046495416178652,-7.809541780456581e-17,-0.14064539334719073,7.422181905321316,1.5232725179793152e-16,-0.07220560312470298,0.0,0.0,0.0,-0.1455679999999996,0.0,0.0,0.0,0.0,0.0,-1.4304000000000032,-0.2913322000546825,-3.446657566710431e-18,0.1758271442063897,0.17055275357946198,-6.526979122346511e-17,-1.7155200372807782,8.889083678117129e-17,0.23176447635116615,1.1569912433624268,24.9917,2.7704079024800494,22.827497323352027
-0.28316749661178686,-6.5674916537600724e-18,-0.006018038986039303,9.444413508378089e-17,0.224360305956449,1.0137177985059283e-17,0.23661850747437219,-9.062278187236746e-17,-0.20050749526777645,7.001792133205478,1.3367684041508893e-16,-0.29849672126246446,0.0,0.0,0.0,-0.11892199999999953,0.0,0.0,0.0,0.0,0.0,-1.234200000000003,-0.2875801771027092,-4.88030965699074e-18,0.14296148990010996,0.2046495416178652,-7.809541780456581e-17,-1.571045393347194,9.190266290880217e-17,0.23032228441904537,1.31199049949646,22.1655,2.4690409372781215,20.76158392017862
-0.2781417059955836,-8.501530099704712e-18,-0.010704397679791087,9.676757898921445e-17,0.2149850452442294,9.218781284133955e-18,0.265960554145959,-1.0278106272209652e-16,-0.268128374107402,6.594229693688993,1.2634727087446725e-16,-0.4693927098022043,0.0,0.0,0.0,-0.09619999999999951,0.0,0.0,0.0,0.0,0.0,-1.038000000000003,-0.28316749661178686,-6.5674916537600724e-18,0.11290396101396022,0.23661850747437219,-9.062278187236746e-17,-1.4347074952677796,9.444413508378089e-17,0.224360305956449,1.4679913520812988,19.6247,2.1964979514447336,18.962581804233483
-0.27255799541813813,-1.0674689729799755e-17,-0.016817662517891,9.905345665341698e-17,0.20312226911323802,8.031446594634367e-18,0.2924105035985808,-1.145349002874078e-16,-0.34319810970258924,6.1992218827902255,1.267852726902633e-16,-0.5939446911437547,0.0,0.0,0.0,-0.07740199999999942,0.0,0.0,0.0,0.0,0.0,-0.8418000000000028,-0.2781417059955836,-8.501530099704712e-18,0.08549560232020842,0.265960554145959,-1.0278106272209652e-16,-1.3061283741074048,9.676757898921445e-17,0.2149850452442294,1.6229972839355469,17.336,1.948694098521747,17.382792368200462
-0.2664751029508406,-1.3078737557152947e-17,-0.024504183312602065,1.0142894071603055e-16,0.18953263650872046,6.642534442147578e-18,0.31587874313116815,-1.2586988244791147e-16,-0.42545396976851657,5.816791489316604,1.325017361568147e-16,-0.6804192880968527,0.0,0.0,0.0,-0.06252799999999936,0.0,0.0,0.0,0.0,0.0,-0.6456000000000026,-0.27255799541813813,-1.0674689729799755e-17,0.06058433748210841,0.2924105035985808,-1.145349002874078e-16,-1.1849981097025921,9.905345665341698e-17,0.20312226911323802,1.778991460800171,15.2741,1.7229463888982042,15.98338511602011
-0.2599522793595898,-1.5705271674112248e-17,-0.0339053407374921,1.0398138878724189e-16,0.17482954973957318,5.107054237994192e-18,0.3364036159939129,-1.3678352924801835e-16,-0.5146617727204864,5.447155366610248,1.417287103860029e-16,-0.73618774978013,0.0,0.0,0.0,-0.05157799999999935,0.0,0.0,0.0,0.0,0.0,-0.4494000000000026,-0.2664751029508406,-1.3078737557152947e-17,0.038023816687397294,0.31587874313116815,-1.2586988244791147e-16,-1.0710539697685193,1.0142894071603055e-16,0.18953263650872046,1.936990737915039,13.4186,1.5174502665356038,14.732912213879452
-0.25304711388446005,-1.8545904005358766e-17,-0.04515797015571585,1.0676939216110424e-16,0.15949775170153022,3.468637410828681e-18,0.35411293151905887,-1.4727970387663345e-16,-0.6106011691018883,5.090630730649897,1.53247564656288e-16,-0.7676894553113511,0.0,0.0,0.0,-0.04455199999999926,0.0,0.0,0.0,0.0,0.0,-0.25320000000000265,-0.2599522793595898,-1.5705271674112248e-17,0.017672659262507245,0.3364036159939129,-1.3678352924801835e-16,-0.964061772720489,1.0398138878724189e-16,0.17482954973957318,2.092991352081299,11.7526,1.3308985936635,13.60597905463635
-0.24581405154973174,-2.159235380113449e-17,-0.05839453368791116,1.0983069632042558e-16,0.14391165392548402,1.7610677992715932e-18,0.3691933019537762,-1.5736527570093873e-16,-0.7130551841176426,4.747559181599189,1.6620797595189998e-16,-0.7804461229604454,0.0,0.0,0.0,-0.04144999999999921,0.0,0.0,0.0,0.0,0.0,-0.05700000000000261,-0.25304711388446005,-1.8545904005358766e-17,-0.0006059701557165897,0.35411293151905887,-1.4727970387663345e-16,-0.863801169101891,1.0676939216110424e-16,0.15949775170153022,2.2499961853027344,10.261,1.1622258225308062,12.582115770157301
-0.2383034564392905,-2.4836488058995787e-17,-0.07374312178555899,1.1318895016718385e-16,0.12835271437739032,9.909536097117646e-21,0.3818662090903481,-1.6704815008519115e-16,-0.8218036256471398,4.418251253101141,1.800608408666891e-16,-0.7791098262630861,0.0,0.0,0.0,-0.0422719999999992,0.0,0.0,0.0,0.0,0.0,0.1391999999999974,-0.24581405154973174,-2.159235380113449e-17,-0.016944533687911947,0.3691933019537762,-1.5736527570093873e-16,-0.7700551841176452,1.0983069632042558e-16,0.14391165392548402,2.4039907455444336,8.93001,1.0104513673959288,11.644849249138709
-0.230561096254105,-2.8270331745712474e-17,-0.09132735434970138,1.1685687038781986e-16,0.11302542964955077,-1.765980084099647e-18,0.39236980942819877,-1.7633621858647716e-16,-0.9366196307670996,4.102950232056114,1.9437892664790838e-16,-0.7675325395988686,0.0,0.0,0.0,-0.047017999999999116,0.0,0.0,0.0,0.0,0.0,0.3353999999999974,-0.2383034564392905,-2.4836488058995787e-17,-0.03147112178555979,0.3818662090903481,-1.6704815008519115e-16,-0.6826036256471424,1.1318895016718385e-16,0.12835271437739032,2.5629913806915283,7.74673,0.8745954548013056,10.780953207017253
-0.22262794263863603,-3.188606113449749e-17,-0.11126623610974602,1.2083806319525214e-16,0.09807169049559837,-3.553123136777711e-18,0.400945552118697,-1.8523672029202374e-16,-1.0572685452373656,3.801812030931701,2.0879377718031259e-16,-0.7488480723319325,0.0,0.0,0.0,-0.05568799999999907,0.0,0.0,0.0,0.0,0.0,0.5315999999999974,-0.230561096254105,-2.8270331745712474e-17,-0.04430935434970226,0.39236980942819877,-1.7633621858647716e-16,-0.6012196307671023,1.1685687038781986e-16,0.11302542964955077,2.7189908027648926,6.6987,0.7536439856861475,9.979846151743896
-0.21454019967564616,-3.567598678349206e-17,-0.13367400550657996,1.2513181186848588e-16,0.08358338939974187,-5.342325424478889e-18,0.4078287441802898,-1.9375584460743333e-16,-1.1835083944460263,3.5148972359457873,2.2314999894677035e-16,-0.7255594815444683,0.0,0.0,0.0,-0.06828199999999907,0.0,0.0,0.0,0.0,0.0,0.7277999999999976,-0.22262794263863603,-3.188606113449749e-17,-0.05557823610974695,0.400945552118697,-1.8523672029202374e-16,-0.5256685452373682,1.2083806319525214e-16,0.09807169049559837,2.873995780944824,5.774,0.6465437317902457,9.233107329545113
-0.20632948954131528,-3.9632532640611445e-17,-0.15866000283334405,1.297322154271613e-16,0.06961327396402207,-7.127786249309233e-18,0.4132422692527965,-2.01898741104505e-16,-1.3150913382303844,3.2421714203933214,2.3722807766162815e-16,-0.6996267647619852,0.0,0.0,0.0,-0.08479999999999899,0.0,0.0,0.0,0.0,0.0,0.9239999999999977,-0.21454019967564616,-3.567598678349206e-17,-0.06539200550658089,0.4078287441802898,-1.9375584460743333e-16,-0.45570839444602873,1.2513181186848588e-16,0.08358338939974187,3.0309908390045166,4.96126,0.5522140775592927,8.5340847424741
-0.19802313932423196,-4.3748214760219605e-17,-0.18632857292131752,1.346295620944317e-16,0.05618411647526939,-8.906367976639691e-18,0.41739275245553464,-2.0966947085631032e-16,-1.4517656705669615,2.9835095196732992,2.508612802901377e-16,-0.6725510362106389,0.0,0.0,0.0,-0.10524199999999895,0.0,0.0,0.0,0.0,0.0,1.1201999999999979,-0.20632948954131528,-3.9632532640611445e-17,-0.07386000283334507,0.4132422692527965,-2.01898741104505e-16,-0.39109133823038666,1.297322154271613e-16,0.06961327396402207,3.18699049949646,4.24967,0.46956567138506494,7.877574577934745
-0.18964452620616098,-4.8015620042241543e-17,-0.21677901116808165,1.3981231645155537e-16,0.0432963225706959,-1.0677020847658478e-17,0.4204685593515639,-2.1707105734588392e-16,-1.5932781541094534,2.7386972470281536,2.6397066394813835e-16,-0.6454525727917633,0.0,0.0,0.0,-0.12960799999999895,0.0,0.0,0.0,0.0,0.0,1.316399999999998,-0.19802313932423196,-4.3748214760219605e-17,-0.08108657292131857,0.41739275245553464,-2.0966947085631032e-16,-0.3315656705669636,1.346295620944317e-16,0.05618411647526939,3.360990524291992,3.62907,0.3975190685034597,7.259556577417072
-0.1812134494628153,-5.242738634124501e-17,-0.2501055619134624,1.4526564323317703e-16,0.03093413452921032,-1.2440317666034692e-17,0.4226391149830032,-2.241055725544624e-16,-1.7393769204286218,2.5074114780438554,2.7639496246126036e-16,-0.619141101815706,0.0,0.0,0.0,-0.15789799999999887,0.0,0.0,0.0,0.0,0.0,1.5125999999999982,-0.18964452620616098,-4.8015620042241543e-17,-0.08717101116808271,0.4204685593515639,-2.1707105734588392e-16,-0.2768781541094554,1.3981231645155537e-16,0.0432963225706959,3.512990713119507,3.09002,0.33501686983259404,6.676974738627478
-0.17274650397962021,-5.697619442344587e-17,-0.28639739669523984,1.509785762431135e-16,0.019070601378735213,-1.4198108305202008e-17,0.4240554333365115,-2.307752356656237e-16,-1.889806557749123,2.2896135358894654,2.8832618906725953e-16,-0.5941774938455774,0.0,0.0,0.0,-0.19011199999999884,0.0,0.0,0.0,0.0,0.0,1.7087999999999983,-0.1812134494628153,-5.242738634124501e-17,-0.09220756191346352,0.4226391149830032,-2.241055725544624e-16,-0.22677692042862363,1.4526564323317703e-16,0.03093413452921032,3.671990156173706,2.62377,0.28113059720890365,6.127558156070729
-0.1642574459292253,-6.165474968153626e-17,-0.3257387386894931,1.569273635973929e-16,0.0076714546921733285,-1.5953188178738898e-17,0.42485037170297757,-2.3708029014341594e-16,-2.0443276416762006,2.0843248139506594,2.9911830083772115e-16,-0.5709285241886489,0.0,0.0,0.0,-0.22624999999999884,0.0,0.0,0.0,0.0,0.0,1.9049999999999985,-0.17274650397962021,-5.697619442344587e-17,-0.096285396695241,0.4240554333365115,-2.307752356656237e-16,-0.18100655774912466,1.509785762431135e-16,0.019070601378735213,3.8289895057678223,2.22228,0.23477877701204045,5.609613868043381
-0.15575753725091038,-6.645575023578844e-17,-0.36820911196547124,1.6308557835346867e-16,-0.003301831160945109,-1.7708980304465573e-17,0.4251404961285138,-2.430197652818022e-16,-2.202709685921613,1.8909534299118922,3.086292125866687e-16,-0.5496076904740798,0.0,0.0,0.0,-0.26631199999999877,0.0,0.0,0.0,0.0,0.0,2.101199999999998,-0.1642574459292253,-6.165474968153626e-17,-0.09948873868949426,0.42485037170297757,-2.3708029014341594e-16,-0.13932764167620215,1.569273635973929e-16,0.0076714546921733285,3.984989643096924,1.87839,0.1950729113709777,5.122027562710632
-0.14725585602660576,-7.137187484362772e-17,-0.4138834668348167,1.6942921685105506e-16,-0.013889802495471093,-1.9469365677200324e-17,0.42502762630194757,-2.485926955021252e-16,-2.3647258010129355,1.7092035623700916,3.169709921876885e-16,-0.5303164531524721,0.0,0.0,0.0,-0.31029799999999874,0.0,0.0,0.0,0.0,0.0,2.2973999999999974,-0.15575753725091038,-6.645575023578844e-17,-0.10189711196547246,0.4251404961285138,-2.430197652818022e-16,-0.10150968592161469,1.6308557835346867e-16,-0.003301831160945109,4.141989707946777,1.58572,0.16125913286369498,4.66408520557164
-0.13875957828290206,-7.639579143072086e-17,-0.46283223856377376,1.7593915392980951e-16,-0.02413339791961506,-2.1238584599044435e-17,0.4246001480684226,-2.5379896320718825e-16,-2.5301513718827753,1.5388698986004028,3.243781042285941e-16,-0.5130746862351963,0.0,0.0,0.0,-0.35820799999999875,0.0,0.0,0.0,0.0,0.0,2.4935999999999967,-0.14725585602660576,-7.137187484362772e-17,-0.10358546683481795,0.42502762630194757,-2.485926955021252e-16,-0.06732580101293806,1.6942921685105506e-16,-0.013889802495471093,4.2949888706207275,1.3385,0.13265725197013187,4.235339726478641
-0.1302742366713244,-8.152019701622636e-17,-0.5151212975478231,1.8260678645864253e-16,-0.034072770561604036,-2.30211929918052e-17,0.42393401308934375,-2.5864159534336266e-16,-2.6987545265221655,1.380244190050959,3.313674143244477e-16,-0.4978432443649711,0.0,0.0,0.0,-0.4100419999999987,0.0,0.0,0.0,0.0,0.0,2.689799999999996,-0.13875957828290206,-7.639579143072086e-17,-0.10462423856377501,0.4246001480684226,-2.5379896320718825e-16,-0.03655137188277857,1.7593915392980951e-16,-0.02413339791961506,4.450992584228516,1.13117,0.10870811681287183,3.8355278813681126
-0.12180395639066133,-8.673786242095068e-17,-0.5708119528729477,1.894215124883584e-16,-0.043746429340754706,-2.4821986375505948e-17,0.4230940149769652,-2.631249451290708e-16,-2.8703110059902865,1.2328916224002897,3.378286232759118e-16,-0.48453994289638436,0.0,0.0,0.0,-0.46579999999999855,0.0,0.0,0.0,0.0,0.0,2.8859999999999952,-0.1302742366713244,-8.152019701622636e-17,-0.10507929754782441,0.42393401308934375,-2.5864159534336266e-16,-0.008954526522169548,1.8260678645864253e-16,-0.034072770561604036,4.606995105743408,0.958983,0.08878490654337479,3.46446016607904
-0.11335165515759196,-9.204161402705743e-17,-0.6299613447320696,1.9635962961947772e-16,-0.05319066403179147,-2.664582528990782e-17,0.4221361083299716,-2.6725021548160423e-16,-3.0446281799218973,1.0951890954120278,3.4309576414600977e-16,-0.473053774077965,0.0,0.0,0.0,-0.5254819999999985,0.0,0.0,0.0,0.0,0.0,3.0821999999999945,-0.12180395639066133,-8.673786242095068e-17,-0.10501195287294918,0.4230940149769652,-2.631249451290708e-16,0.01568899400970869,1.894215124883584e-16,-0.043746429340754706,4.762988805770874,0.817691,0.0721961121647463,3.1220596360865325
-0.10491919756876597,-9.742425560582739e-17,-0.6926231133016678,2.0338616065687088e-16,-0.062439319072710546,-2.8497467924363743e-17,0.4211096505526276,-2.7101394239539065e-16,-3.2215486770379353,0.9653404153734589,3.4659506874079804e-16,-0.4632623777202273,0.0,0.0,0.0,-0.5890879999999984,0.0,0.0,0.0,0.0,0.0,3.2783999999999938,-0.11335165515759196,-9.204161402705743e-17,-0.1044793447320711,0.4221361083299716,-2.6725021548160423e-16,0.03757182007809723,1.9635962961947772e-16,-0.05319066403179147,4.916989088058472,0.703779,0.058355728976033576,2.8084381099682263
-0.09650756792957423,-1.0287866429783301e-16,-0.7588471285521553,2.1050121444568095e-16,-0.07152383986162447,-3.0381670879742324e-17,0.42005331336654705,-2.744269268051713e-16,-3.4008528480108158,0.8464409116476317,3.500751691389349e-16,-0.4550456932247907,0.0,0.0,0.0,-0.6566179999999983,0.0,0.0,0.0,0.0,0.0,3.474599999999993,-0.10491919756876597,-9.742425560582739e-17,-0.10353511330166942,0.4211096505526276,-2.7101394239539065e-16,0.056851322962058415,2.0338616065687088e-16,-0.062439319072710546,5.075983762741089,0.614075,0.047207398176576314,2.523865973701518
-0.08811701647020849,-1.0839785582047541e-16,-0.8286794250502948,2.1768287067760612e-16,-0.08047279488145738,-3.2303110748118474e-17,0.41900183257002743,-2.77492225459069e-16,-3.582376801803134,0.7356832609137217,3.524244714998525e-16,-0.4482597062518236,0.0,0.0,0.0,-0.728071999999998,0.0,0.0,0.0,0.0,0.0,3.6707999999999923,-0.09650756792957423,-1.0287866429783301e-16,-0.10222912855215704,0.42005331336654705,-2.744269268051713e-16,0.07374715198917725,2.1050121444568095e-16,-0.07152383986162447,5.233983516693115,0.545762,0.03814214919966839,2.268317532852085
-0.07974715823223541,-1.1397493438377571e-16,-0.9021627515693666,2.2491587370887463e-16,-0.08931224909626706,-3.4266340042100804e-17,0.41798399122728014,-2.8021563087096086e-16,-3.7659558501040546,0.6330964041706093,3.539692427476039e-16,-0.4427790913392179,0.0,0.0,0.0,-0.803449999999998,0.0,0.0,0.0,0.0,0.0,3.8669999999999916,-0.08811701647020849,-1.0839785582047541e-16,-0.10060742505029674,0.41900183257002743,-2.77492225459069e-16,0.08842319819685818,2.1768287067760612e-16,-0.08047279488145738,5.388986825942993,0.496333,0.030881936689843435,2.0419742426695873
-0.07139706678121105,-1.1960309706496638e-16,-0.9793367962986657,2.3218020087486284e-16,-0.09806579633544465,-3.6275752187904835e-17,0.4170251538751547,-2.8260063724810506e-16,-3.951448622825845,0.5375036861619591,3.544637341683254e-16,-0.43848013308093536,0.0,0.0,0.0,-0.8827519999999978,0.0,0.0,0.0,0.0,0.0,4.063199999999991,-0.07974715823223541,-1.1397493438377571e-16,-0.09871275156936865,0.41798399122728014,-2.8021563087096086e-16,0.10104414989593691,2.2491587370887463e-16,-0.08931224909626706,5.544988393783569,0.463713,0.025103757145006567,1.8449732246365542
-0.06306534358320967,-1.2527561187751988e-16,-1.06023852544414,2.394561402611896e-16,-0.10675485397187431,-3.833557556535546e-17,0.41614716592498346,-2.8465084400724443e-16,-4.138724291721575,0.4483707966050757,3.5391701827741476e-16,-0.43525386681182104,0.0,0.0,0.0,-0.9659779999999976,0.0,0.0,0.0,0.0,0.0,4.259399999999992,-0.07139706678121105,-1.1960309706496638e-16,-0.0965847962986679,0.4170251538751547,-2.8260063724810506e-16,0.11175137717414607,2.3218020087486284e-16,-0.09806579633544465,5.697983264923096,0.446222,0.02057632205962981,1.6774935191015174
-0.05475020145757729,-1.309858614169955e-16,-1.1449022133274833,2.4673295259407066e-16,-0.11539886291277503,-4.04499104551582e-17,0.41536704663825497,-2.8637410994031657e-16,-4.327644496612757,0.3660737730563349,3.5277225965598215e-16,-0.43300133755682224,0.0,0.0,0.0,-1.0531279999999974,0.0,0.0,0.0,0.0,0.0,4.455599999999993,-0.06306534358320967,-1.2527561187751988e-16,-0.09426052544414243,0.41614716592498346,-2.8465084400724443e-16,0.12067570827841756,2.394561402611896e-16,-0.10675485397187431,5.858988285064697,0.442262,0.017135008148988523,1.539704284280675
-0.04644951928335613,-1.3672734293097248e-16,-1.233359657509407,2.5399411601616137e-16,-0.1240152709838342,-4.262268728733919e-17,0.4147011707838607,-2.877740414573811e-16,-4.518099921579614,0.2891519192607681,3.5073406753321355e-16,-0.43162275092530206,0.0,0.0,0.0,-1.1442019999999973,0.0,0.0,0.0,0.0,0.0,4.651799999999994,-0.05475020145757729,-1.309858614169955e-16,-0.09177421332748592,0.41536704663825497,-2.8637410994031657e-16,0.12795550338723594,2.4673295259407066e-16,-0.11539886291277503,6.015982627868652,0.45055,0.014563548489591318,1.4317050928964186
-0.03816085619624659,-1.4249360190154257e-16,-1.3256406546229356,2.612225196979318e-16,-0.1326199895514044,-4.485770251707204e-17,0.4141651379270933,-2.8885185559962837e-16,-4.70999978977324,0.21667063008008147,3.4776731924031903e-16,-0.4310411802003861,0.0,0.0,0.0,-1.2391999999999972,0.0,0.0,0.0,0.0,0.0,4.847999999999995,-0.04644951928335613,-1.3672734293097248e-16,-0.08915765750940974,0.4147011707838607,-2.877740414573811e-16,0.13370007842038056,2.5399411601616137e-16,-0.1240152709838342,6.171983242034912,0.470036,0.012713829074344735,1.353648798054711
-0.029881538183149203,-1.4827833210271414e-16,-1.4217727804364786,2.6841104588331336e-16,-0.14122772858975366,-4.7158705325782326e-17,0.41376666338264523,-2.896211645175275e-16,-4.903212791581078,0.15067299162889738,3.443666227769767e-16,-0.4311964790519115,0.0,0.0,0.0,-1.3381219999999971,0.0,0.0,0.0,0.0,0.0,5.0441999999999965,-0.03816085619624659,-1.4249360190154257e-16,-0.08644065462293837,0.4141651379270933,-2.8885185559962837e-16,0.13800021022675502,2.612225196979318e-16,-0.1326199895514044,6.3269829750061035,0.499771,0.011517103291871788,1.3057108937026811
-0.021608484705960388,-1.540749951848974e-16,-1.521783001079535,2.7551493740235427e-16,-0.14985141431069343,-4.952908152240594e-17,0.4135386843362364,-2.900451437007989e-16,-5.09780927272457,0.08098220744061323,3.3864288034137146e-16,-0.4319993238210332,0.0,0.0,0.0,-1.4409679999999971,0.0,0.0,0.0,0.0,0.0,5.2403999999999975,-0.029881538183149203,-1.4827833210271414e-16,-0.08365078043648144,0.41376666338264523,-2.896211645175275e-16,0.14098720841891854,2.6841104588331336e-16,-0.14122772858975366,6.48498272895813,0.539171,0.010753656062084276,1.2879175306341144
-0.013337970781431965,-1.5987636458078845e-16,-1.6256994660636408,2.8238569322377645e-16,-0.15850560039455286,-5.1972141455117196e-17,0.413512708116606,-2.900917958883061e-16,-5.293837225685975,0.008699848773902692,3.253936899222076e-16,-0.4335312737397561,0.0,0.0,0.0,-1.547737999999997,0.0,0.0,0.0,0.0,0.0,5.4365999999999985,-0.021608484705960388,-1.540749951848974e-16,-0.08081500107953787,0.4135386843362364,-2.900451437007989e-16,0.14259072727542765,2.7551493740235427e-16,-0.14985141431069343,6.6369874477386475,0.587999,0.010505251615601053,1.3008695702909971
-0.005067737166873722,-1.656782361912705e-16,-1.7335380820304573,2.8860545815741957e-16,-0.16720609311651075,-5.448939339754527e-17,0.4135106533392182,-2.900953651599005e-16,-5.490024370995679,0.0006508939481678555,2.911339723214432e-16,-0.435855113422519,0.0,0.0,0.0,-1.6584319999999968,0.0,0.0,0.0,0.0,0.0,5.6328,-0.013337970781431965,-1.5987636458078845e-16,-0.07796146606364385,0.413512708116606,-2.900917958883061e-16,0.14276277431402384,2.8238569322377645e-16,-0.15850560039455286,6.796982526779175,0.647921,0.010612274610552247,1.3451302830680087
0.0032024701708736666,-1.7148015311710787e-16,-1.8453005355069507,2.9428241471614377e-16,-0.17594512954812982,-5.707427839444275e-17,0.4135100804355206,-2.9009632742383587e-16,-5.686220976653692,0.00017211751931101764,2.6228167208561456e-16,-0.4377901449980241,0.0,0.0,0.0,-1.773049999999997,0.0,0.0,0.0,0.0,0.0,5.829000000000001,-0.005067737166873722,-1.656782361912705e-16,-0.07510608203046054,0.4135106533392182,-2.900953651599005e-16,0.14277562900432095,2.8860545815741957e-16,-0.16720609311651075,6.952982187271118,0.719225,0.010708014152870836,1.4174258164879374
0.011472669007445487,-1.7728208416800119e-16,-1.9609869394472432,2.9953166245690626e-16,-0.18471417222228353,-5.972077447833461e-17,0.4135098032216614,-2.9009677766549583e-16,-5.8824194173755355,7.918642392241212e-05,2.3918797092125713e-16,-0.439297548492504,0.0,0.0,0.0,-1.8915919999999968,0.0,0.0,0.0,0.0,0.0,6.025200000000002,0.0032024701708736666,-1.7148015311710787e-16,-0.07225053550695382,0.4135100804355206,-2.9009632742383587e-16,0.14277902334630888,2.9428241471614377e-16,-0.17594512954812982,7.110981702804565,0.80193,0.010786934721287991,1.51738045345629
0.01974286314066214,-1.8308402275550884e-16,-2.0805973174587713,3.04449437042505e-16,-0.19350647863963324,-6.242415560621088e-17,0.41350961010000387,-2.9009708108526854e-16,-6.078618383777249,5.2574266294196656e-05,2.209045380558845e-16,-0.4404672272529373,0.0,0.0,0.0,-2.014057999999997,0.0,0.0,0.0,0.0,0.0,6.221400000000003,0.011472669007445487,-1.7728208416800119e-16,-0.0693949394472464,0.4135098032216614,-2.9009677766549583e-16,0.14278058262446613,2.9953166245690626e-16,-0.18471417222228353,7.262986660003662,0.896012,0.010852785338946229,1.644985778074393
0.028013053795277833,-1.8888596673042557e-16,-2.2041316772378248,3.091099274080386e-16,-0.20231680505713398,-6.518078729216865e-17,0.4135094553615649,-2.900973164064045e-16,-6.274817594128136,4.0233372545308926e-05,2.063232226900271e-16,-0.4413742499543753,0.0,0.0,0.0,-2.140447999999997,0.0,0.0,0.0,0.0,0.0,6.417600000000004,0.01974286314066214,-1.8308402275550884e-16,-0.0665393174587745,0.41350961010000387,-2.9009708108526854e-16,0.14278161622275398,3.04449437042505e-16,-0.19350647863963324,7.421981573104858,1.00149,0.010908755538398682,1.800248757731655
0.036283241589732174,-1.946879149924621e-16,-2.3315900227204427,3.135715299258232e-16,-0.21114108661542863,-6.798790704420203e-17,0.41350932408386887,-2.900975097972495e-16,-6.471016954133686,3.266598880924485e-05,1.9464941344054007e-16,-0.44207766433314943,0.0,0.0,0.0,-2.270761999999997,0.0,0.0,0.0,0.0,0.0,6.613800000000005,0.028013053795277833,-1.8888596673042557e-16,-0.06368367723782775,0.4135094553615649,-2.900973164064045e-16,0.14278240587186808,3.091099274080386e-16,-0.20231680505713398,7.577981233596802,1.11836,0.010957379701655839,1.983178054100013
0.04455342691404776,-2.0048986684138866e-16,-2.4629723564033537,3.178789597388468e-16,-0.2199761745760741,-7.084344379869783e-17,0.41350920834768934,-2.90097675095405e-16,-6.667216414157375,2.7612011853453107e-05,1.8519457525790552e-16,-0.44262335732032443,0.0,0.0,0.0,-2.404999999999997,0.0,0.0,0.0,0.0,0.0,6.810000000000006,0.036283241589732174,-1.946879149924621e-16,-0.06082802272044585,0.41350932408386887,-2.900975097972495e-16,0.1427830458663184,3.135715299258232e-16,-0.21114108661542863,7.733981370925903,1.24665,0.011000642058980157,2.193781770651033
0.05282361004195827,-2.0629182178334618e-16,-2.598278680039501,3.2206756599180343e-16,-0.2288196302388787,-7.374587288239185e-17,0.41350910444336175,-2.900978191003451e-16,-6.863415949457339,2.3808729052251457e-05,1.7748667639155237e-16,-0.44304689383571105,0.0,0.0,0.0,-2.5431619999999975,0.0,0.0,0.0,0.0,0.0,7.006200000000007,0.04455342691404776,-2.0048986684138866e-16,-0.05797235640335652,0.41350920834768934,-2.90097675095405e-16,0.14278358584263096,3.178789597388468e-16,-0.2199761745760741,7.887981653213501,1.38637,0.011040089220777769,2.4320670727378992
0.06109379117857096,-2.1209377944721087e-16,-2.7375089949399394,3.261651464286186e-16,-0.2376695650823084,-7.669410565320835e-17,0.41350900921790645,-2.900979472861243e-16,-7.059615540586504,2.0990667465880933e-05,1.7114484669629551e-16,-0.44337583188556157,0.0,0.0,0.0,-2.6852479999999974,0.0,0.0,0.0,0.0,0.0,7.202400000000008,0.05282361004195827,-2.0629182178334618e-16,-0.05511668003950332,0.41350910444336175,-2.900978191003451e-16,0.14278405054266763,3.2206756599180343e-16,-0.2288196302388787,8.04398226737976,1.53752,0.011076924786671199,2.698040187584018
0.06936397047874951,-2.1789573955002258e-16,-2.8806633021017767,3.301924432079954e-16,-0.24652451659770824,-7.968739569343258e-17,0.41350892079994817,-2.900980629950462e-16,-7.2558151755972435,1.8777306431572323e-05,1.6581336496520156e-16,-0.4436315103083282,0.0,0.0,0.0,-2.8312579999999974,0.0,0.0,0.0,0.0,0.0,7.398600000000009,0.06109379117857096,-2.1209377944721087e-16,-0.05226099493994196,0.41350900921790645,-2.900979472861243e-16,0.14278445941350348,3.261651464286186e-16,-0.2376695650823084,8.200981140136719,1.7001,0.01111208380271917,2.9917064308793617
0.07763414806545248,-2.2369770186592084e-16,-3.0277416023181973,3.3416588765747046e-16,-0.25538335223948555,-8.272526499895258e-17,0.41350883787034765,-2.9009816859478437e-16,-7.452014846044799,1.699133103784487e-05,1.61274297379251e-16,-0.44383045699540796,0.0,0.0,0.0,-2.981191999999998,0.0,0.0,0.0,0.0,0.0,7.59480000000001,0.06936397047874951,-2.1789573955002258e-16,-0.04940530210177929,0.41350892079994817,-2.900980629950462e-16,0.1427848244027654,3.301924432079954e-16,-0.24652451659770824,8.357981443405151,1.87413,0.011146292318377627,3.313070310220385
0.08590432401896393,-2.294996662347229e-16,-3.1787438961600274,3.3809799992946807e-16,-0.264245194948368,-8.58074488203589e-17,0.4135087574807962,-2.900982682854225e-16,-7.648214538138204,1.5911391457313305e-05,1.573299426576191e-16,-0.4439854694095534,0.0,0.0,0.0,-3.135049999999998,0.0,0.0,0.0,0.0,0.0,7.791000000000011,0.07763414806545248,-2.2369770186592084e-16,-0.04654960231819949,0.41350883787034765,-2.9009816859478437e-16,0.14278515395521119,3.3416588765747046e-16,-0.25538335223948555,8.513981819152832,2.0596,0.01118011357604873,3.662135614392086
0.09417449840835478,-2.353016325193084e-16,-3.3336701841130987,3.419990839990566e-16,-0.2731093653647811,-8.893385362793289e-17,0.4135086814582881,-2.900983601731268e-16,-7.844414257168937,1.4553620800798078e-05,1.538676833460664e-16,-0.44410645053989795,0.0,0.0,0.0,-3.292831999999998,0.0,0.0,0.0,0.0,0.0,7.987200000000012,0.08590432401896393,-2.294996662347229e-16,-0.0436938961600295,0.4135087574807962,-2.900982682854225e-16,0.1427854618618074,3.3809799992946807e-16,-0.264245194948368,8.672981023788452,2.25652,0.011213984046810241,4.038905481389843
0.10244467131333312,-2.411036005765967e-16,-3.4925204666710963,3.4587650109816824e-16,-0.2819753376443546,-9.210452262333895e-17,0.4135086090395469,-2.9009844555570025e-16,-8.040613998630812,1.3424458650884415e-05,1.5073865959905255e-16,-0.4442010902051683,0.0,0.0,0.0,-3.454537999999998,0.0,0.0,0.0,0.0,0.0,8.18340000000001,0.09417449840835478,-2.353016325193084e-16,-0.040838184113100695,0.4135086814582881,-2.900983601731268e-16,0.1427857428310748,3.419990839990566e-16,-0.2731093653647811,8.828981161117554,2.46489,0.011248243020380147,4.443382570827696
0.11071484280030161,-2.4690557028624623e-16,-3.655294744248696,3.497368453825856e-16,-0.29084270452689254,-9.531960994486544e-17,0.4135085396573016,-2.9009852540925255e-16,-8.236813759129157,1.2467451630532073e-05,1.4790313138287075e-16,-0.4442753285284501,0.0,0.0,0.0,-3.6201679999999983,0.0,0.0,0.0,0.0,0.0,8.379600000000007,0.10244467131333312,-2.411036005765967e-16,-0.03798246667109817,0.4135086090395469,-2.9009844555570025e-16,0.14278600136919728,3.4587650109816824e-16,-0.2819753376443546,8.985984563827515,2.68471,0.011283152791881936,4.8755690528920965
0.11898501292562197,-2.527075415452657e-16,-3.8219930172002172,3.535847308895493e-16,-0.2997111505757781,-9.857936130185668e-17,0.41350847287473325,-2.900986004926998e-16,-8.433013536022893,1.1644345850158813e-05,1.452606672268312e-16,-0.4443337651845412,0.0,0.0,0.0,-3.7897219999999985,0.0,0.0,0.0,0.0,0.0,8.575800000000005,0.11071484280030161,-2.4690557028624623e-16,-0.03512674424869777,0.4135085396573016,-2.9009852540925255e-16,0.14278624087084957,3.497368453825856e-16,-0.29084270452689254,9.139981269836426,2.91599,0.011318916582462432,5.3354667150675175
0.12725518173791392,-2.585095142642113e-16,-3.992615285832774,3.574230179338746e-16,-0.3085804314504854,-1.0188409149413659e-16,0.41350840835446234,-2.9009867140185746e-16,-8.629213327232799,1.0926592421787865e-05,1.4272235314921135e-16,-0.4443799615904023,0.0,0.0,0.0,-3.9631999999999987,0.0,0.0,0.0,0.0,0.0,8.772000000000002,0.11898501292562197,-2.527075415452657e-16,-0.03227101720021874,0.41350847287473325,-2.900986004926998e-16,0.14278646397711192,3.535847308895493e-16,-0.2997111505757781,9.298980712890625,3.15872,0.011355691804452818,5.823077024394046
0.1355253492799189,-2.6431148836420524e-16,-4.167161550416461,3.612552694339525e-16,-0.3174503578533614,-1.052341754977551e-16,0.413508345846041,-2.90098738597537e-16,-8.825413131135933,1.02909283284769e-05,1.4032236190284657e-16,-0.4444166750356593,0.0,0.0,0.0,-4.140601999999999,0.0,0.0,0.0,0.0,0.0,8.9682,0.12725518173791392,-2.585095142642113e-16,-0.029415285832775417,0.41350840835446234,-2.9009867140185746e-16,0.14278667276720292,3.574230179338746e-16,-0.3085804314504854,9.452980518341064,3.41291,0.01139360036125125,6.33840118137565
0.14379551558968592,-2.7011346377494017e-16,-4.345631811191268,3.650832830502597e-16,-0.3263207830967737,-1.0863004046054188e-16,0.4135082851306614,-2.9009880247595664e-16,-9.021612946344776,9.725498627459749e-06,1.3797124490034633e-16,-0.44444604002544214,0.0,0.0,0.0,-4.321927999999998,0.0,0.0,0.0,0.0,0.0,9.164399999999997,0.1355253492799189,-2.6431148836420524e-16,-0.026559550416462407,0.413508345846041,-2.90098738597537e-16,0.1427868688640661,3.612552694339525e-16,-0.3174503578533614,9.610984802246094,3.67856,0.011432736638050755,6.881440166104122
0.15206568070063248,-2.759154404340308e-16,-4.528026068369838,3.6890928908606973e-16,-0.33519159346735333,-1.1207215717672522e-16,0.4135082259639925,-2.9009886343310543e-16,-9.217812771512266,9.228637616434681e-06,1.3568972893834877e-16,-0.44446970838726707,0.0,0.0,0.0,-4.507177999999999,0.0,0.0,0.0,0.0,0.0,9.360599999999994,0.14379551558968592,-2.7011346377494017e-16,-0.023703811191269963,0.4135082851306614,-2.9009880247595664e-16,0.14278705365522093,3.650832830502597e-16,-0.3263207830967737,9.769991874694824,3.95566,0.011473173683015628,7.452194776658116
0.1603358446424232,-2.8171741828561197e-16,-4.7143443221422325,3.727341249175495e-16,-0.34406270075407497,-1.155610338661802e-16,0.4135081682150813,-2.900989217250149e-16,-9.41401260572716,8.777761418586128e-06,1.33407107230726e-16,-0.44448895765881946,0.0,0.0,0.0,-4.696351999999998,0.0,0.0,0.0,0.0,0.0,9.556799999999992,0.15206568070063248,-2.759154404340308e-16,-0.020848068369839545,0.4135082259639925,-2.9009886343310543e-16,0.1427872284877285,3.6890928908606973e-16,-0.33519159346735333,9.925981044769287,4.24422,0.01151496799334354,8.050665661154504
0.16860600744208273,-2.875193972787939e-16,-4.904586572680947,3.7655943638835117e-16,-0.352934036473148,-1.1909721217863805e-16,0.41350811175087376,-2.900989775931778e-16,-9.610212448144368,8.36966901358497e-06,1.3116298406461383e-16,-0.4445047760832566,0.0,0.0,0.0,-4.889449999999998,0.0,0.0,0.0,0.0,0.0,9.75299999999999,0.1603358446424232,-2.8171741828561197e-16,-0.01799232214223423,0.4135081682150813,-2.900989217250149e-16,0.1427873942728315,3.727341249175495e-16,-0.34406270075407497,10.080986499786377,4.54424,0.011558163271180245,8.676853347027507
0.17687616912416718,-2.933213773671789e-16,-5.098752820142756,3.803852334016741e-16,-0.36180554737490733,-1.2268126240492446e-16,0.41350805645757205,-2.9009903124532215e-16,-9.806412298036472,7.998395026241752e-06,1.2887452164594251e-16,-0.4445179268263752,0.0,0.0,0.0,-5.086471999999998,0.0,0.0,0.0,0.0,0.0,9.949199999999987,0.16860600744208273,-2.875193972787939e-16,-0.015136572680948923,0.41350811175087376,-2.900989775931778e-16,0.14278755185562098,3.7655943638835117e-16,-0.352934036473148,10.238980531692505,4.85572,0.011602793262339695,9.330758262368928
0.18514632971111203,-2.991233585082466e-16,-5.296843064670841,3.8421335431991377e-16,-0.37067719195575105,-1.263137837937869e-16,0.41350800223691475,-2.900990828614471e-16,-10.002612154772047,7.659075401724472e-06,1.2663242255452804e-16,-0.4445289983213671,0.0,0.0,0.0,-5.287417999999998,0.0,0.0,0.0,0.0,0.0,10.145399999999984,0.17687616912416718,-2.933213773671789e-16,-0.012280820142757776,0.41350805645757205,-2.9009903124532215e-16,0.1427877019635151,3.803852334016741e-16,-0.36180554737490733,10.390980243682861,5.17866,0.011648883982593054,10.012380755181825
0.1934164892235152,-3.049253406628502e-16,-5.498857306396553,3.880432652731162e-16,-0.3795489377406776,-1.2999540163005741e-16,0.4135079490034038,-2.90099132598912e-16,-10.198812017799073,7.347687222732411e-06,1.2431692421586e-16,-0.4445384428698648,0.0,0.0,0.0,-5.492287999999998,0.0,0.0,0.0,0.0,0.0,10.341599999999982,0.18514632971111203,-2.991233585082466e-16,-0.009425064670843142,0.41350800223691475,-2.900990828614471e-16,0.14278784522793764,3.8421335431991377e-16,-0.37067719195575105,10.546980381011963,5.51306,0.011696455424880368,10.72172110910038
0.20168664768037062,-3.1072732379479775e-16,-5.704795545440862,3.9187596668116303e-16,-0.38842075915550517,-1.337267630638115e-16,0.4135078966821374,-2.900991805958504e-16,-10.39501188663185,7.060870189896327e-06,1.2200405013007372e-16,-0.44454660618058545,0.0,0.0,0.0,-5.701081999999997,0.0,0.0,0.0,0.0,0.0,10.53779999999998,0.1934164892235152,-3.049253406628502e-16,-0.0065693063965550635,0.4135079490034038,-2.90099132598912e-16,0.14278798220090927,3.880432652731162e-16,-0.3795489377406776,10.703979969024658,5.85891,0.01174552286572746,11.458779556503034
0.20995680509926296,-3.165293078705004e-16,-5.9146577819155866,3.9571184999059553e-16,-0.3972926358448151,-1.375085414923833e-16,0.4135078452070954,-2.9009922697441557e-16,-10.591211760840602,6.795792612110702e-06,1.1966232297062427e-16,-0.4445537496967744,0.0,0.0,0.0,-5.913799999999997,0.0,0.0,0.0,0.0,0.0,10.733999999999977,0.20168664768037062,-3.1072732379479775e-16,-0.003713545440865218,0.4135078966821374,-2.900991805958504e-16,0.14278811336812858,3.9187596668116303e-16,-0.38842075915550517,10.859984397888184,6.21623,0.011796097852546962,12.223556289551423
0.2182269614965316,-3.223312928586757e-16,-6.128444015924424,3.995510521770644e-16,-0.40616455131764817,-1.4134143252261322e-16,0.41350779451976705,-2.9009927184311577e-16,-10.787411640043034,6.5500490902740244e-06,1.1727807493849338e-16,-0.44456006701378914,0.0,0.0,0.0,-6.130441999999996,0.0,0.0,0.0,0.0,0.0,10.930199999999974,0.20995680509926296,-3.165293078705004e-16,-0.0008577819155899391,0.4135078452070954,-2.9009922697441557e-16,0.14278823915937444,3.9571184999059553e-16,-0.3972926358448151,11.01498818397522,6.585,0.011848188929229769,13.016051469659942
0.2264971168874097,-3.2813327873009445e-16,-6.346154247563829,4.033940523618916e-16,-0.4150364918181606,-1.4522615454397228e-16,0.4135077445680425,-2.9009931529875745e-16,-10.983611523897517,6.321581399160257e-06,1.1486749747665271e-16,-0.44456569514717553,0.0,0.0,0.0,-6.351007999999996,0.0,0.0,0.0,0.0,0.0,11.126399999999972,0.2182269614965316,-3.223312928586757e-16,0.00199798407557239,0.41350779451976705,-2.9009927184311577e-16,0.14278835995694017,3.995510521770644e-16,-0.40616455131764817,11.171979904174805,6.96524,0.011901802133478872,13.836265235908378
0.234767271286149,-3.339352654573582e-16,-6.567788476923791,4.072406237425811e-16,-0.42390844532050764,-1.4916344716458299e-16,0.4135076953058868,-2.900993574276177e-16,-11.179811412098731,6.108544905964212e-06,1.1239427173356841e-16,-0.4445707207538718,0.0,0.0,0.0,-6.575497999999995,0.0,0.0,0.0,0.0,0.0,11.32259999999997,0.2264971168874097,-3.2813327873009445e-16,0.004853752436166481,0.4135077445680425,-2.9009931529875745e-16,0.1427884761024547,4.033940523618916e-16,-0.4150364918181606,11.330980062484741,7.35693,0.011956941270132356,14.684197712980543
0.24303742470612286,-3.39737253014711e-16,-6.793346704088483,4.110913707830543e-16,-0.4327804005287294,-1.5315407199517481e-16,0.4135076466915001,-2.9009939830765653e-16,-11.376011304370474,5.909470401531516e-06,1.0989906794345075e-16,-0.44457518037934185,0.0,0.0,0.0,-6.803911999999994,0.0,0.0,0.0,0.0,0.0,11.518799999999967,0.234767271286149,-3.339352654573582e-16,0.0077095230762038724,0.4135076953058868,-2.900993574276177e-16,0.14278858790123827,4.072406237425811e-16,-0.42390844532050764,11.500980138778687,7.76009,0.012013607918908672,15.559849019409832
0.25130757715990915,-3.455392413778811e-16,-7.022828929136816,4.1494618955745807e-16,-0.4416523457019394,-1.5719881334736965e-16,0.4135075986871327,-2.9009943800935213e-16,-11.57221120046279,5.723029396763655e-06,1.073453683714591e-16,-0.44457905169986767,0.0,0.0,0.0,-7.036249999999994,0.0,0.0,0.0,0.0,0.0,11.714999999999964,0.24303742470612286,-3.39737253014711e-16,0.010565295911511008,0.4135076466915001,-2.9009939830765653e-16,0.14278869562949303,4.110913707830543e-16,-0.4327804005287294,11.657978773117065,8.17471,0.012071801041351353,16.463219277298
0.25957772865936635,-3.513412305239401e-16,-7.256235152142931,4.188053451033061e-16,-0.45052426696524733,-1.6129847642126018e-16,0.41350755125857963,-2.900994765965484e-16,-11.768411100148734,5.5480577509679026e-06,1.0475065772025054e-16,-0.4445822277477813,0.0,0.0,0.0,-7.272511999999993,0.0,0.0,0.0,0.0,0.0,11.911199999999962,0.25130757715990915,-3.455392413778811e-16,0.013421070863177675,0.4135075986871327,-2.9009943800935213e-16,0.14278879953717372,4.1494618955745807e-16,-0.4416523457019394,11.812984228134155,8.60078,0.012131515829949997,17.394308625741168
