-0.3,0.0,-0.0019619823599781585,-3.407766893508357e-17,0.059981940475885495,-1.022328887258138e-18,0.0,0.0,-0.19619823599781583,8.820010920892671e-05,-1.7023499551944808e-15,2.9999965349907836,0.0,0.0,0.0,-0.44196199999999997,0.0,0.0,0.0,0.0,0.0,-2.8038000000000007,-0.3,0.0,0.5,0.0,0.0,-3.0,0.0,-0.0,0.0279998779296875,74.82,17.04949998960887,50.83297572999999
-0.29999999646754366,2.0044946105251405e-24,-0.007847888258580987,-4.6217001535563783e-17,0.11993687889633814,-3.438770573692811e-18,3.532456336391848e-07,2.0044946105251408e-22,-0.39239235386246696,0.00029463663528543627,-5.963755091014016e-16,2.9999943014326753,0.0,0.0,0.0,-0.38784799999999997,0.0,0.0,0.0,0.0,0.0,-2.6076000000000015,-0.3,0.0,0.44000001764002183,0.0,0.0,-2.9999982359978166,-3.407766893508357e-17,0.059981940475885495,0.23200011253356934,63.8628,14.229518695354562,48.070941720228085
-0.29985660441884016,5.489823167467085e-20,-0.01646796951227955,-5.0620128633749813e-17,0.17986488362195893,-6.3728676920005305e-18,0.01433885162471979,5.4894222685449795e-18,-0.4696157715073892,5.9918735977700734,-1.9841592726937515e-16,2.9999936691012916,0.0,0.0,0.0,-0.33765799999999996,0.0,0.0,0.0,0.0,0.0,-2.411400000000002,-0.29999999646754366,2.0044946105251405e-24,0.380000111741419,3.532456336391848e-07,2.0044946105251408e-22,-2.9999923538624684,-4.6217001535563783e-17,0.11993687889633814,0.40401387214660645,56.0457,11.78752709070477,46.71726243533962
-0.29910547558774697,2.9311920459105624e-19,-0.025268515230470093,-5.5107053886933087e-17,0.239765980575978,-9.609973147294256e-18,0.060774031484593954,1.833267502309356e-17,-0.410438800311665,12.978214760293556,-1.9087718327228935e-16,2.99999251904308,0.0,0.0,0.0,-0.2913919999999999,0.0,0.0,0.0,0.0,0.0,-2.215200000000003,-0.29985660441884016,5.489823167467085e-20,0.32119003048772043,0.01433885162471979,5.4894222685449795e-18,-2.8810157715073914,-5.0620128633749813e-17,0.17986488362195893,0.5720007419586182,49.1799,9.78423199592779,43.89705610512959
-0.2971177417420688,8.315556860962166e-19,-0.03228038676396034,-6.373142098588806e-17,0.2996400335722169,-1.3300525535866305e-17,0.13799935308322273,3.5510973127422475e-17,-0.29074835303736,16.25965290029066,-3.827168508988826e-16,2.999982726843549,0.0,0.0,0.0,-0.24904999999999983,0.0,0.0,0.0,0.0,0.0,-2.0190000000000037,-0.29910547558774697,2.9311920459105624e-19,0.2661234847695298,0.060774031484593954,1.833267502309356e-17,-2.625638800311668,-5.5107053886933087e-17,0.239765980575978,0.7380001544952393,42.3563,8.1857536396124,38.356831974356204
-0.29333921560691095,1.7481404920190983e-18,-0.036760490783757135,-7.623972688840906e-17,0.35948719443728616,-1.7726529737813203e-17,0.23985326043255925,5.614750746486568e-17,-0.1572620489423191,17.253063318594688,-5.550083597618847e-16,2.9999787231601442,0.0,0.0,0.0,-0.21063199999999976,0.0,0.0,0.0,0.0,0.0,-1.8228000000000035,-0.2971177417420688,8.315556860962166e-19,0.2167696132360395,0.13799935308322273,3.5510973127422475e-17,-2.3097483530373637,-6.373142098588806e-17,0.2996400335722169,0.9000000953674316,35.6165,6.943953744255514,31.751223663595294
-0.2873582137523323,3.106682520955136e-18,-0.03871743506376969,-9.226941727409247e-17,0.3998787039539536,-2.139040061322027e-17,0.3582469250253052,7.970669542873811e-17,-0.03843237905893615,16.827117453869874,-7.355523477313743e-16,2.0252963099151073,0.0,0.0,0.0,-0.17613799999999968,0.0,0.0,0.0,0.0,0.0,-1.6266000000000034,-0.29333921560691095,1.7481404920190983e-18,0.17387150921624261,0.23985326043255925,5.614750746486568e-17,-1.9800620489423226,-7.623972688840906e-17,0.35948719443728616,1.0570006370544434,29.0174,5.9781237417110615,25.411670464754316
-0.2789749289716621,4.963515314626e-18,-0.038565447921933144,-1.1375165573778144e-16,0.38895896250676587,-2.0172009785431607e-17,0.48008155304171185,1.0597658393834823e-16,0.05363109324259137,15.647644075645195,-1.1007056916552466e-15,-0.5475763484351245,0.0,0.0,0.0,-0.1455679999999996,0.0,0.0,0.0,0.0,0.0,-1.4304000000000032,-0.2873582137523323,3.106682520955136e-18,0.13742056493623,0.3582469250253052,7.970669542873811e-17,-1.6650323790589394,-9.226941727409247e-17,0.3998787039539536,1.229001522064209,23.4666,5.210834919706308,20.176698579534246
-0.2683058178215357,7.381712910688913e-18,-0.03685019009589381,-1.4060721729154764e-16,0.34533120815563423,-1.4227746692380812e-17,0.5868295619709328,1.3584317566794295e-16,0.1178946893613418,14.074482433953351,-1.4537152346844432e-15,-2.188095313904458,0.0,0.0,0.0,-0.11892199999999953,0.0,0.0,0.0,0.0,0.0,-1.234200000000003,-0.2789749289716621,4.963515314626e-18,0.10700255207806644,0.48008155304171185,1.0597658393834823e-16,-1.3767689067574118,-1.1375165573778144e-16,0.38895896250676587,1.3850042819976807,18.6778,4.576653565714854,16.049849873184314
-0.2557382650563005,1.0431912666833118e-17,-0.034144443772024816,-1.7611149247520272e-16,0.286957153050162,-4.5030371581386226e-18,0.6699257145525884,1.6917679994647732e-16,0.15267994302555715,12.273870414848336,-1.9325277464411324e-15,-2.9287414325643355,0.0,0.0,0.0,-0.09619999999999951,0.0,0.0,0.0,0.0,0.0,-1.038000000000003,-0.2683058178215357,7.381712910688913e-18,0.08207180990410572,0.5868295619709328,1.3584317566794295e-16,-1.1163053106386613,-1.4060721729154764e-16,0.34533120815563423,1.5390033721923828,14.856,4.024351204184039,12.742272647597314
-0.24175554052534248,1.4176328094179785e-17,-0.031073155515691595,-2.2051080560918537e-16,0.22719121381543586,7.750113922576486e-18,0.7283467385432122,2.0526474278818932e-16,0.15444888260776463,10.320455063055205,-2.3843145546869085e-15,-2.9998937982205054,0.0,0.0,0.0,-0.07740199999999942,0.0,0.0,0.0,0.0,0.0,-0.8418000000000028,-0.2557382650563005,1.0431912666833118e-17,0.06205555622797469,0.6699257145525884,1.6917679994647732e-16,-0.8853200569744457,-1.7611149247520272e-16,0.286957153050162,1.6950063705444336,11.8099,3.526977873763002,10.090081642634896
-0.2268121146288274,1.8653124067333674e-17,-0.028317632977528706,-2.7364109149982717e-16,0.1674590097745572,2.2798329255818963e-17,0.7659958511082962,2.424148545271996e-16,0.12110337120852438,8.357487680869378,-2.815388989691857e-15,-2.9995386671610023,0.0,0.0,0.0,-0.06252799999999936,0.0,0.0,0.0,0.0,0.0,-0.6456000000000026,-0.24175554052534248,1.4176328094179785e-17,0.046328844484307824,0.7283467385432122,2.0526474278818932e-16,-0.6873511173922382,-2.2051080560918537e-16,0.22719121381543586,1.8550047874450684,9.37083,3.0743003584622324,8.01797752082648
-0.21127194455961054,2.386804088146299e-17,-0.026554617618498436,-3.3424692254992146e-16,0.11082918659632197,4.017628148863621e-17,0.7880211558133899,2.7907682688573154e-16,0.05519816469450295,6.607164152816627,-3.1649620298519486e-15,-2.844931283875244,0.0,0.0,0.0,-0.05157799999999935,0.0,0.0,0.0,0.0,0.0,-0.4494000000000026,-0.2268121146288274,1.8653124067333674e-17,0.034210367022470656,0.7659958511082962,2.424148545271996e-16,-0.5244966287914783,-2.7364109149982717e-16,0.1674590097745572,2.003000497817993,7.43172,2.66102779817416,6.400382853434435
-0.19539890162540668,2.9794445625075706e-17,-0.026400661579752974,-4.004458941912281e-16,0.06178582243264958,5.8257681940382e-17,0.7992831376069939,3.135636474755406e-16,-0.03980256081995699,5.09119961068095,-3.4044393251138704e-15,-2.4646310914415523,0.0,0.0,0.0,-0.04455199999999926,0.0,0.0,0.0,0.0,0.0,-0.25320000000000265,-0.21127194455961054,2.386804088146299e-17,0.02502338238150091,0.7880211558133899,2.7907682688573154e-16,-0.3942018353054996,-3.3424692254992146e-16,0.11082918659632197,2.164003610610962,5.85204,2.283040848824694,5.138482736600691
-0.1793653984601015,3.637876600401012e-17,-0.0283854039843022,-4.70812750566056e-16,0.015077130569868868,7.86185425109783e-17,0.8040671789235271,3.4486839041790056e-16,-0.15867167963496542,3.8739360591540426,-3.5759075725226145e-15,-2.347966346545994,0.0,0.0,0.0,-0.04144999999999921,0.0,0.0,0.0,0.0,0.0,-0.05700000000000261,-0.19539890162540668,2.9794445625075706e-17,0.018151338420246285,0.7992831376069939,3.135636474755406e-16,-0.2930025608199596,-4.004458941912281e-16,0.06178582243264958,2.475003480911255,4.54855,1.9394128630333645,4.179034742374212
-0.1632752678209573,4.3551228108445274e-17,-0.032938074510888926,-5.433455006264517e-16,-0.03331016770906972,1.0315335739184434e-16,0.8049458849908923,3.7237782002561446e-16,-0.2965953730237081,2.914146545989966,-3.635181440638934e-15,-2.433042887098787,0.0,0.0,0.0,-0.0422719999999992,0.0,0.0,0.0,0.0,0.0,0.1391999999999974,-0.1793653984601015,3.637876600401012e-17,0.013064596015697011,0.8040671789235271,3.4486839041790056e-16,-0.21567167963496803,-4.70812750566056e-16,0.015077130569868868,2.628059148788452,3.46266,1.6278037936886247,3.4172276320663055
-0.1471908171413268,5.123331754219728e-17,-0.04039783017701882,-6.164614955098152e-16,-0.08248574431375308,1.3171543213329525e-16,0.8034991829721571,3.958311233495862e-16,-0.4493801935892814,2.1719638303010935,-3.593688098234911e-15,-2.4734193343229744,0.0,0.0,0.0,-0.047017999999999116,0.0,0.0,0.0,0.0,0.0,0.3353999999999974,-0.1632752678209573,4.3551228108445274e-17,0.009333925489110273,0.8049458849908923,3.7237782002561446e-16,-0.15739537302371068,-5.433455006264517e-16,-0.03331016770906972,2.788999080657959,2.56627,1.3460834811362787,2.7837707166347796
-0.1311474711085597,5.934573503958803e-17,-0.05102523066390935,-6.896851340603762e-16,-0.13923087001262066,1.6899804662909593e-16,0.8008354203045532,4.154106263894888e-16,-0.6133598550997716,1.6165131022728392,-3.4757893414198788e-15,-2.855204181658019,0.0,0.0,0.0,-0.05568799999999907,0.0,0.0,0.0,0.0,0.0,0.5315999999999974,-0.1471908171413268,5.123331754219728e-17,0.006620169822980297,0.8034991829721571,3.958311233495862e-16,-0.11398019358928396,-6.164614955098152e-16,-0.08248574431375308,2.9390032291412354,1.83521,1.0941578493231314,2.2633972371095763
-0.11516348209231148,6.781101956736977e-17,-0.0650209472759467,-7.6233316493704e-16,-0.19852060417578662,2.1265771884904216e-16,0.7975634813202698,4.311178263886847e-16,-0.7862118061039649,1.1788097563087363,-3.28643383141249e-15,-2.9845140611973004,0.0,0.0,0.0,-0.06828199999999907,0.0,0.0,0.0,0.0,0.0,0.7277999999999976,-0.1311474711085597,5.934573503958803e-17,0.004662769336089723,0.8008354203045532,4.154106263894888e-16,-0.08175985509977424,-6.896851340603762e-16,-0.13923087001262066,3.09700345993042,1.25547,0.8695555245115545,1.8034623197616482
-0.09924645277826327,7.655844748602145e-17,-0.08253697780272548,-8.336141401947962e-16,-0.2580634646713429,2.614297562719194e-16,0.7941394500845497,4.4362496547648283e-16,-0.9653912465739134,0.8680775262314121,-3.032705791916328e-15,-2.998580904123893,0.0,0.0,0.0,-0.08479999999999899,0.0,0.0,0.0,0.0,0.0,0.9239999999999977,-0.11516348209231148,6.781101956736977e-17,0.00326105272405236,0.7975634813202698,4.311178263886847e-16,-0.058411806103967345,-7.6233316493704e-16,-0.19852060417578662,3.2570035457611084,0.815151,0.6719302760203738,1.4386594157446604
-0.08339677641969569,8.553044939301185e-17,-0.10368135183408134,-9.035582004337411e-16,-0.3175945943792826,3.153481081531365e-16,0.7908281857722091,4.535752252225564e-16,-1.149046156561672,0.6487367624110417,-2.7516464305561106e-15,-2.999318899130092,0.0,0.0,0.0,-0.10524199999999895,0.0,0.0,0.0,0.0,0.0,1.1201999999999979,-0.09924645277826327,7.655844748602145e-17,0.0022630221972735065,0.7941394500845497,4.4362496547648283e-16,-0.041391246573915685,-8.336141401947962e-16,-0.2580634646713429,3.4140071868896484,0.510236,0.5009522068158195,1.1808237304296012
-0.06760842430404514,9.467468490452294e-17,-0.12853845289352067,-9.723806006251976e-16,-0.37710430566494996,3.7470293248098877e-16,0.7880070257928465,4.608483259285531e-16,-1.3366639493822603,0.45170018734640355,-2.44938124594764e-15,-2.999567844859011,0.0,0.0,0.0,-0.12960799999999895,0.0,0.0,0.0,0.0,0.0,1.316399999999998,-0.08339677641969569,8.553044939301185e-17,0.0015606481659176108,0.7908281857722091,4.535752252225564e-16,-0.02884615656167422,-9.035582004337411e-16,-0.3175945943792826,3.566007375717163,0.343267,0.3561091553850005,1.0291185765668018
-0.05187129632252437,1.0394379752071004e-16,-0.15717562806953445,-1.0391643280226575e-15,-0.4352008061473021,4.3830037684522156e-16,0.7857057723592292,4.660629356901549e-16,-1.52705356821912,0.31247518552164144,-2.099522676823326e-15,-2.9295915984140626,0.0,0.0,0.0,-0.15789799999999887,0.0,0.0,0.0,0.0,0.0,1.5125999999999982,-0.06760842430404514,9.467468490452294e-17,0.0010695471064782747,0.7880070257928465,4.608483259285531e-16,-0.02026394938226228,-9.723806006251976e-16,-0.37710430566494996,3.7260072231292725,0.320971,0.23676008902044388,0.9832833338750531
-0.03617253488310971,1.1329617196817661e-16,-0.1896456751505649,-1.0916514480806734e-15,-0.47024921686336113,4.798223008665335e-16,0.7841703715822367,4.691745090565031e-16,-1.7199511398839273,0.18209536275720814,-1.7309703064722067e-15,-1.7677912350679876,0.0,0.0,0.0,-0.19011199999999884,0.0,0.0,0.0,0.0,0.0,1.7087999999999983,-0.05187129632252437,1.0394379752071004e-16,0.0007223719304644272,0.7857057723592292,4.660629356901549e-16,-0.014453568219121804,-1.0391643280226575e-15,-0.4352008061473021,3.89900803565979,0.500589,0.1401714934953338,1.0443730626107415
-0.020504075622856444,1.2270850356122857e-16,-0.22597728859256816,-1.1371806642852908e-15,-0.49139941560889655,5.064062286762151e-16,0.78267555444309,4.720586502486918e-16,-1.9132102043163968,0.16495135867773933,-1.6763199886348967e-15,-1.0668798631290248,0.0,0.0,0.0,-0.22624999999999884,0.0,0.0,0.0,0.0,0.0,1.9049999999999985,-0.03617253488310971,1.1329617196817661e-16,0.00046632484943393004,0.7841703715822367,4.691745090565031e-16,-0.011151139883929018,-1.0916514480806734e-15,-0.47024921686336113,4.054121017456055,0.931692,0.07019711696103303,1.2413528220450272
-0.0048609748351398216,1.321694934984859e-16,-0.26618404097268983,-1.18118144239559e-15,-0.5041642103324618,5.232465077148254e-16,0.7816345243285722,4.740403434770433e-16,-2.10746503369577,0.1103112918368096,-1.8139524571682554e-15,-0.6439155191919517,0.0,0.0,0.0,-0.26631199999999877,0.0,0.0,0.0,0.0,0.0,2.101199999999998,-0.020504075622856444,1.2270850356122857e-16,0.00027271140743068134,0.78267555444309,4.720586502486918e-16,-0.008210204316398295,-1.1371806642852908e-15,-0.49139941560889655,4.212122440338135,1.64246,0.02550858140465181,1.5440859967944935
0.01076462830159614,1.4166392140356174e-16,-0.3102824957718452,-1.2248754989491763e-15,-0.5118684804386435,5.338546282615208e-16,0.780925789345024,4.754024470305399e-16,-2.302380446219769,0.07335649699248606,-1.9438344981538113e-15,-0.38864371984508833,0.0,0.0,0.0,-0.31029799999999874,0.0,0.0,0.0,0.0,0.0,2.2973999999999974,-0.0048609748351398216,1.321694934984859e-16,0.0001279590273089437,0.7816345243285722,4.740403434770433e-16,-0.0062650336957719155,-1.18118144239559e-15,-0.5041642103324618,4.385121822357178,2.69922,0.005586351707588227,1.9535985284391455
0.026376061468087023,1.5118590097857455e-16,-0.35827949800501746,-1.2688482659148166e-15,-0.5165184169687322,5.405135142378077e-16,0.780217527304064,4.767955104707383e-16,-2.497319777097455,0.07230009949200235,-2.053010132640643e-15,-0.2345681460837605,0.0,0.0,0.0,-0.35820799999999875,0.0,0.0,0.0,0.0,0.0,2.4935999999999967,0.01076462830159614,1.4166392140356174e-16,1.5504228153551125e-05,0.780925789345024,4.754024470305399e-16,-0.0049804462197715615,-1.2248754989491763e-15,-0.5118684804386435,4.547121524810791,4.10086,0.010183394075278938,2.4730849249349482
0.0419749884544757,1.6073281426449191e-16,-0.410178344153295,-1.3136894691221384e-15,-0.5193249311325628,5.446845026076961e-16,0.7796751713348035,4.778958181209989e-16,-2.692564837730301,0.05491036314608998,-2.157869033087482e-15,-0.14157609363097137,0.0,0.0,0.0,-0.4100419999999987,0.0,0.0,0.0,0.0,0.0,2.689799999999996,0.026376061468087023,1.5118590097857455e-16,-7.149800501871084e-05,0.780217527304064,4.767955104707383e-16,-0.003719777097458188,-1.2688482659148166e-15,-0.5165184169687322,4.755121231079102,5.84615,0.03917433850439569,3.102908697172623
0.057566438769326746,1.7029504691061626e-16,-0.4659880494531756,-1.3592231107860932e-15,-0.5210188472288221,5.472934186819736e-16,0.7794698601503011,4.783274464914379e-16,-2.888405692257762,0.020684423664165785,-2.2315562740140708e-15,-0.08545054323498437,0.0,0.0,0.0,-0.46579999999999855,0.0,0.0,0.0,0.0,0.0,2.8859999999999952,0.0419749884544757,1.6073281426449191e-16,-0.00013634415329633054,0.7796751713348035,4.778958181209989e-16,-0.002764837730305114,-1.3136894691221384e-15,-0.5193249311325628,4.942121267318726,7.94031,0.09248777410053341,3.845932640950693
0.07315181463444959,1.7987037588482187e-16,-0.5257111564513813,-1.4051925488067895e-15,-0.5220412610915605,5.489232848852261e-16,0.7790677263619831,4.792054509291221e-16,-3.0839050075628203,0.04039401643286294,-2.2779918681061282e-15,-0.051576248806290165,0.0,0.0,0.0,-0.5254819999999985,0.0,0.0,0.0,0.0,0.0,3.0821999999999945,0.057566438769326746,1.7029504691061626e-16,-0.0001880494531770749,0.7794698601503011,4.783274464914379e-16,-0.002405692257766656,-1.3592231107860932e-15,-0.5210188472288221,5.1121227741241455,10.3933,0.17009385609900465,4.705264529500435
0.08873211602609787,1.8945687453894218e-16,-0.5893494259394373,-1.4528149404091393e-15,-0.5226583974249605,5.4994087091195265e-16,0.7789624128028431,4.794444144829089e-16,-3.279921941242775,0.010559855973646995,-2.376727921545748e-15,-0.03113179568022074,0.0,0.0,0.0,-0.5890879999999984,0.0,0.0,0.0,0.0,0.0,3.2783999999999938,0.07315181463444959,1.7987037588482187e-16,-0.00022915645138288365,0.7790677263619831,4.792054509291221e-16,-0.0017050075628257666,-1.4051925488067895e-15,-0.5220412610915605,5.283121585845947,13.236,0.2719599477371928,5.675106781820377
0.10430928735915607,1.99050665261323e-16,-0.6569062596030157,-1.5001211870961062e-15,-0.5230309393849211,5.505757334458447e-16,0.7787547205029736,4.799346577551715e-16,-3.475761425115066,0.02080312294848318,-2.3703986546474922e-15,-0.018793092984971525,0.0,0.0,0.0,-0.6566179999999983,0.0,0.0,0.0,0.0,0.0,3.474599999999993,0.08873211602609787,1.8945687453894218e-16,-0.00026142593943889736,0.7789624128028431,4.794444144829089e-16,-0.0015219412427813772,-1.4528149404091393e-15,-0.5226583974249605,5.458121299743652,16.5115,0.3980730136609875,6.761512362832207
0.11988340643153385,2.0865175054994295e-16,-0.7283817965533884,-1.5479492214870462e-15,-0.5232558247212437,5.5097138363638875e-16,0.7786571867348041,4.801738711068241e-16,-3.671792269922199,0.009762980488437056,-2.4027411308148798e-15,-0.011344469973706786,0.0,0.0,0.0,-0.728071999999998,0.0,0.0,0.0,0.0,0.0,3.6707999999999923,0.10430928735915607,1.99050665261323e-16,-0.0002882596030174822,0.7787547205029736,4.799346577551715e-16,-0.0011614251150731114,-1.5001211870961062e-15,-0.5230309393849211,5.6281208992004395,20.2704,0.5484257462909191,7.959151420747445
0.1354553209062936,2.1825835861111803e-16,-0.8037775111238616,-1.5959714166885963e-15,-0.5233915804549388,5.512177606451937e-16,0.778534260741175,4.804869350106826e-16,-3.8677791871251186,0.012299906333089692,-2.416295873958812e-15,-0.006848275994577132,0.0,0.0,0.0,-0.803449999999998,0.0,0.0,0.0,0.0,0.0,3.8669999999999916,0.11988340643153385,2.0865175054994295e-16,-0.0003097965533903624,0.7786571867348041,4.801738711068241e-16,-0.000992269922206912,-1.5479492214870462e-15,-0.5232558247212437,5.8191211223602295,24.4763,0.7230069779557214,9.270915555766651
0.15102479455087858,2.278712981236737e-16,-0.8830929953606674,-1.6442105933704696e-15,-0.5234735370280623,5.513710637323299e-16,0.7784131037173202,4.808070162448814e-16,-4.063769236555471,0.012120052199220565,-2.4295873710184472e-15,-0.004134346430815109,0.0,0.0,0.0,-0.8827519999999978,0.0,0.0,0.0,0.0,0.0,4.063199999999991,0.1354553209062936,2.1825835861111803e-16,-0.0003275111238636441,0.778534260741175,4.804869350106826e-16,-0.0007791871251270344,-1.5959714166885963e-15,-0.5233915804549388,5.990120887756348,29.1218,0.9218129180062623,10.69456710437808
0.16659206262733348,2.3749015977984343e-16,-0.9663286579388706,-1.6925900960723711e-15,-0.5235230194403767,5.514663862066846e-16,0.7783137039281703,4.810791493720956e-16,-4.259797021264847,0.009942135636720393,-2.4381279377039142e-15,-0.002496168727433791,0.0,0.0,0.0,-0.9659779999999976,0.0,0.0,0.0,0.0,0.0,4.259399999999992,0.15102479455087858,2.278712981236737e-16,-0.0003409953606696714,0.7784131037173202,4.808070162448814e-16,-0.0005692365554796908,-1.6442105933704696e-15,-0.5234735370280623,6.164121150970459,34.2079,1.1448300540272025,12.230307423054033
0.18215751967809873,2.4711405835320094e-16,-1.053485182982898,-1.7410531917787352e-15,-0.523552899262464,5.51525618330831e-16,0.7782320011483553,4.813107079636516e-16,-4.455855483137883,0.008171350196532163,-2.443254873688211e-15,-0.0015073047978021294,0.0,0.0,0.0,-1.0531279999999974,0.0,0.0,0.0,0.0,0.0,4.455599999999993,0.16659206262733348,2.3749015977984343e-16,-0.00035065793887301133,0.7783137039281703,4.810791493720956e-16,-0.00039702126485430256,-1.6925900960723711e-15,-0.5235230194403767,6.33612060546875,39.7359,1.3920511927486021,13.878416962354747
0.19772145922616202,2.5674232550458505e-16,-1.1445630792589814,-1.789464380919863e-15,-0.5235709457334283,5.515624024869417e-16,0.7781619536579748,4.815160071747573e-16,-4.65193414447049,0.007005305688026132,-2.4412025196175976e-15,-0.0009103645995727463,0.0,0.0,0.0,-1.1442019999999973,0.0,0.0,0.0,0.0,0.0,4.651799999999994,0.18215751967809873,2.4711405835320094e-16,-0.00035718298290055017,0.7782320011483553,4.813107079636516e-16,-0.0002554831378898115,-1.7410531917787352e-15,-0.523552899262464,6.506120204925537,45.7052,1.6634732664555913,15.638806634619456
0.21328418077470912,2.663742124739672e-16,-1.239562865711855,-1.8379019834236486e-15,-0.523581848419503,5.515852352616044e-16,0.7781102011967375,4.816726897634558e-16,-4.8480445008168775,0.005175495598801958,-2.4428868128037792e-15,-0.0005499922650980734,0.0,0.0,0.0,-1.2391999999999972,0.0,0.0,0.0,0.0,0.0,4.847999999999995,0.19772145922616202,2.5674232550458505e-16,-0.0003610792589840983,0.7781619536579748,4.815160071747573e-16,-0.00013414447049520106,-1.789464380919863e-15,-0.5235709457334283,6.684119939804077,52.1161,1.959093617278488,17.511343848297336
0.22884570717842515,2.760097833760461e-16,-1.3384845820096634,-1.8863339126266675e-15,-0.5235884380446957,5.515994040870364e-16,0.7780424391748643,4.81884400444439e-16,-5.0441271289639555,0.00677640086376856,-2.4428191349871714e-15,-0.00033241743007401633,0.0,0.0,0.0,-1.3381219999999971,0.0,0.0,0.0,0.0,0.0,5.0441999999999965,0.21328418077470912,2.663742124739672e-16,-0.0003628657118577294,0.7781102011967375,4.816726897634558e-16,-4.4500816882120375e-05,-1.8379019834236486e-15,-0.523581848419503,6.867121696472168,58.9691,2.2789116622241425,19.49620595184494
0.24440603330190666,2.8564915494391324e-16,-1.4413282192936276,-1.934618467768128e-15,-0.5235924244697037,5.5160819820940105e-16,0.7779901731732869,4.820527563422755e-16,-5.240236599432466,0.005226693742840146,-2.435520325525151e-15,-0.00020109750064901542,0.0,0.0,0.0,-1.4409679999999971,0.0,0.0,0.0,0.0,0.0,5.2403999999999975,0.22884570717842515,2.760097833760461e-16,-0.00036258200966621246,0.7780424391748643,4.81884400444439e-16,7.287103604092238e-05,-1.8863339126266675e-15,-0.5235884380446957,7.057119846343994,66.2616,2.6229219461393534,21.592520983791594
0.2599652545821483,2.9529214156333345e-16,-1.5480939428965634,-1.981175871560058e-15,-0.523594849036468,5.516136796171062e-16,0.7779319548508777,4.822459055997436e-16,-5.4363357608610965,0.005821896284664545,-2.3484767369826714e-15,-0.0001223086638804742,0.0,0.0,0.0,-1.547737999999997,0.0,0.0,0.0,0.0,0.0,5.4365999999999985,0.24440603330190666,2.8564915494391324e-16,-0.00036021929363050376,0.7779901731732869,4.820527563422755e-16,0.00016340056753172405,-1.934618467768128e-15,-0.5235924244697037,7.24612021446228,74.0969,2.991119049386409,23.801044271339222
0.27552339177354185,3.0493877155746993e-16,-1.6587817887798608,-2.0286388119497482e-15,-0.5235963159605985,5.516170756393534e-16,0.7778817642884751,4.824170938139032e-16,-5.632448827468645,0.005019090375147915,-2.3942096495729253e-15,-7.399983085288387e-05,0.0,0.0,0.0,-1.6584319999999968,0.0,0.0,0.0,0.0,0.0,5.6328,0.2599652545821483,2.9529214156333345e-16,-0.0003559428965664857,0.7779319548508777,4.822459055997436e-16,0.00026423913890205597,-1.981175871560058e-15,-0.523594849036468,7.434132099151611,82.4685,3.383499675674402,26.12119847545901
0.29108013774936586,3.1459023106791084e-16,-1.7733912249904749,-2.076501162574516e-15,-0.5235972067926518,5.51619187001216e-16,0.7777928332939236,4.827288572301895e-16,-5.828494793592759,0.008893137341877733,-2.4143905308621876e-15,-4.4938534905956784e-05,0.0,0.0,0.0,-1.773049999999997,0.0,0.0,0.0,0.0,0.0,5.829000000000001,0.27552339177354185,3.0493877155746993e-16,-0.00034978877986402424,0.7778817642884751,4.824170938139032e-16,0.0003511725313547487,-2.0286388119497482e-15,-0.5235963159605985,7.624120235443115,91.3084,3.800059394197424,28.553351478272106
0.3066356373971297,3.242460939755617e-16,-1.8919225024865758,-2.1246984975846715e-15,-0.5235977493213088,5.516205029380758e-16,0.7777571314824555,4.828574335348985e-16,-6.024632956017337,0.0035701908478987655,-2.431309073432818e-15,-2.7368169902889947e-05,0.0,0.0,0.0,-1.8915919999999968,0.0,0.0,0.0,0.0,0.0,6.025200000000002,0.29108013774936586,3.1459023106791084e-16,-0.00034122499047795074,0.7777928332939236,4.827288572301895e-16,0.0005052064072419427,-2.076501162574516e-15,-0.5235972067926518,7.812119960784912,100.61,4.240783737616294,31.095992464257403
0.3221904277826793,3.3390454516887094e-16,-2.0143765515007996,-2.1729192868877236e-15,-0.5235980811304551,5.516213262327355e-16,0.7777219070725071,4.829876857960293e-16,-6.220771945405039,0.003522447256217861,-2.4325046644836597e-15,-1.673830308902657e-05,0.0,0.0,0.0,-2.014057999999997,0.0,0.0,0.0,0.0,0.0,6.221400000000003,0.3066356373971297,3.242460939755617e-16,-0.0003305024865789541,0.7777571314824555,4.828574335348985e-16,0.0005670439826648277,-2.1246984975846715e-15,-0.5235977493213088,8.00412130355835,110.385,4.705671479296863,33.751957585728384
0.3377444968142946,3.4356569936962274e-16,-2.1407533510908876,-2.2211567501909597e-15,-0.5235982853272036,5.516218442635741e-16,0.7776849960890188,4.831277342791531e-16,-6.416908013603747,0.003691102788685305,-2.433353493592909e-15,-1.0300822322195668e-05,0.0,0.0,0.0,-2.140447999999997,0.0,0.0,0.0,0.0,0.0,6.417600000000004,0.3221904277826793,3.3390454516887094e-16,-0.0003185515008028439,0.7777219070725071,4.829876857960293e-16,0.000628054594963956,-2.1729192868877236e-15,-0.5235980811304551,8.185120105743408,120.628,5.194733701853185,36.5197366738006
0.35329778556526215,3.532298537956075e-16,-2.2710527991934177,-2.269417455059433e-15,-0.5235984121314368,5.516221730204883e-16,0.7776438790077372,4.832877083193252e-16,-6.613036796649274,0.004111711619710478,-2.4345307017175727e-15,-6.396712428106843e-06,0.0,0.0,0.0,-2.270761999999997,0.0,0.0,0.0,0.0,0.0,6.613800000000005,0.3377444968142946,3.4356569936962274e-16,-0.0003053510908905821,0.7776849960890188,4.831277342791531e-16,0.000691986396256894,-2.2211567501909597e-15,-0.5235982853272036,8.374120473861694,131.338,5.707966674816519,39.39923656511502
0.36885030089629073,3.62897052327359e-16,-2.4052749076919855,-2.317710023617874e-15,-0.5235984919034161,5.516223842869061e-16,0.7776076540951192,4.834321448558251e-16,-6.809174053207455,0.0036224935423269495,-2.4361410473056318e-15,-4.024143334658229e-06,0.0,0.0,0.0,-2.404999999999997,0.0,0.0,0.0,0.0,0.0,6.810000000000006,0.35329778556526215,3.532298537956075e-16,-0.00029079919342089866,0.7776438790077372,4.832877083193252e-16,0.0007632033507309899,-2.269417455059433e-15,-0.5235984121314368,8.56312108039856,142.515,6.245364928446801,42.390330805359646
0.3844021123303561,3.7256709044589223e-16,-2.5434197970043346,-2.3651889751759198e-15,-0.5235985444343789,5.516225263134314e-16,0.7775734893114131,4.835716669974978e-16,-7.005314878027475,0.003416480049390103,-2.3950994165338224e-15,-2.64995463165807e-06,0.0,0.0,0.0,-2.5431619999999975,0.0,0.0,0.0,0.0,0.0,7.006200000000007,0.36885030089629073,3.62897052327359e-16,-0.0002749076919883464,0.7776076540951192,4.834321448558251e-16,0.0008259467925508801,-2.317710023617874e-15,-0.5235984919034161,8.756119012832642,154.175,6.806925156745433,45.4933307193739
0.3999531016418328,3.822405315732264e-16,-2.685487262357758,-2.411404325622773e-15,-0.5235985813386429,5.516226280867959e-16,0.7775254418362564,4.837724457359208e-16,-7.201431657314901,0.004804749439417355,-2.331357347548714e-15,-1.8616567949524334e-06,0.0,0.0,0.0,-2.6852479999999974,0.0,0.0,0.0,0.0,0.0,7.202400000000008,0.3844021123303561,3.7256709044589223e-16,-0.0002577970043371458,0.7775734893114131,4.835716669974978e-16,0.0008851219725318771,-2.3651889751759198e-15,-0.5235985444343789,8.95512080192566,166.425,7.392646416461842,48.70814232472653
0.4155031939062221,3.919177597465593e-16,-2.8314771739792817,-2.458010925958922e-15,-0.5235986070018193,5.5162270023517e-16,0.7774837846026724,4.83950371597367e-16,-7.397559504837462,0.004165724760048352,-2.351094920301018e-15,-1.294593676156785e-06,0.0,0.0,0.0,-2.8312579999999974,0.0,0.0,0.0,0.0,0.0,7.398600000000009,0.3999531016418328,3.822405315732264e-16,-0.00023926235776050575,0.7775254418362564,4.837724457359208e-16,0.0009683426851072596,-2.411404325622773e-15,-0.5235985813386429,9.141120195388794,179.264,8.002520557770387,52.03408872285936
0.4310524572254277,4.0159856693880585e-16,-2.981389649825029,-2.5055096722491624e-15,-0.5235986247547467,5.516227511095513e-16,0.7774425473178904,4.841303476272856e-16,-7.593688079737243,0.0041237296823921936,-2.3961002722858503e-15,-8.9555662991848e-07,0.0,0.0,0.0,-2.981191999999998,0.0,0.0,0.0,0.0,0.0,7.59480000000001,0.4155031939062221,3.919177597465593e-16,-0.00021917397928428173,0.7774837846026724,4.83950371597367e-16,0.001040495162547117,-2.458010925958922e-15,-0.5235986070018193,9.331119298934937,192.609,8.636540805773834,55.47192612923419
0.44660095875640016,4.112827320735882e-16,-3.135224806214363,-2.5534310956104537e-15,-0.5235986375552982,5.516227884971531e-16,0.7774076057793554,4.84286165850942e-16,-7.789827559196121,0.0034941547664015943,-2.41742280023344e-15,-6.457311666604447e-07,0.0,0.0,0.0,-3.135049999999998,0.0,0.0,0.0,0.0,0.0,7.791000000000011,0.4310524572254277,4.0159856693880585e-16,-0.00019764982503112094,0.7774425473178904,4.841303476272856e-16,0.0011119202627671854,-2.5055096722491624e-15,-0.5235986247547467,9.518120288848877,206.446,9.294705871734143,59.021419283103974
0.46214893355546405,4.2096926311003684e-16,-3.29298305027696,-2.601482551015059e-15,-0.5235986472092695,5.516228172292115e-16,0.7773898741270343,4.843669377939215e-16,-7.985996847063609,0.0017731656560672853,-2.42398255970844e-15,-4.870001471050486e-07,0.0,0.0,0.0,-3.292831999999998,0.0,0.0,0.0,0.0,0.0,7.987200000000012,0.44660095875640016,4.112827320735882e-16,-0.00017480621436494204,0.7774076057793554,4.84286165850942e-16,0.0011724408038897849,-2.5534310956104537e-15,-0.5235986375552982,9.708120107650757,220.778,9.977014945006433,62.68282818928307
0.47769640631566845,4.3065811226102467e-16,-3.4546644247824805,-2.6496082644741074e-15,-0.5235986548242435,5.516228403156692e-16,0.7773574018934034,4.845179773048616e-16,-8.182140603488447,0.003247224085190798,-2.4277286923406966e-15,-3.8414174574052313e-07,0.0,0.0,0.0,-3.454537999999998,0.0,0.0,0.0,0.0,0.0,8.18340000000001,0.46214893355546405,4.2096926311003684e-16,-0.0001510502769619393,0.7773898741270343,4.843669377939215e-16,0.0012031529364033844,-2.601482551015059e-15,-0.5235986472092695,9.915118217468262,235.608,10.683475445440836,66.45671644635854
0.4932433757541338,4.403493197247172e-16,-3.6202689275089233,-2.697754917725829e-15,-0.52359866108217,5.516228596357741e-16,0.77733954195313,4.846027690643817e-16,-8.378309669155845,0.0017859944009544944,-2.4287851072147328e-15,-3.15684702256662e-07,0.0,0.0,0.0,-3.6201679999999983,0.0,0.0,0.0,0.0,0.0,8.379600000000007,0.47769640631566845,4.3065811226102467e-16,-0.00012642478248237055,0.7773574018934034,4.845179773048616e-16,0.0012593965115623718,-2.6496082644741074e-15,-0.5235986548242435,10.122118473052979,250.928,11.414085839439837,70.34164801607369
0.5087899993128187,4.500421853934268e-16,-3.7897968311538497,-2.7456337957911093e-15,-0.5235986666091325,5.516228770055899e-16,0.7773228139153551,4.846837978065923e-16,-8.574480695336844,0.00167280410927842,-2.4152770832284186e-15,-2.788108062426637e-07,0.0,0.0,0.0,-3.7897219999999985,0.0,0.0,0.0,0.0,0.0,8.575800000000005,0.4932433757541338,4.403493197247172e-16,-0.00010092750892498614,0.77733954195313,4.846027690643817e-16,0.0012903308441618577,-2.697754917725829e-15,-0.52359866108217,10.318120002746582,266.746,12.168843966915542,74.33896872467325
0.524336232903755,4.597369613462841e-16,-3.9632480593546493,-2.792032676497803e-15,-0.5235986724562455,5.516228956998224e-16,0.7773005451782692,4.84793797479123e-16,-8.770642124743082,0.002226874128970683,-2.3406177324728306e-15,-2.9496098663319177e-07,0.0,0.0,0.0,-3.9631999999999987,0.0,0.0,0.0,0.0,0.0,8.772000000000002,0.5087899993128187,4.500421853934268e-16,-7.483115385120698e-05,0.7773228139153551,4.846837978065923e-16,0.0013193046631609917,-2.7456337957911093e-15,-0.5235986666091325,10.517122268676758,283.134,12.94775539280783,78.4480997788954
0.5398819244638741,4.694344443737028e-16,-4.1406223487303055,-2.8378257722630883e-15,-0.5235986782243414,5.516229144484416e-16,0.7772686108336379,4.84954505262748e-16,-8.966786812822496,0.003193435033615218,-2.3100585615700038e-15,-2.9097489396122006e-07,0.0,0.0,0.0,-4.140601999999999,0.0,0.0,0.0,0.0,0.0,8.9682,0.524336232903755,4.597369613462841e-16,-4.805935465057587e-05,0.7773005451782692,4.84793797479123e-16,0.0013578752569198826,-2.792032676497803e-15,-0.5235986724562455,10.709120273590088,300.131,13.750816145124922,82.66868705465215
0.5554270892045801,4.791345975919501e-16,-4.321919725627759,-2.8837744966410724e-15,-0.5235986835353336,5.516229319925993e-16,0.7772478632369612,4.850608165619855e-16,-9.162950876922833,0.0020747600176046124,-2.3179093667615863e-15,-2.679160465884758e-07,0.0,0.0,0.0,-4.321927999999998,0.0,0.0,0.0,0.0,0.0,9.164399999999997,0.5398819244638741,4.694344443737028e-16,-2.034873030698492e-05,0.7772686108336379,4.84954505262748e-16,0.0014131871775031613,-2.8378257722630883e-15,-0.5235986782243414,10.900124549865723,317.73,14.578016161328286,87.00044272520434
0.5709717690449926,4.888372609482206e-16,-4.507140262653086,-2.9309664949371962e-15,-0.5235986879331495,5.516229467566925e-16,0.7772201208042905,4.852055190650711e-16,-9.359102825609709,0.002774243709457034,-2.3806271042276972e-15,-2.218503536002288e-07,0.0,0.0,0.0,-4.507177999999999,0.0,0.0,0.0,0.0,0.0,9.360599999999994,0.5554270892045801,4.791345975919501e-16,8.274372238936678e-06,0.7772478632369612,4.850608165619855e-16,0.0014491230771636054,-2.8837744966410724e-15,-0.5235986835353336,11.10111927986145,335.877,15.429353937996423,91.44443527033575
0.5865159766007148,4.985424060986414e-16,-4.696283981657161,-2.978700830337984e-15,-0.5235986917054741,5.516229596276675e-16,0.7772006347679291,4.85308995977006e-16,-9.555269074797861,0.0019486039320191885,-2.4079856589186775e-15,-1.902970862486916e-07,0.0,0.0,0.0,-4.696351999999998,0.0,0.0,0.0,0.0,0.0,9.556799999999992,0.5709717690449926,4.888372609482206e-16,3.773734691314701e-05,0.7772201208042905,4.852055190650711e-16,0.0014971743902858492,-2.9309664949371962e-15,-0.5235986879331495,11.292118072509766,354.541,16.304829270140907,95.99971497010624
0.6020598896299715,5.082491247911584e-16,-4.889351190526333,-3.0266793047133578e-15,-0.5235986950332363,5.516229711657093e-16,0.7771906681577431,4.853628732746988e-16,-9.751451812119297,0.0009966611634244947,-2.4203014234254234e-15,-1.6787086508603371e-07,0.0,0.0,0.0,-4.889449999999998,0.0,0.0,0.0,0.0,0.0,9.75299999999999,0.5865159766007148,4.985424060986414e-16,6.801834283720609e-05,0.7772006347679291,4.85308995977006e-16,0.0015309252021307174,-2.978700830337984e-15,-0.5235986917054741,11.492119073867798,373.726,17.20444076601778,100.66710197255367
0.6176036058460703,5.17956916734155e-16,-5.086342058505051,-3.0747288456972497e-15,-0.523598698031551,5.516229817277209e-16,0.7771809534521347,4.854163210249664e-16,-9.94763498575247,0.000971470696411699,-2.4238864439543044e-15,-1.512516987298491e-07,0.0,0.0,0.0,-5.086471999999998,0.0,0.0,0.0,0.0,0.0,9.949199999999987,0.6020598896299715,5.082491247911584e-16,9.880947366536219e-05,0.7771906681577431,4.853628732746988e-16,0.001548187880691998,-3.0266793047133578e-15,-0.5235986950332363,11.682117462158203,393.434,18.128196940325143,105.44674598785001
0.6331471298419413,5.2766577535863335e-16,-5.2872565935485065,-3.122809236983862e-15,-0.5235987007753061,5.51622991545289e-16,0.7771714461349647,4.854695414228704e-16,-10.143818518593141,0.0009507318447187973,-2.4254427239825474e-15,-1.3841030573308883e-07,0.0,0.0,0.0,-5.287417999999998,0.0,0.0,0.0,0.0,0.0,10.145399999999984,0.6176036058460703,5.17956916734155e-16,0.00012994149494716112,0.7771809534521347,4.854163210249664e-16,0.0015650142475163165,-3.0747288456972497e-15,-0.523598698031551,11.884119510650635,413.662,19.07610238379625,110.33816582628342
0.6486903492278694,5.373763592886893e-16,-5.492094600991973,-3.1695516652016487e-15,-0.5235987037318411,5.51623002286073e-16,0.7771504924578402,4.855888515827183e-16,-10.339982225753486,0.002095367984015988,-2.3579483847244736e-15,-1.491440911342758e-07,0.0,0.0,0.0,-5.492287999999998,0.0,0.0,0.0,0.0,0.0,10.341599999999982,0.6331471298419413,5.2766577535863335e-16,0.0001614064514914304,0.7771714461349647,4.854695414228704e-16,0.0015814814068431104,-3.122809236983862e-15,-0.5235987007753061,12.091118812561035,434.445,20.04815647393794,115.3413570609858
0.6642331633860359,5.470892688782547e-16,-5.70085590656025,-3.2155322481270328e-15,-0.5235987067669293,5.516230134747128e-16,0.7771309233588118,4.857021073738256e-16,-10.536148331074086,0.001956910146428381,-2.3195166497991336e-15,-1.5310678278950784e-07,0.0,0.0,0.0,-5.701081999999997,0.0,0.0,0.0,0.0,0.0,10.53779999999998,0.6486903492278694,5.373763592886893e-16,0.00019339900802428645,0.7771504924578402,4.855888515827183e-16,0.0016177742464957845,-3.1695516652016487e-15,-0.5235987037318411,12.299118041992188,455.833,21.044350936680676,120.45556569648515
0.6797756401620415,5.568041440907861e-16,-5.913540627765387,-3.2611700336468267e-15,-0.5235987097514577,5.516230246348354e-16,0.7771167542417509,4.857854138793111e-16,-10.732323789439539,0.0014169118750098795,-2.3022240383780813e-15,-1.5055624440628785e-07,0.0,0.0,0.0,-5.913799999999997,0.0,0.0,0.0,0.0,0.0,10.733999999999977,0.6642331633860359,5.470892688782547e-16,0.00022609343974711038,0.7771309233588118,4.857021073738256e-16,0.0016516689258931905,-3.2155322481270328e-15,-0.5235987067669293,12.499130964279175,477.829,22.0646777780359,125.68150835700871
0.6953178447085144,5.665206317760923e-16,-6.130148877455067,-3.3066417046099502e-15,-0.5235987126186592,5.516230355070567e-16,0.7771037004055473,4.858633546513154e-16,-10.928501179528565,0.0013053837692529758,-2.293844301357717e-15,-1.4463762449718874e-07,0.0,0.0,0.0,-6.130441999999996,0.0,0.0,0.0,0.0,0.0,10.930199999999974,0.6797756401620415,5.568041440907861e-16,0.00025937223461003356,0.7771167542417509,4.857854138793111e-16,0.0016762105604382072,-3.2611700336468267e-15,-0.5235987097514577,12.70013976097107,500.437,23.109139756776777,131.0194614797704
0.7108597355757544,5.762390090070108e-16,-6.350680583836299,-3.353021081978237e-15,-0.5235987151862274,5.516230453792476e-16,0.7770853863184529,4.859743684405473e-16,-11.124669458594608,0.0018314089092064407,-2.33963409787426e-15,-1.2952244288575448e-07,0.0,0.0,0.0,-6.351007999999996,0.0,0.0,0.0,0.0,0.0,11.126399999999972,0.6953178447085144,5.665206317760923e-16,0.00029312254492896983,0.7771037004055473,4.858633546513154e-16,0.0016988204714092348,-3.3066417046099502e-15,-0.5235987126186592,12.902132272720337,523.644,24.177739799518196,136.46918297649242
0.7264012847534449,5.859594721509517e-16,-6.575135698393787,-3.4004914443775602e-15,-0.5235987174233544,5.516230541021238e-16,0.7770695314505952,4.860719459535392e-16,-11.320841997154103,0.00158548695168025,-2.394669493773573e-15,-1.1285314832930503e-07,0.0,0.0,0.0,-6.575497999999995,0.0,0.0,0.0,0.0,0.0,11.32259999999997,0.7108597355757544,5.762390090070108e-16,0.00032741616369680315,0.7770853863184529,4.859743684405473e-16,0.0017305414053634394,-3.353021081978237e-15,-0.5235987151862274,13.111131191253662,547.4,25.270473646000415,142.03023298106308
0.7419426162291134,5.956812807405918e-16,-6.803514435880259,-3.448392964894694e-15,-0.5235987194261086,5.51623062021425e-16,0.7770636161162493,4.861089130104637e-16,-11.517031751493098,0.0005915334942095539,-2.4164195330936746e-15,-1.0103009432037521e-07,0.0,0.0,0.0,-6.803911999999994,0.0,0.0,0.0,0.0,0.0,11.518799999999967,0.7264012847534449,5.859594721509517e-16,0.0003623016062084261,0.7770695314505952,4.860719459535392e-16,0.0017580028458663577,-3.4004914443775602e-15,-0.5235987174233544,13.308130741119385,571.701,26.387337866691265,147.70309659890896
0.7574838312104775,6.054038228385761e-16,-7.03581697159265,-3.4964757034616324e-15,-0.5235987212552334,5.516230693555227e-16,0.77705788202015,4.86145296787961e-16,-11.71322181974603,0.0005734096657230687,-2.4255611965276746e-15,-9.227124019056072e-08,0.0,0.0,0.0,-7.036249999999994,0.0,0.0,0.0,0.0,0.0,11.714999999999964,0.7419426162291134,5.956812807405918e-16,0.00039756411973534966,0.7770636161162493,4.861089130104637e-16,0.0017682485068686304,-3.448392964894694e-15,-0.5235987194261086,13.512131452560425,596.553,27.528340124916834,153.48833886653293
0.773024955277408,6.15126945032117e-16,-7.272043349836602,-3.5445639730391235e-15,-0.5235987229578177,5.51623076276776e-16,0.7770545246729027,4.861669225661349e-16,-11.909416004649286,0.0003357347563481037,-2.425840221946878e-15,-8.588782851215206e-08,0.0,0.0,0.0,-7.272511999999993,0.0,0.0,0.0,0.0,0.0,11.911199999999962,0.7574838312104775,6.054038228385761e-16,0.0004330284073432722,0.77705788202015,4.86145296787961e-16,0.0017781802539342806,-3.4964757034616324e-15,-0.5235987212552334,13.71813178062439,621.951,28.69348699167577,159.38534648243598
